Area,Direccion,CodigoPostal,Fecha,Precio,Habitaciones,Distacia,Banos,Carros,Terreno,Construccion,AnoConstriccion
Yarra,25 Bloomburg St,3067,11/1/2024,1035000,2,2.5,1,0,156,79,
Yarra,5 Charles St,3067,10/1/2024,1465000,3,2.5,2,0,134,150,
Yarra,55a Park St,3067,12/1/2024,1600000,4,2.5,1,2,120,142,2014
Yarra,124 Yarra St,3067,,1876000,3,2.5,2,0,245,210,
Yarra,98 Charles St,3067,12/1/2024,1636000,2,2.5,1,2,256,107,
Yarra,10 Valiant St,3067,11/1/2024,1097000,2,2.5,1,2,220,75,
Yarra,40 Nicholson St,3067,12/1/2024,1350000,3,2.5,2,2,214,190,2005
Yarra,123/56 Nicholson St,3067,12/1/2024,,2,2.5,2,1,0,94,2009
Yarra,16 William St,3067,10/1/2024,1310000,2,2.5,1,2,238,97,
Yarra,42 Henry St,3067,10/1/2024,1200000,3,2.5,2,1,113,110,
Yarra,78 Yarra St,3067,12/1/2024,1176500,3,2.5,1,1,138,105,
Yarra,42 Valiant St,3067,11/1/2024,890000,2,2.5,1,1,150,73,1985
Yarra,3/72 Charles St,3067,12/1/2024,1330000,4,2.5,2,2,780,135,
Yarra,138/56 Nicholson St,3067,12/1/2024,,3,2.5,2,2,4290,27,
Yarra,6/219 Nicholson St,3067,12/1/2024,500000,2,2.5,1,1,0,60,1970
Yarra,52a William St,3067,10/1/2024,,2,2.5,2,1,124,135,2013
Yarra,49 Park St,3067,10/1/2024,1315000,2,2.5,1,0,147,85,
Yarra,48 Abbotsford St,3067,,1447500,3,2.5,3,1,166,174,2012
Yarra,116/56 Nicholson St,3067,12/1/2024,457000,1,2.5,1,1,0,50,
Yarra,159 Park St,3067,,1135000,2,2.5,2,2,98,128,
Yarra,166 Gipps St,3067,10/1/2024,1290000,3,2.5,2,2,147,18,
Yarra,60 Stafford St,3067,11/1/2024,1290000,3,2.5,1,1,168,124,1950
Yarra,11/205 Gipps St,3067,12/1/2024,470000,1,2.5,1,1,0,50,2013
Yarra,47 Studley St,3067,10/1/2024,1180000,2,2.5,1,0,162,91,
Yarra,45 Yarra St,3067,,1195000,3,2.5,2,1,120,128,1998
Yarra,200 Nicholson St,3067,,1012500,2,2.5,1,0,182,82,
Yarra,27 Charles St,3067,10/1/2024,,2,2.5,1,1,172,81,
Moonee Valley,154 Halsey Rd,3042,10/1/2024,840000,3,13.5,2,1,303,225,2016
Moonee Valley,50 Bedford St,3042,12/1/2024,730000,3,13.5,2,1,0,145,1965
Moonee Valley,50 Bedford St,3042,11/1/2024,770000,3,13.5,2,1,0,145,1965
Moonee Valley,23 Hart St,3042,12/1/2024,,2,13.5,1,1,272,84,1950
Moonee Valley,1/80 Hawker St,3042,10/1/2024,700000,3,13.5,2,2,239,134,2009
Moonee Valley,1/37 Hillside Gr,3042,11/1/2024,600000,3,13.5,1,1,290,116,1980
Moonee Valley,2/49 McIntosh St,3042,10/1/2024,500000,2,13.5,1,1,168,86,2011
Moonee Valley,36 Roberts Rd,3042,,785000,4,13.5,1,2,597,127,
Moonee Valley,11 Harrington Rd,3042,10/1/2024,725000,6,13.5,3,2,976,186,1980
Moonee Valley,2/252 Parer Rd,3042,11/1/2024,450000,2,13.5,1,1,110,90,2015
Moonee Valley,3/19 Hart St,3042,10/1/2024,515000,2,13.5,1,1,141,73,2013
Moonee Valley,2/62 Clydesdale Rd,3042,11/1/2024,,2,13.5,1,1,120,94,2012
Moonee Valley,3 Deidre Ct,3042,10/1/2024,895000,3,13.5,1,6,1063,133,1975
Moonee Valley,13 Etzel St,3042,12/1/2024,805000,3,13.5,1,1,0,105,1950
Moonee Valley,1/43 Cameron St,3042,,752000,3,13.5,1,1,265,130,1993
Moonee Valley,2/40 Earl St,3042,10/1/2024,700000,3,13.5,2,2,165,133,2009
Moonee Valley,180 Parer Rd,3042,10/1/2024,830000,3,13.5,1,2,971,113,1960
Moonee Valley,174 Parer Rd,3042,10/1/2024,675000,2,13.5,1,1,612,100,1975
Moonee Valley,138 Victory Rd,3042,12/1/2024,1042000,3,13.5,2,5,612,174,1950
Moonee Valley,6 Kittyhawk St,3042,12/1/2024,773000,4,13.5,3,4,531,309,1980
Moonee Valley,478 Fullarton Rd,3042,11/1/2024,810000,3,13.5,3,2,555,192,1980
Moonee Valley,144 Marshall Rd,3042,10/1/2024,715000,3,13.5,2,2,422,126,1995
Moonee Valley,3/7 South Rd,3042,11/1/2024,540000,3,13.5,2,1,161,101,2010
Moonee Valley,37 North St,3042,11/1/2024,825000,3,13.5,2,1,293,102,1960
Moonee Valley,10 Hilbert Rd,3042,10/1/2024,685000,3,13.5,1,1,579,113,1975
Moonee Valley,2/13 North St,3042,11/1/2024,510000,2,13.5,1,1,141,76,
Moonee Valley,85 Roberts Rd,3042,,900000,4,13.5,2,3,628,146,1975
Port Phillip,105 Kerferd Rd,3206,10/1/2024,1275000,2,3.3,1,0,120,82,
Port Phillip,112 Beaconsfield Pde,3206,10/1/2024,,3,3.3,2,0,211,198,
Port Phillip,94 Graham St,3206,11/1/2024,1850000,3,3.3,2,0,128,133,
Port Phillip,396 Montague St,3206,10/1/2024,1436000,2,3.3,1,0,130,81,
Port Phillip,104 Richardson St,3206,11/1/2024,2300000,4,3.3,2,1,153,180,
Port Phillip,1 Moubray St,3206,12/1/2024,,3,3.3,2,1,132,159,1996
Port Phillip,29 Faussett St,3206,12/1/2024,2120000,2,3.3,1,1,199,107,
Port Phillip,24 Kerferd Pl,3206,11/1/2024,1800000,3,3.3,2,1,90,122,
Port Phillip,2 Dundas Pl,3206,10/1/2024,2615000,3,3.3,2,1,177,181,
Port Phillip,4a Gatehouse La,3206,12/1/2024,1370000,3,3.3,2,2,0,85,2000
Port Phillip,65 Graham St,3206,,1322500,2,3.3,1,0,149,98,
Port Phillip,364 Montague St,3206,10/1/2024,1562500,2,3.3,1,0,141,83,
Port Phillip,86 Mills St,3206,10/1/2024,2000000,3,3.3,2,1,211,147,
Port Phillip,97 Page St,3206,10/1/2024,3010000,3,3.3,2,0,147,146,
Port Phillip,55 Withers St,3206,12/1/2024,2800000,4,3.3,3,1,327,254,
Port Phillip,55 Merton St,3206,12/1/2024,2100000,3,3.3,1,1,120,123,
Port Phillip,49 Page St,3206,12/1/2024,2000000,3,3.3,1,1,238,131,
Port Phillip,13/52 Moubray St,3206,12/1/2024,442500,1,3.3,1,0,0,34,1970
Port Phillip,115 Page St,3206,11/1/2024,4735000,4,3.3,2,1,330,207,
Port Phillip,27 Barrett St,3206,12/1/2024,2140000,4,3.3,2,1,183,145,
Port Phillip,6 Brooke St,3206,10/1/2024,980000,2,3.3,1,0,79,68,
Port Phillip,17 Reed St,3206,11/1/2024,1740000,3,3.3,2,2,147,134,
Port Phillip,9 Durham St,3206,10/1/2024,985000,1,3.3,1,0,81,54,
Darebin,6 Smith St,3078,11/1/2024,2000000,4,6.4,2,4,853,263,
Darebin,44 Shiers St,3078,10/1/2024,1717500,4,6.4,2,1,599,203,
Darebin,83 Fulham Rd,3078,11/1/2024,2840000,5,6.4,4,4,809,165,
Darebin,3/19 Harker St,3078,11/1/2024,525500,2,6.4,1,1,88,60,1960
Darebin,4/2 Miller St,3078,12/1/2024,805000,2,6.4,2,3,155,140,2004
Darebin,10 Bennett St,3078,10/1/2024,,4,6.4,2,2,606,112,1970
Darebin,38 Bennett St,3078,11/1/2024,2100000,4,6.4,2,2,575,271,2008
Darebin,2c Hamilton St,3078,12/1/2024,865000,3,6.4,1,1,180,131,2010
Darebin,5/5 Yarana Rd,3078,,,2,6.4,1,1,0,60,1960
Darebin,1/14 Fulham Rd,3078,11/1/2024,512000,2,6.4,1,1,0,61,1965
Yarra,11 Margaret Gr,3078,11/1/2024,1900000,4,6.4,2,2,556,272,
Darebin,42 Shiers St,3078,10/1/2024,1950000,4,6.4,2,3,589,210,
Hobsons Bay,158 Queen St,3018,10/1/2024,520000,3,13.8,2,1,352,242,2015
Hobsons Bay,59 Bracken Gr,3018,11/1/2024,1525000,5,13.8,3,3,729,268,2005
Hobsons Bay,1/123 Blyth St,3018,12/1/2024,720000,2,13.8,1,2,292,125,2013
Hobsons Bay,4 Blyth St,3018,10/1/2024,1120000,3,13.8,1,2,506,120,
Hobsons Bay,29 Rose St,3018,11/1/2024,1780000,4,13.8,3,6,1057,220,1962
Hobsons Bay,1/170 Blyth St,3018,11/1/2024,630000,3,13.8,1,2,311,94,1955
Hobsons Bay,156 Maidstone St,3018,,660000,3,13.8,1,1,602,123,1955
Hobsons Bay,1/136 Queen St,3018,10/1/2024,,2,13.8,1,1,225,93,1988
Hobsons Bay,173 Queen St,3018,12/1/2024,1335000,3,13.8,1,4,777,22,1953
Hobsons Bay,3/26 Grieve Pde,3018,12/1/2024,,2,13.8,1,1,127,76,1990
Hobsons Bay,4/5 Rose St,3018,11/1/2024,425000,2,13.8,1,2,115,57,1980
Hobsons Bay,1A Merritt Ct,3018,10/1/2024,705000,3,13.8,2,2,197,152,
Hobsons Bay,4/31 Millers Rd,3018,11/1/2024,391000,2,13.8,1,1,0,65,1965
Hobsons Bay,24 Wren St,3018,,845000,4,13.8,1,2,745,130,1950
Hobsons Bay,1/152 Blyth St,3018,12/1/2024,743000,3,13.8,2,2,211,176,
Hobsons Bay,4/57 Blyth St,3018,11/1/2024,730000,3,13.8,2,1,69,141,2014
Hobsons Bay,3/46 Sargood St,3018,,447000,2,13.8,1,1,137,77,1990
Hobsons Bay,22 Fenfield St,3018,10/1/2024,678000,3,13.8,1,2,606,87,1950
Hobsons Bay,5/8 David St,3018,,580000,2,13.8,2,1,175,76,2013
Hobsons Bay,27 McIntyre Dr,3018,10/1/2024,840000,3,13.8,2,2,534,136,1965
Hobsons Bay,3/20 Mulga St,3018,11/1/2024,577000,3,13.8,2,1,205,113,2007
Hobsons Bay,104 Maidstone St,3018,11/1/2024,,2,13.8,2,1,675,100,1950
Hobsons Bay,5/57 Blyth St,3018,12/1/2024,730000,3,13.8,2,1,70,3,2014
Hobsons Bay,2/60 David St,3018,,535600,2,13.8,1,1,154,91,1996
Hobsons Bay,45 Hearn St,3025,11/1/2024,1085000,5,11.1,3,6,592,251,1965
Hobsons Bay,4 Knapp St,3025,10/1/2024,781000,3,11.1,1,2,533,117,1970
Hobsons Bay,3/66 Marion St,3025,,,2,11.1,1,1,77,77,2009
Hobsons Bay,33 Carthy St,3025,11/1/2024,683000,3,11.1,1,2,534,167,1967
Hobsons Bay,1/5 Little St,3025,11/1/2024,720000,3,11.1,2,1,0,130,2012
Hobsons Bay,1/95 Mills St,3025,10/1/2024,,3,11.1,1,1,328,118,1970
Hobsons Bay,5 Binns St,3025,11/1/2024,710000,3,11.1,1,3,540,116,1960
Hobsons Bay,25 Allan St,3025,10/1/2024,875000,4,11.1,1,4,559,169,1965
Hobsons Bay,2/36 May St,3025,10/1/2024,675000,3,11.1,2,2,171,109,2012
Hobsons Bay,11 Beevers St,3025,10/1/2024,,3,11.1,1,2,585,97,1960
Hobsons Bay,21 Neal Ct,3025,10/1/2024,770000,3,11.1,1,3,602,603,
Hobsons Bay,31 Duosa Rd,3025,12/1/2024,923000,3,11.1,1,2,740,,
Hobsons Bay,252 Millers Rd,3025,10/1/2024,693000,4,11.1,2,4,315,170,2008
Hobsons Bay,1/156 Chambers Rd,3025,12/1/2024,620000,3,11.1,2,2,276,100,2010
Hobsons Bay,2 Gadsden St,3025,10/1/2024,728500,3,11.1,1,1,531,157,1960
Hobsons Bay,24 Hansen St,3025,10/1/2024,931000,3,11.1,2,1,590,160,1950
Hobsons Bay,6 Hill St,3025,12/1/2024,815000,3,11.1,2,3,555,130,1960
Hobsons Bay,5 Cresser St,3025,10/1/2024,1200000,4,11.1,1,4,633,158,1960
Hobsons Bay,4/221 Blackshaws Rd,3025,11/1/2024,292000,2,11.1,1,1,153,70,1970
Stonnington,8/19 Mercer Rd,3143,11/1/2024,599000,2,6.3,1,1,0,76,1964
Stonnington,14/71 Denbigh Rd,3143,10/1/2024,995000,3,6.3,2,2,0,100,1998
Stonnington,4/769 High St,3143,12/1/2024,1205000,3,6.3,2,2,101,105,2000
Stonnington,7 Llaneast St,3143,,,3,6.3,2,2,296,150,
Stonnington,28 Cambridge St,3143,11/1/2024,1870000,3,6.3,1,1,217,116,
Stonnington,3/20 Mercer Rd,3143,11/1/2024,1918000,3,6.3,2,2,0,165,1995
Stonnington,12 Willis St,3143,12/1/2024,2050000,3,6.3,2,1,205,116,
Stonnington,9/19 Mercer Rd,3143,,735000,3,6.3,2,1,2113,14,1970
Stonnington,10 William St,3143,11/1/2024,1435000,1,6.3,2,1,144,107,
Stonnington,15/405 Dandenong Rd,3143,12/1/2024,280000,1,6.3,1,1,0,38,1975
Stonnington,8/58 Sutherland Rd,3143,11/1/2024,592500,2,6.3,1,1,0,73,1970
Stonnington,40 New St,3143,12/1/2024,1210000,2,6.3,1,0,249,96,
Stonnington,35 Northcote Rd,3143,12/1/2024,2801000,4,6.3,2,2,624,222,
Stonnington,791 High St,3143,12/1/2024,1800000,3,6.3,2,2,405,121,
Stonnington,25 Llaneast St,3143,12/1/2024,2200000,4,6.3,1,2,495,163,
Stonnington,367 Dandenong Rd,3143,12/1/2024,5525000,6,6.3,3,4,1491,516,
Stonnington,10/581 Orrong Rd,3143,10/1/2024,,1,6.3,1,1,0,53,1970
Stonnington,14 New St,3143,,1300000,3,6.3,1,2,212,106,
Stonnington,6/51 Armadale St,3143,10/1/2024,704000,2,6.3,1,1,0,74,1969
Stonnington,12/41 Kooyong Rd,3143,10/1/2024,620000,2,6.3,1,1,0,98,1970
Stonnington,63 Denbigh Rd,3143,11/1/2024,1900000,3,6.3,1,2,328,108,
Stonnington,10/51 Armadale St,3143,10/1/2024,710000,2,6.3,1,1,2471,80,1970
Stonnington,1/14 Denbigh Rd,3143,10/1/2024,598000,2,6.3,1,1,0,88,1970
Stonnington,75 Sutherland Rd,3143,12/1/2024,1285000,3,6.3,1,2,186,80,
Stonnington,1/403 Dandenong Rd,3143,11/1/2024,520000,2,6.3,1,1,0,76,1970
Stonnington,44 Denbigh Rd,3143,11/1/2024,3625000,4,6.3,1,2,709,251,
Stonnington,44 Hampden Rd,3143,,4200000,4,6.3,3,3,563,333,2000
Stonnington,3/769 High St,3143,,1101000,3,6.3,1,2,103,3,2000
Stonnington,4 Mercer Rd,3143,12/1/2024,3512500,3,6.3,2,2,617,285,1998
Stonnington,1/31 Mercer Rd,3143,11/1/2024,869000,3,6.3,1,1,0,91,
Stonnington,5/555 Orrong Rd,3143,10/1/2024,567000,1,6.3,1,1,0,53,2013
Moonee Valley,30 Rothwell St,3032,11/1/2024,940000,3,5.9,1,2,298,108,
Moonee Valley,9/5 Rothwell St,3032,10/1/2024,467000,2,5.9,1,1,0,62,1980
Moonee Valley,7 Francis St,3032,11/1/2024,1380000,3,5.9,2,2,277,174,
Moonee Valley,2/21 Harold St,3032,,490000,2,5.9,1,1,423,62,1970
Moonee Valley,44 The Parade,3032,10/1/2024,1850000,4,5.9,3,1,478,270,
Moonee Valley,98 Epsom Rd,3032,10/1/2024,971000,3,5.9,2,2,285,128,
Moonee Valley,8 Geddes St,3032,,710000,2,5.9,1,1,214,77,
Moonee Valley,75 Maribyrnong Rd,3032,10/1/2024,2425000,6,5.9,3,2,1014,435,
Moonee Valley,119 Roseberry St,3032,10/1/2024,750000,2,5.9,1,1,226,92,
Moonee Valley,10 Fenton St,3032,10/1/2024,1053000,2,5.9,1,1,269,109,
Moonee Valley,10 McCully St,3032,,1377000,3,5.9,1,1,417,168,
Moonee Valley,120 Epsom Rd,3032,11/1/2024,970000,3,5.9,1,2,350,125,
Moonee Valley,63 Kent St,3032,10/1/2024,751000,2,5.9,1,1,118,79,
Moonee Valley,4 The Parade,3032,,950000,2,5.9,1,1,173,102,
Moonee Valley,1/17 Epsom Rd,3032,11/1/2024,685000,2,5.9,1,2,228,90,1995
Moonee Valley,41 Monash St,3032,10/1/2024,1230000,3,5.9,1,2,594,148,1960
Moonee Valley,51 Francis St,3032,,770000,2,5.9,1,1,226,87,
Moonee Valley,12 Mirams St,3032,,890000,4,5.9,1,1,300,185,
Moonee Valley,78 The Parade,3032,11/1/2024,1440000,3,5.9,1,1,487,131,
Moonee Valley,26 Newsom St,3032,11/1/2024,1000000,3,5.9,2,2,440,120,1955
Moonee Valley,8 Pentland St,3032,,1435000,3,5.9,2,2,532,147,1950
Moonee Valley,8/129 The Parade,3032,12/1/2024,,1,5.9,1,1,0,58,1972
Moonee Valley,52 Monash St,3032,11/1/2024,1425000,3,5.9,2,2,495,139,
Moonee Valley,58 Fenton St,3032,11/1/2024,1340000,4,5.9,2,2,683,232,1978
Moonee Valley,70 Munro St,3032,11/1/2024,955000,3,5.9,1,1,263,117,
Moonee Valley,125 Epsom Rd,3032,10/1/2024,1100000,4,5.9,2,5,559,195,
Moonee Valley,3/28 Ormond Rd,3032,10/1/2024,432000,2,5.9,1,1,0,62,1978
Moonee Valley,7 Angler Pde,3032,12/1/2024,1640000,4,5.9,3,2,562,204,
Moonee Valley,26 Ayr St,3032,,1430000,6,5.9,2,1,461,286,
Moonee Valley,2/127 Epsom Rd,3032,,610000,2,5.9,1,1,301,104,1995
Moonee Valley,57 The Parade,3032,12/1/2024,940000,3,5.9,3,1,491,127,1950
Moonee Valley,62 Mirams St,3032,10/1/2024,890000,3,5.9,1,1,242,110,
Moonee Valley,67 Hurtle St,3032,12/1/2024,1180000,3,5.9,2,2,617,149,
Moonee Valley,95 Walter St,3032,10/1/2024,1480000,4,5.9,2,2,597,180,
Moonee Valley,57 Monash St,3032,12/1/2024,1350000,3,5.9,1,3,575,,
Moonee Valley,3/8 Walter St,3032,11/1/2024,865000,2,5.9,2,1,146,132,2015
Moonee Valley,12/9 Milton St,3032,12/1/2024,,2,5.9,1,1,0,62,1975
Moonee Valley,21A Geddes St,3032,11/1/2024,1037500,3,5.9,1,2,506,110,
Moonee Valley,1/20 Newsom St,3032,10/1/2024,1050000,3,5.9,2,2,318,160,2013
Moonee Valley,4/27 Roseberry St,3032,10/1/2024,440000,2,5.9,1,1,0,65,1970
Moonee Valley,43 Bloomfield Rd,3032,12/1/2024,1430000,4,5.9,2,0,418,158,
Moonee Valley,21 Middle St,3032,10/1/2024,1130000,3,5.9,2,1,272,157,
Moonee Valley,78 Francis St,3032,10/1/2024,1135000,3,5.9,1,1,296,104,
Moonee Valley,25 Geddes St,3032,12/1/2024,950000,4,5.9,2,1,298,147,
Moonee Valley,106/246 Union Rd,3032,11/1/2024,790000,3,5.9,2,1,0,148,
Moonee Valley,18/54 Epsom Rd,3032,10/1/2024,390000,2,5.9,1,1,1957,69,2012
Moonee Valley,15 Mirams St,3032,12/1/2024,1345000,4,5.9,1,1,552,155,
Moonee Valley,44 Walter St,3032,11/1/2024,1381500,3,5.9,2,2,416,168,
Moonee Valley,25 Dalgety Dr,3032,10/1/2024,940000,3,5.9,2,2,285,172,2011
Moonee Valley,7 Dalgety Dr,3032,,995000,3,5.9,2,1,314,177,2010
Moonee Valley,6 Waller Ct,3032,,786000,3,5.9,2,1,576,120,
Moonee Valley,17 Ascot St,3032,10/1/2024,705000,2,5.9,1,3,252,108,
Moonee Valley,73 Kent St,3032,11/1/2024,760000,2,5.9,1,1,124,77,
Moonee Valley,1 East St,3032,10/1/2024,1000000,3,5.9,2,2,200,144,2003
Moonee Valley,1 Bloomfield Rd,3032,,1305000,3,5.9,1,1,278,166,
Moonee Valley,10 Ayr St,3032,10/1/2024,965000,3,5.9,1,0,216,,
Moonee Valley,58 Bloomfield Rd,3032,11/1/2024,1215000,3,5.9,1,1,452,175,1960
Moonee Valley,1/91 Epsom Rd,3032,11/1/2024,545000,2,5.9,1,2,194,71,
Moonee Valley,5 Doncaster St,3032,10/1/2024,1705000,4,5.9,2,4,598,273,2012
Boroondara,61 Dent St,3147,10/1/2024,2650000,4,11,3,2,753,399,2015
Boroondara,69 Albion Rd,3147,10/1/2024,1670000,3,11,2,2,599,220,
Boroondara,3/39 Solway St,3147,,2050000,3,11,3,4,310,315,2014
Boroondara,3 Dunlop St,3147,12/1/2024,,3,11,2,2,731,149,
Boroondara,16a Nicholas St,3147,11/1/2024,1100000,3,11,3,2,276,178,2004
Boroondara,5 Nicholas St,3147,10/1/2024,1337000,3,11,1,2,583,112,1950
Boroondara,115 Ashburn Gr,3147,10/1/2024,2950000,8,11,7,4,1472,618,2009
Boroondara,1/1 Nairn St,3147,10/1/2024,1518000,3,11,2,2,516,145,
Boroondara,9 Gona Ct,3147,10/1/2024,1710000,3,11,1,2,806,101,1950
Boroondara,45 Yuile St,3147,11/1/2024,1655000,3,11,1,3,780,152,
Boroondara,47 Yuile St,3147,,1550000,4,11,2,2,780,180,
Boroondara,6a Glen Rd,3147,11/1/2024,1662000,3,11,2,2,351,228,2006
Boroondara,18 Glen Rd,3147,10/1/2024,1665000,3,11,2,3,702,145,
Boroondara,29A Yuile St,3147,11/1/2024,3510000,5,11,5,2,755,444,2015
Boroondara,2/17 Ashburn Gr,3147,,,3,11,2,2,153,110,1990
Boroondara,15 Comas Gr,3147,10/1/2024,2752000,5,11,4,2,1075,390,2010
Boroondara,3 Mustang Ct,3147,,,3,11,2,2,710,139,
Boroondara,63 Dent St,3147,10/1/2024,1800000,4,11,2,4,749,206,1950
Boroondara,4 Vears Rd,3147,11/1/2024,1830000,3,11,2,3,724,168,
Boroondara,14 Lucerne St,3147,11/1/2024,1415000,3,11,1,1,605,111,1950
Boroondara,5 Pitt St,3147,12/1/2024,1440000,2,11,1,1,687,104,
Boroondara,1/65 Ashburn Gr,3147,10/1/2024,1250000,4,11,2,2,321,199,2007
Boroondara,48 Nicholas St,3147,11/1/2024,1600000,5,11,3,4,700,266,1950
Boroondara,5 Taylor St,3147,11/1/2024,1860000,4,11,2,3,696,274,2000
Boroondara,33 Highgate Gr,3147,11/1/2024,1790000,4,11,2,2,514,240,
Boroondara,9 Pitt St,3147,12/1/2024,1950000,4,11,2,2,844,278,
Boroondara,19 Poulter St,3147,11/1/2024,1650000,3,11,1,1,697,164,
Monash,1/53 Winbirra Pde,3147,12/1/2024,1200000,4,12.2,3,2,372,201,2016
Monash,18 Montrose St,3147,10/1/2024,1075000,2,12.2,1,2,695,114,1950
Monash,4 Scenic Dr,3147,10/1/2024,1500000,4,12.2,2,2,621,203,2000
Monash,1/7 Farmer St,3147,12/1/2024,,2,12.2,1,2,367,110,1970
Monash,1/136 High Street Rd,3147,12/1/2024,761000,3,12.2,2,4,400,94,1950
Monash,35 Douglas St,3147,12/1/2024,1365000,3,12.2,1,1,792,792,1950
Monash,95 Huntingdale Rd,3147,10/1/2024,1100000,4,12.2,2,2,803,152,1970
Monash,1/7 Murra Ct,3147,10/1/2024,690000,2,12.2,1,1,216,90,2003
Monash,58 Ashwood Dr,3147,11/1/2024,1631000,3,12.2,2,3,782,215,1950
Monash,3 Harold St,3147,11/1/2024,1500000,4,12.2,2,1,593,255,
Monash,16 Scenic Dr,3147,10/1/2024,1529500,5,12.2,3,2,585,317,2000
Monash,4/36 Queens Pde,3147,10/1/2024,,2,12.2,1,1,153,80,1970
Monash,17 Parkhill Dr,3147,11/1/2024,1240000,4,12.2,2,2,766,192,1950
Monash,2/6 Murra Ct,3147,11/1/2024,700000,2,12.2,1,2,192,88,2007
Monash,4 Teck St,3147,10/1/2024,1110000,2,12.2,1,1,586,86,1950
Monash,14 Ashwood Dr,3147,10/1/2024,1305000,3,12.2,1,1,760,120,1960
Monash,1/2 Condah Ct,3147,10/1/2024,,3,12.2,2,1,320,85,1958
Monash,1/16 Raymond St,3147,11/1/2024,900500,3,12.2,2,2,256,134,2012
Monash,4 Newbury Ct,3147,10/1/2024,1200000,3,12.2,2,2,839,198,1970
Monash,2/53 Salisbury Rd,3147,,830000,3,12.2,1,2,212,130,2012
Moonee Valley,8 Norma Ct,3034,11/1/2024,850000,3,10.5,1,1,593,118,1970
Moonee Valley,9 Rogerson St,3034,10/1/2024,750000,3,10.5,1,1,0,103,1980
Moonee Valley,157 Canning St,3034,12/1/2024,,3,10.5,3,1,557,181,2017
Moonee Valley,2 Arbor Tce,3034,11/1/2024,1155000,4,10.5,2,2,569,225,2008
Moonee Valley,68 Thompson St,3034,10/1/2024,680000,3,10.5,1,2,570,120,1970
Moonee Valley,97 Military Rd,3034,12/1/2024,627500,3,10.5,1,1,550,143,1970
Moonee Valley,3 Clive Ct,3034,12/1/2024,950000,4,10.5,3,3,761,281,1970
Moonee Valley,9 Willow Dr,3034,10/1/2024,,3,10.5,1,2,766,149,
Moonee Valley,8 Herbert St,3034,11/1/2024,705000,3,10.5,1,1,581,106,1960
Moonee Valley,2 Hillman Ct,3034,11/1/2024,1100000,4,10.5,3,2,873,395,1992
Moonee Valley,20 Westminster Dr,3034,10/1/2024,,3,10.5,1,1,586,118,1965
Moonee Valley,1/24 Bordeaux St,3034,12/1/2024,522500,2,10.5,1,1,220,101,1995
Moonee Valley,72 Military Rd,3034,12/1/2024,,4,10.5,2,2,554,140,1960
Moonee Valley,2 Drake Ct,3034,12/1/2024,875000,3,10.5,1,3,812,117,1960
Moonee Valley,109 North Rd,3034,12/1/2024,762000,4,10.5,2,2,589,150,1961
Moonee Valley,2/4 Carmyle Ct,3034,10/1/2024,411000,2,10.5,1,1,0,85,1995
Moonee Valley,10 Skewes St,3034,11/1/2024,,3,10.5,2,2,593,103,1970
Moonee Valley,43 Skewes St,3034,10/1/2024,634000,3,10.5,2,1,582,153,1950
Port Phillip,18 Linton St,3183,10/1/2024,1819000,4,6.6,2,1,244,180,
Port Phillip,7/72 Grosvenor St,3183,11/1/2024,410000,2,6.6,1,2,0,61,1965
Port Phillip,1/34 Gourlay St,3183,11/1/2024,1015000,2,6.6,1,2,114,120,2000
Port Phillip,4/9 Gourlay St,3183,,502500,2,6.6,1,1,0,65,1960
Port Phillip,1/22 Sycamore Gr,3183,11/1/2024,520000,2,6.6,1,0,0,58,1970
Port Phillip,6/23 Gourlay St,3183,,442000,2,6.6,1,1,0,61,1960
Port Phillip,6 Blenheim St,3183,11/1/2024,1193000,3,6.6,1,1,178,100,
Port Phillip,3/20 Orange Gr,3183,12/1/2024,,2,6.6,1,1,0,49,1960
Port Phillip,2/19 Camden St,3183,12/1/2024,474000,2,6.6,1,1,0,59,1970
Port Phillip,1/17 Albion St,3183,10/1/2024,981000,2,6.6,1,0,159,84,
Port Phillip,10 Grosvenor St,3183,,1690000,3,6.6,2,2,339,159,
Port Phillip,3/33 Gourlay St,3183,11/1/2024,540000,2,6.6,1,1,483,51,1970
Boroondara,166 Gordon St,3103,11/1/2024,2100000,2,9.7,1,1,659,123,
Boroondara,36 Narrak Rd,3103,12/1/2024,1800000,4,9.7,2,2,715,218,1985
Boroondara,2/16 Westminster St,3103,11/1/2024,1255000,2,9.7,1,1,208,129,2000
Boroondara,2/74 Balwyn Rd,3103,10/1/2024,1070000,3,9.7,2,2,206,112,1998
Boroondara,112 Belmore Rd,3103,10/1/2024,2570000,5,9.7,3,2,715,420,2009
Boroondara,27 Bevan St,3103,,2400000,4,9.7,2,2,744,226,1985
Boroondara,129 Gordon St,3103,11/1/2024,2200000,3,9.7,3,2,651,266,
Boroondara,4 Melba Ct,3103,10/1/2024,3250000,5,9.7,5,2,651,410,
Boroondara,5/14 Parring Rd,3103,11/1/2024,806000,2,9.7,1,1,122,97,1977
Boroondara,349 Union Rd,3103,10/1/2024,4000000,6,9.7,4,7,2051,449,
Boroondara,22 Yongala St,3103,12/1/2024,2250000,5,9.7,3,2,600,356,2006
Boroondara,40 Metung St,3103,12/1/2024,2800000,5,9.7,3,2,678,349,2001
Boroondara,142 Balwyn Rd,3103,11/1/2024,1850000,2,9.7,1,1,1015,166,
Boroondara,4/3 King St,3103,11/1/2024,700000,3,9.7,1,1,188,110,1970
Boroondara,3/18 Weir St,3103,10/1/2024,500000,2,9.7,1,1,0,72,1960
Boroondara,3 Westminster St,3103,10/1/2024,2125000,3,9.7,2,2,699,252,1985
Boroondara,13 Naroo St,3103,12/1/2024,1800000,4,9.7,2,2,577,200,
Boroondara,101/201 Whitehorse Rd,3103,,635000,2,9.7,1,1,0,70,2014
Boroondara,1/252 Union Rd,3103,11/1/2024,,2,9.7,1,1,0,73,1960
Boroondara,1/18 Belmore Rd,3103,10/1/2024,905000,3,9.7,1,2,281,150,1995
Boroondara,316 Belmore Rd,3103,11/1/2024,1750000,4,9.7,3,2,453,308,2016
Boroondara,11/22 Brenbeal St,3103,10/1/2024,760000,2,9.7,1,1,121,100,1960
Boroondara,3/3 Iramoo St,3103,10/1/2024,1367000,3,9.7,2,2,219,164,2003
Boroondara,2/8 Evelina St,3103,10/1/2024,1400000,4,9.7,3,2,241,240,2009
Boroondara,5 Millah Rd,3103,12/1/2024,3270000,4,9.7,2,4,935,241,
Boroondara,6/10 Brenbeal St,3103,12/1/2024,625000,2,9.7,1,1,115,104,1960
Boroondara,1 Weston St,3103,10/1/2024,1860000,3,9.7,1,4,671,465,
Boroondara,38 Frederick St,3103,10/1/2024,2730000,4,9.7,3,2,674,336,1997
Boroondara,6/29 Weir St,3103,11/1/2024,460000,2,9.7,1,1,0,79,1950
Boroondara,3/94 Balwyn Rd,3103,10/1/2024,1053000,2,9.7,1,2,231,98,1985
Boroondara,1/32 Yerrin St,3103,11/1/2024,,3,9.7,2,2,306,170,1995
Boroondara,5/95 Balwyn Rd,3103,11/1/2024,754000,2,9.7,1,1,87,88,1990
Boroondara,49 Metung St,3103,11/1/2024,3400000,5,9.7,6,4,739,502,
Boroondara,29 Bevan St,3103,12/1/2024,2188000,4,9.7,2,2,752,253,1981
Boroondara,2/30 Kalimna St,3103,10/1/2024,755000,2,9.7,1,1,213,92,1980
Boroondara,262 Union Rd,3103,12/1/2024,3290000,4,9.7,3,2,1007,350,
Boroondara,27 Metung St,3103,10/1/2024,2410000,4,9.7,2,1,685,207,
Boroondara,4/35 Weir St,3103,10/1/2024,,2,9.7,1,1,0,150,1960
Boroondara,26 Wills St,3103,,2000000,4,9.7,1,2,739,291,
Boroondara,165 Balwyn Rd,3103,11/1/2024,1900000,4,9.7,2,1,665,155,
Boroondara,17 Knutsford St,3103,10/1/2024,3401000,3,9.7,2,1,706,166,
Boroondara,47 Naroo St,3103,11/1/2024,1750000,3,9.7,2,3,613,193,
Boroondara,112 Belmore Rd,3103,,3020000,5,9.7,3,2,715,420,2009
Boroondara,12 Wills St,3103,11/1/2024,2450000,5,9.7,2,2,981,260,1960
Boroondara,3/12 Brenbeal St,3103,11/1/2024,730000,2,9.7,1,1,130,80,1960
Boroondara,321a Union Rd,3103,10/1/2024,,3,9.7,2,2,404,190,2011
Boroondara,33 Power St,3103,12/1/2024,,4,9.7,1,1,672,115,
Boroondara,3/41 Clifton St,3104,12/1/2024,1315000,3,9.2,2,2,260,167,2000
Boroondara,153 Doncaster Rd,3104,12/1/2024,1500000,3,9.2,2,1,778,154,1950
Boroondara,19 Jacka St,3104,,3230000,4,9.2,4,3,1135,275,1960
Boroondara,25 Bolinda Rd,3104,10/1/2024,1905000,4,9.2,2,2,647,185,1955
Boroondara,3 Dumblane St,3104,12/1/2024,3300000,5,9.2,4,2,760,477,2015
Boroondara,30 Hood St,3104,11/1/2024,1900000,4,9.2,2,2,642,215,1955
Boroondara,36 Kenny St,3104,11/1/2024,2251000,3,9.2,1,2,888,137,1950
Boroondara,13 Riverview Rd,3104,12/1/2024,2205000,4,9.2,2,2,750,214,1950
Boroondara,43 Sweyn St,3104,10/1/2024,1265000,3,9.2,2,1,347,160,2011
Boroondara,14 Kawarren St,3104,10/1/2024,1750000,4,9.2,2,2,673,185,1960
Boroondara,88 Longview Rd,3104,,1450000,3,9.2,1,2,665,124,1950
Boroondara,113 Maud St,3104,12/1/2024,2614000,4,9.2,2,2,772,150,1955
Boroondara,6 Stuart Ct,3104,12/1/2024,1825000,4,9.2,2,3,736,225,1958
Boroondara,325 Belmore Rd,3104,11/1/2024,3250000,5,9.2,4,2,886,520,2013
Boroondara,15 Ellendale St,3104,11/1/2024,1150000,3,9.2,2,1,207,144,2003
Boroondara,30 Clifton St,3104,12/1/2024,1572000,4,9.2,2,2,662,330,1965
Boroondara,108 Bulleen Rd,3104,10/1/2024,1750000,5,9.2,3,2,705,365,2013
Boroondara,5 Carrington St,3104,10/1/2024,1850000,4,9.2,2,2,619,254,1990
Boroondara,3 Clive Ct,3104,10/1/2024,2130000,4,9.2,3,2,1274,275,1970
Boroondara,7 Page St,3104,12/1/2024,3690000,5,9.2,4,2,624,154,1967
Boroondara,8 Cash St,3104,11/1/2024,1740000,4,9.2,2,2,610,275,1993
Boroondara,7 Grieve St,3104,11/1/2024,2575000,4,9.2,3,2,657,355,2006
Boroondara,39 Kawarren St,3104,12/1/2024,1388800,4,9.2,2,1,517,247,1970
Boroondara,41 Helston St,3104,12/1/2024,1800000,4,9.2,2,4,587,165,1960
Boroondara,15 Moody St,3104,10/1/2024,2910000,4,9.2,3,2,1070,247,1992
Boroondara,23a The Boulevard,3104,12/1/2024,2200000,5,9.2,3,2,900,355,1955
Boroondara,1 Bolinda Rd,3104,10/1/2024,1700000,3,9.2,2,3,763,168,1960
Boroondara,56a Clifton St,3104,10/1/2024,,3,9.2,3,1,310,188,2012
Boroondara,2 Tudor Ct,3104,10/1/2024,,7,9.2,3,3,637,529,2008
Boroondara,28 Walnut Rd,3104,10/1/2024,,4,9.2,3,2,665,232,1970
Boroondara,14 Dumblane St,3104,11/1/2024,1750000,5,9.2,2,2,710,170,1955
Boroondara,64 Greythorn Rd,3104,11/1/2024,2000000,5,9.2,2,2,1002,244,1950
Boroondara,42 Maud St,3104,12/1/2024,1480000,3,9.2,1,4,605,116,1950
Boroondara,11 Stephens St,3104,,3000000,4,9.2,3,2,1247,50,
Boroondara,54 Sutton St,3104,11/1/2024,1818000,3,9.2,1,1,722,90,
Boroondara,48 Hosken St,3104,11/1/2024,2525000,4,9.2,2,2,1235,196,1960
Boroondara,17 Stephens St,3104,12/1/2024,3360000,4,9.2,3,1,904,420,2003
Boroondara,15 Illawarra Rd,3104,,1903000,3,9.2,1,2,713,720,1950
Boroondara,12 Clifton St,3104,,1720000,4,9.2,3,2,869,170,1950
Boroondara,9 Seattle St,3104,12/1/2024,1675000,4,9.2,2,2,667,201,1974
Boroondara,16 Sylvan St,3104,10/1/2024,1680000,4,9.2,3,1,362,200,2014
Boroondara,9 Stephens St,3104,10/1/2024,4000000,5,9.2,5,4,1364,518,2013
Boroondara,5 Grieve St,3104,11/1/2024,2205000,4,9.2,2,2,1010,250,1950
Boroondara,28 Severn St,3104,10/1/2024,,3,9.2,2,3,949,175,
Boroondara,3/1 Corhampton Rd,3104,11/1/2024,685000,2,9.2,1,1,177,85,1975
Boroondara,1 Morris St,3104,11/1/2024,1900000,6,9.2,1,6,691,5,
Boroondara,85a Woodville St,3104,11/1/2024,1335000,3,9.2,2,2,368,177,2009
Boroondara,41 Helston St,3104,12/1/2024,1900000,4,9.2,2,4,587,165,1960
Boroondara,3/48 Alpha St,3104,12/1/2024,,2,9.2,1,1,250,112,1995
Boroondara,19 Hedderwick St,3104,11/1/2024,1250000,4,9.2,2,2,644,153,1950
Boroondara,430 Balwyn Rd,3104,12/1/2024,1875000,5,9.2,3,2,842,200,1961
Boroondara,43 Helston St,3104,10/1/2024,1530000,4,9.2,2,2,701,198,1960
Boroondara,16 Nevada St,3104,12/1/2024,1700000,4,9.2,2,5,754,175,1960
Boroondara,11 Milfay Ct,3104,11/1/2024,1651000,3,9.2,1,2,657,151,1960
Boroondara,23A The Boulevard,3104,11/1/2024,1920000,5,9.2,3,2,900,355,1955
Boroondara,123 Winfield Rd,3104,,1560000,5,9.2,2,3,845,199,1980
Boroondara,15 Ellendale St,3104,12/1/2024,1038000,3,9.2,2,1,207,144,2003
Boroondara,15 Maughan Pde,3104,11/1/2024,1660000,5,9.2,3,2,737,193,1950
Boroondara,24 Willis St,3104,10/1/2024,1770000,3,9.2,2,1,720,147,1955
Boroondara,2/3 Hatfield St,3104,12/1/2024,691500,2,9.2,1,1,0,102,1968
Glen Eira,1/236 Patterson Rd,3204,11/1/2024,875000,3,13,1,2,348,121,1950
Glen Eira,11 Rogers Rd,3204,12/1/2024,1425000,3,13,2,2,613,143,1960
Glen Eira,3/2 Scotts St,3204,12/1/2024,851000,2,13,1,1,140,250,1970
Glen Eira,11A Mortimore St,3204,10/1/2024,1222500,3,13,2,2,299,181,2000
Glen Eira,13 Somers St,3204,10/1/2024,1317500,3,13,1,1,576,127,
Glen Eira,8/11 Brentwood St,3204,11/1/2024,360000,2,13,1,1,0,69,1965
Glen Eira,12b Coates St,3204,10/1/2024,1435000,4,13,3,2,291,212,2012
Glen Eira,156 Patterson Rd,3204,12/1/2024,,3,13,1,2,692,164,
Glen Eira,8 Rose St,3204,10/1/2024,,4,13,2,2,795,250,
Glen Eira,23 Yawla St,3204,11/1/2024,1500000,3,13,2,1,565,222,
Glen Eira,39 Luckins Rd,3204,10/1/2024,1300000,4,13,2,2,697,194,
Glen Eira,592 Centre Rd,3204,12/1/2024,1125000,3,13,1,2,584,116,
Glen Eira,74 Fromer St,3204,11/1/2024,1328000,4,13,2,2,610,112,
Glen Eira,4 Gordon St,3204,10/1/2024,,3,13,2,1,526,135,
Glen Eira,58 London St,3204,11/1/2024,1155000,4,13,3,2,271,205,2010
Glen Eira,182 Patterson Rd,3204,,1275000,3,13,1,4,758,138,1960
Glen Eira,1/30 Daley St,3204,11/1/2024,855000,2,13,1,1,296,103,
Glen Eira,13/27 Patterson Rd,3204,10/1/2024,650000,2,13,1,1,116,92,1960
Glen Eira,112 Tucker Rd,3204,10/1/2024,1815000,4,13,2,4,902,233,1950
Glen Eira,9 Yawla St,3204,12/1/2024,2255000,4,13,3,2,557,353,2008
Glen Eira,2/7 Gordon St,3204,10/1/2024,855000,2,13,2,3,226,475,2005
Glen Eira,11 Wheatley Rd,3204,11/1/2024,1860000,4,13,2,3,855,197,
Glen Eira,2/15 Jasper Rd,3204,10/1/2024,725000,2,13,1,1,227,100,1990
Glen Eira,6 Atkinson St,3204,10/1/2024,1293000,3,13,1,1,632,108,1950
Glen Eira,33 Luckins Rd,3204,10/1/2024,1328000,3,13,2,2,690,245,1970
Glen Eira,4a Rosina St,3204,12/1/2024,1247000,4,13,2,3,354,255,2008
Glen Eira,4 Daley St,3204,12/1/2024,1370000,3,13,1,2,624,143,1950
Glen Eira,64 Tucker Rd,3204,12/1/2024,1095000,3,13,2,1,581,170,1965
Glen Eira,3/18 Bleazby St,3204,10/1/2024,725000,2,13,1,1,677,88,2012
Glen Eira,2/1 Corbie St,3204,10/1/2024,825000,3,13,2,2,147,149,2007
Glen Eira,77B Fromer St,3204,12/1/2024,1235000,3,13,2,2,0,160,2012
Glen Eira,5 Luckins Rd,3204,12/1/2024,1165000,3,13,1,2,694,125,1950
Glen Eira,13 Wood St,3204,,1910000,4,13,2,4,736,284,1950
Glen Eira,1/7 Uonga Rd,3204,11/1/2024,820000,2,13,1,3,336,109,1960
Glen Eira,81 Fromer St,3204,10/1/2024,1430000,4,13,2,2,611,168,1970
Glen Eira,13 Horsley St,3204,,910000,2,13,1,2,274,96,1970
Glen Eira,11 Wilson St,3204,,2520000,4,13,4,2,579,361,2012
Glen Eira,43 Godfrey St,3204,10/1/2024,1900000,5,13,2,2,567,250,
Glen Eira,20 Wright St,3204,12/1/2024,1150000,4,13,2,2,384,766,
Glen Eira,1a Werona St,3204,10/1/2024,670000,2,13,2,1,123,90,2007
Glen Eira,40 Coates St,3204,12/1/2024,680000,2,13,1,1,83,107,1998
Glen Eira,8B McKittrick Rd,3204,,1320000,4,13,3,3,346,220,2010
Glen Eira,17 Smith St,3204,11/1/2024,1900000,6,13,3,2,708,275,1988
Glen Eira,21 Bruce St,3204,10/1/2024,1535000,3,13,2,2,572,150,
Glen Eira,72 Daley St,3204,10/1/2024,1281000,4,13,1,5,594,150,
Glen Eira,22 Hutchinson St,3204,11/1/2024,1385000,5,13,2,2,664,178,1950
Glen Eira,11 Wilson St,3204,11/1/2024,2620000,4,13,4,2,579,361,2012
Glen Eira,30 Veronica St,3165,10/1/2024,825000,2,13.9,2,1,176,125,2008
Glen Eira,2a Bessie St,3165,10/1/2024,746000,2,13.9,1,2,281,95,2002
Glen Eira,19 Denver St,3165,10/1/2024,1275000,5,13.9,2,2,683,190,1960
Glen Eira,1/41 Elizabeth St,3165,,1025000,3,13.9,2,2,384,120,1999
Glen Eira,2/25 Birdwood St,3165,10/1/2024,,2,13.9,1,1,76,79,1980
Glen Eira,24 Brooks St,3165,10/1/2024,1220000,4,13.9,2,2,585,178,1950
Glen Eira,13 Claronga St,3165,,885000,3,13.9,1,2,565,110,1950
Glen Eira,17a Edinburgh St,3165,11/1/2024,830000,3,13.9,2,2,292,141,2012
Glen Eira,34b Lesden St,3165,10/1/2024,1210000,4,13.9,3,2,291,222,2014
Glen Eira,59 Tambet St,3165,11/1/2024,1160000,4,13.9,2,2,321,180,2006
Glen Eira,24 Barrani St,3165,,1215000,3,13.9,2,3,730,110,1970
Glen Eira,71 Bignell Rd,3165,,1200000,4,13.9,2,2,619,191,1960
Glen Eira,96 Brady Rd,3165,12/1/2024,1050000,3,13.9,2,2,627,140,1950
Glen Eira,25 Connie St,3165,11/1/2024,950000,5,13.9,2,4,618,146,1950
Glen Eira,9/7 Derry St,3165,10/1/2024,380000,2,13.9,2,1,0,78,1970
Glen Eira,3/32 Elizabeth St,3165,12/1/2024,689000,2,13.9,1,1,169,87,
Glen Eira,38 Northam Rd,3165,10/1/2024,1338000,3,13.9,2,2,610,177,1970
Glen Eira,1/6 Richard St,3165,10/1/2024,651000,2,13.9,1,1,265,150,1960
Glen Eira,3 Veronica St,3165,10/1/2024,1390000,3,13.9,2,2,590,118,1960
Glen Eira,4 Tambet St,3165,11/1/2024,1100000,3,13.9,1,2,578,163,1955
Glen Eira,21 Wards Gr,3165,12/1/2024,1206000,4,13.9,1,1,636,138,
Glen Eira,2/3 Wonga Ct,3165,10/1/2024,486500,2,13.9,1,1,0,75,1960
Glen Eira,87 Parkmore Rd,3165,10/1/2024,1415000,4,13.9,2,2,604,177,1970
Glen Eira,1A Brian St,3165,12/1/2024,1185000,4,13.9,2,2,305,207,2012
Glen Eira,13 Brooks St,3165,12/1/2024,1060000,4,13.9,3,1,313,166,1960
Glen Eira,41 Bradford St,3165,10/1/2024,845000,3,13.9,2,2,295,145,1998
Glen Eira,2/41 Elizabeth St,3165,10/1/2024,860000,3,13.9,2,1,254,117,1995
Glen Eira,5b MacKie Rd,3165,12/1/2024,921000,3,13.9,2,2,167,140,2009
Glen Eira,1/112 Tambet St,3165,10/1/2024,742500,2,13.9,1,1,300,135,1960
Glen Eira,25 Thornton St,3165,11/1/2024,920000,3,13.9,2,2,578,120,1950
Glen Eira,33 Schulz St,3165,10/1/2024,1010000,4,13.9,1,2,658,112,
Glen Eira,12 Tambet St,3165,10/1/2024,702000,2,13.9,1,1,591,102,1960
Glen Eira,2/15 Liverpool St,3165,,805000,3,13.9,2,1,268,117,2000
Glen Eira,23 Yarraburn Cl,3165,12/1/2024,,4,13.9,2,1,274,190,2004
Glen Eira,12 Barrani St,3165,10/1/2024,1050000,3,13.9,1,4,726,131,1950
Glen Eira,21 Highview Rd,3165,,722000,2,13.9,2,1,201,79,2005
Glen Eira,18 Normanby Rd,3165,,930000,3,13.9,1,2,588,133,1960
Glen Eira,93 Tudor St,3165,11/1/2024,921000,3,13.9,2,1,291,119,2000
Glen Eira,23 York St,3165,11/1/2024,1035000,4,13.9,1,2,610,160,1950
Glen Eira,7 England St,3165,12/1/2024,1352000,4,13.9,2,2,618,196,1950
Glen Eira,11b Lilac St,3165,10/1/2024,,4,13.9,2,2,296,205,2006
Glen Eira,790 North Rd,3165,,1600000,5,13.9,2,2,659,315,
Glen Eira,26 Almurta Rd,3165,10/1/2024,1200000,3,13.9,1,1,721,120,1970
Glen Eira,1/57 Brooks St,3165,10/1/2024,780000,3,13.9,2,2,421,126,1950
Glen Eira,48a Celia St,3165,10/1/2024,1250000,4,13.9,2,2,314,231,2010
Glen Eira,8 Leo St,3165,12/1/2024,1110000,4,13.9,2,2,583,176,1960
Glen Eira,11 Moylan St,3165,11/1/2024,1690000,4,13.9,2,2,700,165,1950
Glen Eira,42 Paloma St,3165,11/1/2024,791000,3,13.9,3,1,391,122,1950
Glen Eira,601 South Rd,3165,,,3,13.9,1,3,780,140,
Glen Eira,2/40 Francesco St,3165,11/1/2024,970000,3,13.9,2,2,267,156,2000
Glen Eira,1002 North Rd,3165,11/1/2024,823000,3,13.9,2,2,213,143,2003
Glen Eira,1/38 Kennedy St,3165,,1045000,4,13.9,2,1,316,190,2010
Glen Eira,2/119 Marlborough St,3165,,655000,2,13.9,1,1,154,80,2000
Glen Eira,3 Molden St,3165,10/1/2024,,5,13.9,3,2,623,257,1950
Glen Eira,2/53 Moylan St,3165,10/1/2024,835000,3,13.9,1,1,250,105,1980
Glen Eira,31b Purtell St,3165,,1465000,4,13.9,2,2,319,256,2015
Glen Eira,24 Veronica St,3165,11/1/2024,910000,3,13.9,1,1,587,96,1950
Glen Eira,2/14 Wamba Rd,3165,11/1/2024,920000,3,13.9,2,1,388,123,2007
Glen Eira,14 Charles St,3165,11/1/2024,935000,3,13.9,2,2,230,160,2012
Glen Eira,14 Florence St,3165,10/1/2024,977000,3,13.9,1,2,543,163,1970
Glen Eira,1 Jassa St,3165,,1352000,3,13.9,1,2,686,122,1950
Glen Eira,12 Millard St,3165,12/1/2024,1115000,4,13.9,2,2,575,160,1960
Glen Eira,54 Elizabeth St,3165,11/1/2024,1197000,3,13.9,1,2,692,147,
Glen Eira,2/10 Matthews Rd,3165,10/1/2024,485000,2,13.9,2,2,0,83,2011
Glen Eira,39 Shrewsbury St,3165,10/1/2024,1365000,4,13.9,1,1,582,151,1960
Glen Eira,10 Boronia St,3165,11/1/2024,1698888,4,13.9,2,2,598,337,2006
Glen Eira,5a Cavalier St,3165,12/1/2024,965000,3,13.9,2,1,283,28,2010
Glen Eira,2/5 Connie St,3165,12/1/2024,870000,3,13.9,2,2,365,150,2011
Glen Eira,123 MacKie Rd,3165,11/1/2024,1161000,3,13.9,2,3,629,168,1950
Glen Eira,11 Melball St,3165,12/1/2024,1266000,3,13.9,1,3,676,146,1970
Glen Eira,2/8 Rudyard St,3165,10/1/2024,700000,3,13.9,2,2,194,200,2008
Glen Eira,2A Barrani St,3165,11/1/2024,1325000,4,13.9,4,2,363,265,2012
Glen Eira,2/16 Bessie St,3165,12/1/2024,770000,3,13.9,2,1,281,132,2005
Glen Eira,177 Bignell Rd,3165,11/1/2024,1110000,3,13.9,1,6,542,538,
Glen Eira,1/6 Brad St,3165,10/1/2024,380000,1,13.9,1,1,0,99,1970
Glen Eira,98 Brady Rd,3165,12/1/2024,1175000,4,13.9,2,2,620,158,1980
Glen Eira,3 Forrest St,3165,10/1/2024,1200000,3,13.9,1,1,640,120,1960
Glen Eira,88 MacKie Rd,3165,12/1/2024,1370000,4,13.9,1,2,684,196,1970
Glen Eira,4 Mawby Rd,3165,11/1/2024,1433500,4,13.9,1,1,725,186,1950
Glen Eira,61 Molden St,3165,11/1/2024,860000,3,13.9,2,1,210,131,2005
Glen Eira,3/2 Garden Rd,3165,12/1/2024,715000,2,13.9,1,1,194,114,1995
Glen Eira,1/811 Centre Rd,3165,11/1/2024,710000,2,13.9,1,1,0,115,1950
Glen Eira,71 Deakin St,3165,11/1/2024,,5,13.9,3,2,583,296,2007
Glen Eira,2/12 Hodgson Gr,3165,10/1/2024,790000,3,13.9,1,2,406,100,1996
Glen Eira,18 Patricia St,3165,10/1/2024,1020000,3,13.9,1,2,596,144,1960
Glen Eira,3b Manuka St,3165,12/1/2024,886000,3,13.9,2,1,185,122,2012
Glen Eira,3 Belinda Ct,3165,11/1/2024,1015000,4,13.9,2,3,625,198,1997
Glen Eira,27 Connie St,3165,10/1/2024,1255000,4,13.9,2,2,610,167,1950
Glen Eira,8 Marlborough St,3165,10/1/2024,1320000,3,13.9,1,1,593,94,1950
Glen Eira,1/39 Neville St,3165,10/1/2024,870000,3,13.9,2,1,326,133,1950
Glen Eira,4 Wingate St,3165,10/1/2024,1472500,4,13.9,2,2,592,219,2013
Glen Eira,25 Anarth St,3165,12/1/2024,640000,2,13.9,2,2,298,118,2005
Whitehorse,32 Margaret St,3128,12/1/2024,1620000,4,13.1,2,2,697,255,
Whitehorse,6/29 Barkly St,3128,10/1/2024,645000,2,13.1,1,1,140,81,1965
Whitehorse,18 Glenmore St,3128,,1560000,4,13.1,2,3,729,167,
Whitehorse,3 Alexander St,3128,11/1/2024,1715000,3,13.1,2,2,458,170,1950
Whitehorse,21 Barkly St,3128,11/1/2024,1200000,3,13.1,1,2,550,110,1950
Whitehorse,17 Combarton St,3128,12/1/2024,1760000,3,13.1,1,0,741,151,
Whitehorse,15 Davey St,3128,10/1/2024,,3,13.1,1,2,384,108,1950
Whitehorse,31/41 Harrow St,3128,10/1/2024,465000,2,13.1,2,1,0,65,2010
Whitehorse,1/14 Barkly St,3128,10/1/2024,975000,4,13.1,2,2,299,158,2008
Whitehorse,23 Bass St,3128,10/1/2024,1325000,3,13.1,1,1,702,134,1950
Whitehorse,3/14 Bedford St,3128,10/1/2024,750000,3,13.1,2,1,150,3,2000
Whitehorse,5 Wavell St,3128,10/1/2024,1400000,3,13.1,2,1,643,159,
Whitehorse,22 William St,3128,11/1/2024,1500000,3,13.1,1,2,664,106,
Whitehorse,55 Albion Rd,3128,11/1/2024,1600000,4,13.1,2,1,692,195,
Whitehorse,12 Barcelona St,3128,10/1/2024,,4,13.1,2,2,780,235,
Whitehorse,2/4 Collins St,3128,11/1/2024,775000,3,13.1,1,1,211,108,1980
Whitehorse,33 Pendle St,3128,10/1/2024,1670000,4,13.1,4,4,707,162,
Whitehorse,6 Archibald St,3128,11/1/2024,4000000,3,13.1,1,2,763,120,
Whitehorse,19 Kent Rd,3128,,928000,3,13.1,1,1,307,106,
Whitehorse,3/8 Ashted Rd,3128,,636000,2,13.1,1,1,151,82,1970
Whitehorse,5 Patricia St,3128,12/1/2024,1170000,3,13.1,1,1,755,95,
Whitehorse,14 Collins St,3128,10/1/2024,1670000,4,13.1,2,2,590,231,
Whitehorse,837 Canterbury Rd,3128,11/1/2024,857000,3,13.1,1,1,492,119,
Whitehorse,2/38 Margaret St,3128,10/1/2024,822500,3,13.1,2,1,238,130,2000
Maribyrnong,25 Lily St,3019,12/1/2024,,2,10.8,1,1,566,75,1950
Maribyrnong,1/3 Vine St,3019,10/1/2024,502000,3,10.8,1,1,220,106,2011
Maribyrnong,2/10 Skewes St,3019,11/1/2024,495000,3,10.8,2,1,327,124,2006
Maribyrnong,144 Duke St,3019,10/1/2024,868000,2,10.8,1,4,749,77,1950
Maribyrnong,80 South Rd,3019,10/1/2024,645000,4,10.8,2,1,283,154,1990
Maribyrnong,3 Cross St,3019,12/1/2024,652000,3,10.8,2,1,216,145,2010
Maribyrnong,2 Riley Ct,3019,12/1/2024,850000,4,10.8,2,2,606,240,2002
Maribyrnong,21 Hughes St,3019,11/1/2024,575000,3,10.8,1,3,559,98,1955
Maribyrnong,19 Kannan Bvd,3019,12/1/2024,882000,4,10.8,2,2,393,216,2008
Maribyrnong,20 Balmoral St,3019,,730000,3,10.8,2,2,544,135,1970
Maribyrnong,80 South Rd,3019,11/1/2024,610000,4,10.8,2,1,283,154,1990
Maribyrnong,13 Wilson St,3019,11/1/2024,696000,3,10.8,1,0,557,90,1960
Maribyrnong,2B Bradford Ct,3019,10/1/2024,579000,3,10.8,2,1,198,144,2013
Maribyrnong,1 Moama St,3019,10/1/2024,765000,3,10.8,1,1,658,105,1960
Maribyrnong,11/1 Windsor St,3019,11/1/2024,475000,2,10.8,1,1,115,104,1980
Maribyrnong,25 Errol St,3019,12/1/2024,550000,4,10.8,2,1,288,160,2000
Maribyrnong,11/27 Marnoo St,3019,10/1/2024,495000,3,10.8,1,1,158,138,2005
Maribyrnong,14 Rose St,3019,12/1/2024,565000,3,10.8,2,1,566,78,1970
Bayside,18 Rooding St,3186,10/1/2024,1635000,3,11.2,1,2,366,156,
Bayside,17 McCallum St,3186,11/1/2024,3695000,4,11.2,3,2,836,284,1960
Bayside,2/26 Pearson St,3186,10/1/2024,536000,2,11.2,1,2,0,70,1970
Bayside,18 Victoria St,3186,11/1/2024,3700000,4,11.2,3,2,742,247,
Bayside,50 Well St,3186,12/1/2024,1975000,3,11.2,1,2,432,122,
Bayside,4/78 Dendy St,3186,10/1/2024,,3,11.2,1,2,340,137,1975
Bayside,133 Head St,3186,10/1/2024,2905000,4,11.2,3,1,487,260,
Bayside,1/112 Roslyn St,3186,11/1/2024,,2,11.2,2,2,329,132,
Bayside,1/119 Roslyn St,3186,12/1/2024,1725000,3,11.2,2,2,411,225,1997
Bayside,30 Barkly St,3186,11/1/2024,2100000,3,11.2,2,2,463,209,1970
Bayside,3/78 William St,3186,12/1/2024,800000,2,11.2,1,1,90,74,1960
Bayside,124 Cole St,3186,10/1/2024,1761000,4,11.2,2,3,615,135,
Bayside,24b Munro St,3186,10/1/2024,1302500,3,11.2,2,2,0,171,1993
Bayside,74 Carpenter St,3186,12/1/2024,2750000,5,11.2,3,1,509,341,2005
Bayside,4/149 Church St,3186,,892500,2,11.2,1,2,232,92,1970
Bayside,120 Cole St,3186,,2145000,4,11.2,2,1,550,197,
Bayside,15 Hanby St,3186,11/1/2024,3171000,5,11.2,2,2,710,340,2000
Bayside,105/103 Bay St,3186,10/1/2024,620000,2,11.2,2,1,0,74,2013
Bayside,2/422 St Kilda St,3186,10/1/2024,1475000,3,11.2,2,2,345,163,2000
Bayside,1/10 Manor St,3186,10/1/2024,1650000,3,11.2,2,2,0,111,1980
Bayside,176 Were St,3186,11/1/2024,1562500,5,11.2,2,2,655,202,
Bayside,2 Campbell St,3186,10/1/2024,,3,11.2,3,2,398,262,2012
Bayside,73 Martin St,3186,11/1/2024,3320000,4,11.2,3,2,644,364,2000
Bayside,1/16 Black St,3186,11/1/2024,1100000,2,11.2,1,2,0,85,
Bayside,5 Bridge St,3186,11/1/2024,1650000,3,11.2,2,1,354,143,
Bayside,28 Loller St,3186,12/1/2024,,2,11.2,1,0,352,111,
Bayside,9 Sussex St,3186,11/1/2024,4700000,5,11.2,3,2,1073,221,
Bayside,40 Whyte St,3186,12/1/2024,1785000,3,11.2,2,1,404,118,1953
Bayside,7 Chavasse St,3186,12/1/2024,1875000,3,11.2,2,2,275,170,1991
Bayside,4/23 South Rd,3186,12/1/2024,1266000,3,11.2,1,2,277,116,1950
Bayside,97 Dendy St,3186,12/1/2024,2730000,5,11.2,3,2,895,423,
Bayside,95 Cochrane St,3186,12/1/2024,3295888,4,11.2,3,2,565,337,1990
Bayside,6/138 New St,3186,10/1/2024,375000,1,11.2,1,1,0,40,1965
Bayside,8/35 Normanby St,3186,10/1/2024,756000,2,11.2,1,1,0,80,
Bayside,31 Orchard St,3186,11/1/2024,,5,11.2,5,2,552,219,
Bayside,22 Champion St,3186,10/1/2024,2375000,3,11.2,2,2,547,302,2000
Bayside,679 Hampton St,3186,11/1/2024,1385000,3,11.2,1,2,426,120,
Bayside,89 South Rd,3186,,2020000,3,11.2,6,2,685,419,
Bayside,4/14 Brickwood St,3186,12/1/2024,858000,2,11.2,1,1,107,75,1950
Bayside,12 May St,3186,,2800000,4,11.2,2,4,569,229,
Bayside,82 New St,3186,,3700000,5,11.2,3,4,1572,305,
Bayside,823 Hampton St,3186,11/1/2024,2475000,4,11.2,2,2,605,274,
Bayside,64 North Rd,3186,10/1/2024,2700000,4,11.2,2,2,732,333,
Bayside,66 Champion St,3186,,3900000,4,11.2,2,2,842,311,1990
Bayside,10/32 Loller St,3186,10/1/2024,610000,2,11.2,1,1,0,75,2005
Bayside,33a Durrant St,3186,12/1/2024,1532000,2,11.2,1,2,411,165,
Bayside,147A Male St,3186,10/1/2024,1037000,2,11.2,1,2,125,2,2009
Bayside,119 North Rd,3186,11/1/2024,3050000,4,11.2,4,2,578,319,1995
Bayside,2/71 Roslyn St,3186,10/1/2024,,4,11.2,2,2,432,196,2000
Bayside,58 Champion St,3186,12/1/2024,,4,11.2,2,2,848,246,1975
Bayside,3/198 Church St,3186,12/1/2024,671000,1,11.2,1,1,70,74,1980
Bayside,686A Hampton St,3186,11/1/2024,2250000,4,11.2,2,2,230,281,2012
Bayside,3A Huntingfield Rd,3186,12/1/2024,2900000,3,11.2,1,1,659,161,
Bayside,21 Wolseley Gr,3186,10/1/2024,,4,11.2,1,2,695,142,1970
Bayside,23a Chelsea St,3186,12/1/2024,,3,11.2,2,1,280,110,1993
Bayside,86 Dendy St,3186,,3105000,5,11.2,2,2,1045,304,
Bayside,17 Rusden St,3186,11/1/2024,1500000,4,11.2,2,1,549,195,1990
Bayside,7 Balfour St,3187,,,4,10.7,2,2,682,240,1960
Bayside,4 Marriage Rd,3187,10/1/2024,1850000,4,10.7,2,2,617,268,
Bayside,244a South Rd,3187,10/1/2024,930000,3,10.7,1,1,329,117,
Bayside,133A Centre Rd,3187,12/1/2024,1310000,4,10.7,3,2,618,213,2008
Bayside,14 Milroy St,3187,,2504000,4,10.7,2,2,674,183,1950
Bayside,67 Centre Rd,3187,,1445000,2,10.7,1,1,649,126,
Bayside,12 Meyer Ct,3187,12/1/2024,1825000,4,10.7,3,2,594,594,1973
Bayside,13 Robinson St,3187,12/1/2024,1700000,5,10.7,2,1,994,274,
Bayside,109 Thomas St,3187,12/1/2024,1400000,5,10.7,3,4,824,235,
Bayside,80 Marriage Rd,3187,12/1/2024,1500000,3,10.7,2,2,315,228,2000
Bayside,11 Billson St,3187,11/1/2024,1400000,3,10.7,1,3,613,182,1950
Bayside,15 Hodder St,3187,12/1/2024,1600000,5,10.7,2,2,616,245,
Bayside,5 Margaret St,3187,12/1/2024,1780000,2,10.7,3,2,635,119,
Bayside,375 South Rd,3187,10/1/2024,,5,10.7,2,5,775,270,
Bayside,16/373 South Rd,3187,10/1/2024,775000,2,10.7,1,1,112,90,1960
Bayside,4 Vincent St,3187,10/1/2024,1480000,3,10.7,2,2,697,143,
Bayside,299 South Rd,3187,11/1/2024,1590000,3,10.7,3,2,481,244,2012
Bayside,13 Hornby St,3187,12/1/2024,2840000,4,10.7,2,2,999,274,1972
Glen Eira,48 Thomas St,3187,11/1/2024,1000000,2,10.7,1,2,564,131,
Bayside,14 Holmhurst Ct,3187,,1700000,4,10.7,3,4,708,275,1950
Bayside,92 Thomas St,3187,12/1/2024,3207000,5,10.7,5,3,1561,272,1969
Bayside,2/19 Hemming St,3187,10/1/2024,880000,3,10.7,2,2,304,34,1990
Bayside,200 South Rd,3187,11/1/2024,1920000,4,10.7,1,1,1000,203,1960
Bayside,1 Alexander St,3187,10/1/2024,1301000,3,10.7,2,2,401,121,
Bayside,50 Lucas St,3187,11/1/2024,2550000,5,10.7,3,2,915,233,1960
Bayside,3 Carrington Gr,3187,,1915000,5,10.7,2,0,645,238,1970
Bayside,139 Thomas St,3187,10/1/2024,1650000,4,10.7,3,2,598,212,
Bayside,4a Marriage Rd,3187,11/1/2024,,4,10.7,2,1,603,177,
Bayside,55 Baird St,3187,11/1/2024,2050000,4,10.7,2,4,678,233,
Bayside,25 Camperdown St,3187,12/1/2024,2550000,5,10.7,3,2,551,346,2016
Bayside,2/5 Camperdown St,3187,11/1/2024,905000,2,10.7,1,2,189,93,1980
Bayside,9a Elizabeth St,3187,11/1/2024,1355000,3,10.7,1,2,759,151,
Bayside,4 Farmer St,3187,12/1/2024,1845000,2,10.7,1,2,604,145,1950
Bayside,7 Tuxen Ct,3187,10/1/2024,2050000,5,10.7,3,3,669,309,1970
Bayside,38 Agnew St,3187,12/1/2024,1710000,3,10.7,3,2,435,228,
Bayside,1/2 Robinson St,3187,12/1/2024,1300000,3,10.7,2,2,337,222,2000
Bayside,27 Arnold Rd,3187,,2200000,4,10.7,2,2,654,286,2000
Bayside,25 Robinson St,3187,11/1/2024,2150000,4,10.7,3,2,614,225,1970
Bayside,4/2 Hornby St,3187,12/1/2024,681000,1,10.7,1,1,166,60,2012
Glen Eira,8 Thomas St,3187,11/1/2024,1310000,2,10.7,3,2,302,250,2018
Bayside,6/141 Centre Rd,3187,10/1/2024,340000,1,10.7,1,1,0,57,1950
Bayside,3/127 Dendy St,3187,10/1/2024,692000,2,10.7,1,1,74,66,1960
Bayside,2/21 Hodder St,3187,11/1/2024,1367000,4,10.7,2,2,315,4,2000
Bayside,2/33 Cluden St,3187,10/1/2024,903000,2,10.7,1,1,171,101,1970
Bayside,9 Montgomery St,3187,10/1/2024,2820000,4,10.7,4,4,509,337,1960
Bayside,11 Summerhill Rd,3187,12/1/2024,,2,10.7,1,2,660,117,
Bayside,5 Tuxen Ct,3187,12/1/2024,,5,10.7,2,2,679,288,1950
Bayside,5 Arnot St,3187,11/1/2024,1230000,3,10.7,2,2,297,193,1980
Bayside,4 Bruce St,3187,11/1/2024,1389000,4,10.7,1,2,656,150,
Bayside,214 Were St,3187,10/1/2024,2310000,4,10.7,2,2,757,130,
Bayside,2a Hurlstone St,3187,12/1/2024,1014000,2,10.7,1,1,267,131,1990
Moreland,234 Victoria St,3056,10/1/2024,1026000,2,5.2,1,0,225,108,
Moreland,9 Blair St,3056,12/1/2024,1802500,4,5.2,3,1,238,93,
Moreland,25 Hardy St,3056,12/1/2024,1500000,4,5.2,3,1,365,209,
Moreland,29 Stewart St,3056,10/1/2024,2230000,4,5.2,2,3,851,287,
Moreland,11/97 Brickworks Dr,3056,12/1/2024,410000,2,5.2,1,1,0,66,2000
Moreland,9/15 De Carle St,3056,12/1/2024,,1,5.2,1,1,0,40,1970
Moreland,2/3 Donald St,3056,10/1/2024,680000,3,5.2,3,1,81,100,2016
Moreland,3/9 Austin Tce,3056,10/1/2024,400000,2,5.2,1,1,0,61,1970
Moreland,77 Blyth St,3056,10/1/2024,950000,3,5.2,1,0,170,96,
Moreland,5/185 Brunswick Rd,3056,12/1/2024,860000,4,5.2,2,1,95,97,
Moreland,141 Gold St,3056,11/1/2024,845500,2,5.2,1,1,179,90,
Moreland,3/4 Mitchell St,3056,,605000,2,5.2,1,1,0,78,2009
Moreland,9/33 Staley St,3056,10/1/2024,445000,2,5.2,1,1,0,61,1975
Moreland,1/263 Albion St,3056,10/1/2024,659500,2,5.2,1,1,100,85,1970
Moreland,6/153 Barkly St,3056,10/1/2024,600000,2,5.2,1,1,0,75,2011
Moreland,129 Albion St,3056,10/1/2024,1115000,4,5.2,1,0,264,139,
Moreland,39 Eveline St,3056,10/1/2024,1125000,3,5.2,1,1,278,91,
Moreland,28 Osborne St,3056,10/1/2024,855000,3,5.2,1,1,229,97,
Moreland,16 Thistle St,3056,10/1/2024,940000,3,5.2,2,1,186,140,2016
Moreland,3/38 Charles St,3056,12/1/2024,750000,2,5.2,2,1,118,88,2013
Moreland,73 Davies St,3056,10/1/2024,1056000,2,5.2,1,1,315,108,
Moreland,7/117 Albion St,3056,,620000,2,5.2,2,1,72,2,
Moreland,3/5 Evans St,3056,,880000,3,5.2,2,1,122,152,2000
Moreland,5 MacKenzie St,3056,10/1/2024,1222500,3,5.2,1,0,331,126,
Moreland,87 Hope St,3056,12/1/2024,955000,3,5.2,2,2,327,110,2007
Moreland,1/32 Donald St,3056,12/1/2024,587000,2,5.2,1,1,114,65,1970
Moreland,98 Evans St,3056,10/1/2024,1060000,3,5.2,1,0,257,121,
Moreland,246 Victoria St,3056,10/1/2024,890000,2,5.2,1,1,199,93,
Moreland,2/12 Jones St,3056,11/1/2024,685000,2,5.2,2,1,0,100,2002
Moreland,14 Murdock St,3056,12/1/2024,976000,3,5.2,2,1,240,162,2005
Moreland,8/2 Pottery Ct,3056,12/1/2024,641000,3,5.2,2,1,0,112,
Moreland,157 Albion St,3056,12/1/2024,770000,2,5.2,1,0,152,87,
Moreland,6/305 Albion St,3056,12/1/2024,279500,1,5.2,1,1,0,51,1970
Moreland,177 Barkly St,3056,10/1/2024,1800000,4,5.2,2,3,271,180,
Moreland,30 Charles St,3056,,1350000,4,5.2,1,1,370,151,
Moreland,113 Glenlyon Rd,3056,12/1/2024,1320000,4,5.2,2,1,281,156,
Moreland,311 Albion St,3056,11/1/2024,,3,5.2,1,1,210,130,
Moreland,175 Edward St,3056,10/1/2024,1261000,3,5.2,1,1,216,100,
Moreland,84 Stewart St,3056,11/1/2024,1045000,3,5.2,1,2,222,105,
Moreland,215/1 Dods St,3056,11/1/2024,1044000,3,5.2,1,1,0,85,2000
Moreland,154 Brunswick Rd,3056,,1050000,3,5.2,1,1,239,126,
Moreland,2 Chambers St,3056,12/1/2024,1691500,3,5.2,2,3,470,152,
Moreland,54 Davies St,3056,,1075000,2,5.2,1,0,311,108,
Moreland,23/10 Breese St,3056,,501000,2,5.2,1,1,1140,80,2010
Moreland,393A Brunswick Rd,3056,12/1/2024,1260000,3,5.2,1,6,563,98,1960
Moreland,52 Evans St,3056,10/1/2024,1650000,3,5.2,1,2,495,141,
Moreland,8/705 Park St,3056,11/1/2024,,2,5.2,1,1,0,57,1970
Moreland,17 Sutherland St,3056,10/1/2024,1015000,2,5.2,1,0,453,86,
Moreland,3 Ballarat St,3056,10/1/2024,625000,1,5.2,1,1,82,114,
Moreland,5 Black St,3056,10/1/2024,1700000,3,5.2,2,1,0,195,
Moreland,77 Brickworks Dr,3056,12/1/2024,815000,3,5.2,2,1,99,142,
Moreland,11/68 De Carle St,3056,12/1/2024,435000,2,5.2,1,1,0,57,1973
Moreland,222 Barkly St,3056,11/1/2024,2500000,5,5.2,2,2,555,266,
Moreland,105 Dawson St,3056,10/1/2024,860000,2,5.2,1,1,298,88,
Moreland,10/66 De Carle St,3056,12/1/2024,491000,2,5.2,1,1,1080,66,1960
Moreland,5 Hanover St,3056,10/1/2024,985000,3,5.2,1,2,384,89,
Moreland,64 Hanover St,3056,12/1/2024,1250000,3,5.2,1,1,483,162,
Moreland,8/2 Pottery Ct,3056,10/1/2024,641000,3,5.2,2,1,0,112,
Moreland,58 Cassels Rd,3056,12/1/2024,860000,3,5.2,1,1,184,104,
Moreland,35 Percy St,3056,10/1/2024,705000,2,5.2,1,1,161,68,
Moreland,270 Albion St,3056,10/1/2024,880000,3,5.2,1,1,264,117,
Moreland,2/18 De Carle St,3056,,754000,2,5.2,2,1,177,105,2000
Moreland,5/6 Pottery Ct,3056,11/1/2024,590000,2,5.2,1,1,0,74,2004
Moreland,2/6 Sydney Rd,3056,12/1/2024,575000,2,5.2,1,1,0,66,1950
Moreland,28 Frederick St,3056,12/1/2024,1510000,3,5.2,1,0,325,150,
Moreland,3/30 Heller St,3056,11/1/2024,801000,2,5.2,2,1,156,87,2007
Moreland,32 Lobb St,3056,10/1/2024,820000,3,5.2,2,2,4668,126,2011
Moreland,10/285 Brunswick Rd,3056,12/1/2024,,1,5.2,1,1,540,45,1970
Moreland,4 Frederick St,3056,11/1/2024,1170000,3,5.2,1,0,285,104,
Moreland,4 Bell St,3056,,1790000,4,5.2,1,1,416,129,
Moreland,2/123 Brunswick Rd,3056,10/1/2024,,3,5.2,2,1,110,118,2000
Moreland,36 Charles St,3056,10/1/2024,1875000,4,5.2,2,2,657,207,1958
Moreland,7 Garnet St,3056,10/1/2024,1053000,3,5.2,1,1,343,1041,
Moreland,11 William St,3056,10/1/2024,705000,3,5.2,1,1,55,111,2012
Moreland,329 Brunswick Rd,3056,10/1/2024,1175000,4,5.2,1,2,319,1,
Moreland,7 Hall St,3056,10/1/2024,1217000,4,5.2,1,0,363,127,
Moreland,7 Louisa St,3056,10/1/2024,1020000,3,5.2,1,3,308,119,
Moreland,26 Warburton St,3056,,1340000,3,5.2,1,1,316,132,
Moreland,11 Denman St,3056,11/1/2024,1410000,4,5.2,2,1,460,214,
Moreland,19 Horne St,3056,11/1/2024,1550000,3,5.2,1,1,346,126,
Moreland,30 Lobb St,3056,10/1/2024,740000,3,5.2,2,1,4676,122,2010
Moreland,2/22 Saxon St,3056,12/1/2024,592500,2,5.2,1,2,0,89,2002
Moreland,11/6 Sydney Rd,3056,11/1/2024,370000,1,5.2,1,1,0,54,1965
Moreland,46 Tinning St,3056,10/1/2024,765000,2,5.2,1,1,199,120,
Moreland,10 Cliff St,3056,11/1/2024,772000,1,5.2,1,1,147,82,
Moreland,69 Glenlyon Rd,3056,12/1/2024,1210000,3,5.2,2,1,280,130,
Moreland,25 Gray St,3056,10/1/2024,1755000,4,5.2,2,1,354,199,
Moreland,411 Barkly St,3056,,945000,2,5.2,1,2,246,103,
Moreland,52 Talbot St,3056,12/1/2024,,2,5.2,1,1,159,157,
Moreland,8/7 Passfield St,3055,10/1/2024,521500,2,5.9,1,1,0,69,1960
Moreland,25 Wales St,3055,10/1/2024,,3,5.9,1,1,0,119,
Moreland,2/13 Walker St,3055,11/1/2024,471000,2,5.9,1,1,564,60,1970
Moreland,1/455 Albion St,3055,10/1/2024,,1,5.9,1,1,0,42,2000
Moreland,64 Pearson St,3055,10/1/2024,955000,3,5.9,1,0,220,93,
Moreland,497 Albion St,3055,10/1/2024,,5,5.9,2,2,510,321,1997
Moreland,11/7 Egginton St,3055,,380000,2,5.9,1,1,0,85,1970
Moreland,12/881 Park St,3055,10/1/2024,300000,1,5.9,1,0,0,37,1960
Moreland,10 Yarrabin St,3055,11/1/2024,810000,3,5.9,1,2,349,95,1950
Moreland,81 Melville Rd,3055,10/1/2024,793000,3,5.9,1,0,275,119,
Moreland,6/524 Moreland Rd,3055,,400000,2,5.9,1,1,73,64,1960
Moreland,107/480 Albion St,3055,11/1/2024,400500,2,5.9,1,1,0,70,2013
Moreland,1/572 Moreland Rd,3055,,797500,3,5.9,2,2,262,155,2010
Moreland,121 Pearson St,3055,10/1/2024,1300000,3,5.9,1,2,364,135,
Moreland,81 Whitby St,3055,11/1/2024,1330000,3,5.9,1,2,353,101,
Moreland,2 Henderson St,3055,12/1/2024,1205000,7,5.9,3,1,447,287,1982
Moreland,4/42 Passfield St,3055,10/1/2024,380000,2,5.9,1,1,0,62,1970
Moreland,171 Union St,3055,10/1/2024,1095000,3,5.9,1,1,411,168,
Moreland,2/243 Union St,3055,12/1/2024,680000,2,5.9,1,1,0,82,1970
Moreland,201 Hope St,3055,11/1/2024,711000,2,5.9,1,1,177,87,
Moreland,5/8 Murray St,3055,12/1/2024,500000,2,5.9,1,1,0,75,1970
Moreland,7/7 Allard St,3055,10/1/2024,385000,2,5.9,1,1,0,62,1970
Moreland,3/546 Moreland Rd,3055,12/1/2024,370000,2,5.9,1,1,2120,59,1960
Moreland,2/8 Walker St,3055,12/1/2024,320000,1,5.9,1,1,0,43,1970
Moreland,9/39 Heller St,3055,12/1/2024,330000,1,5.9,1,1,0,42,1970
Moreland,542 Albion St,3055,10/1/2024,1200000,5,5.9,2,3,553,193,
Moreland,6/86 Heller St,3055,11/1/2024,537000,2,5.9,1,1,501,66,1960
Moreland,7 Morrow St,3055,11/1/2024,910000,3,5.9,1,2,717,141,1950
Moreland,8/48 Passfield St,3055,11/1/2024,285000,1,5.9,1,1,0,45,1970
Moreland,9 Peacock St,3055,10/1/2024,921500,4,5.9,1,1,575,165,
Moreland,1 Jordan St,3055,10/1/2024,1315000,2,5.9,1,2,554,116,
Moreland,8/109 Melville Rd,3055,12/1/2024,370000,2,5.9,1,1,0,65,1970
Moreland,1/464 Victoria St,3055,12/1/2024,735000,2,5.9,1,2,120,109,2004
Moreland,15 Wallace St,3055,10/1/2024,1000000,4,5.9,1,1,589,148,
Moreland,10/446 Albion St,3055,12/1/2024,252000,1,5.9,1,1,0,45,1970
Moreland,871 Park St,3055,10/1/2024,1700000,4,5.9,2,2,621,184,
Moreland,12 Hamilton St,3055,10/1/2024,820000,2,5.9,1,1,206,98,
Moreland,7/5 Allard St,3055,11/1/2024,370000,2,5.9,1,1,0,65,1970
Moreland,1/30 McLean St,3055,12/1/2024,484000,2,5.9,1,1,0,65,1950
Moreland,2/494 Victoria St,3055,10/1/2024,815000,3,5.9,1,2,157,123,1999
Moreland,53 Heller St,3055,10/1/2024,1150000,4,5.9,1,2,519,169,
Moreland,2/530 Victoria St,3055,,497000,2,5.9,1,1,0,84,1977
Moreland,1/536 Albion St,3055,11/1/2024,440000,2,5.9,1,1,0,62,1960
Moreland,196 Melville Rd,3055,11/1/2024,816000,2,5.9,2,1,343,115,
Moreland,16 Bakers Pde,3055,10/1/2024,970000,4,5.9,3,2,499,150,
Manningham,19a Elizabeth St,3105,11/1/2024,851000,3,11.8,1,2,385,140,2000
Manningham,42 Robert St,3105,10/1/2024,1300000,4,11.8,1,2,717,180,1960
Manningham,25 William St,3105,12/1/2024,1235000,4,11.8,2,2,556,214,1957
Manningham,4 Albany Pl,3105,12/1/2024,1303000,4,11.8,2,2,670,197,1980
Manningham,130 Manningham Rd,3105,10/1/2024,880000,3,11.8,2,2,514,190,1960
Manningham,6a Tobruk St,3105,11/1/2024,975000,3,11.8,2,2,632,226,2013
Manningham,13 Montgomery Pl,3105,12/1/2024,,3,11.8,2,1,585,180,1950
Manningham,206 Manningham Rd,3105,10/1/2024,1225000,4,11.8,2,2,723,159,1970
Manningham,9 Albany Pl,3105,12/1/2024,1490000,5,11.8,3,2,796,304,1975
Manningham,49 Furneaux Gr,3105,,1002000,4,11.8,1,2,650,323,
Manningham,38 Balwyn Rd,3105,12/1/2024,905000,3,11.8,3,2,401,165,1965
Manningham,135 Manningham Rd,3105,,1085000,4,11.8,2,1,1124,225,1960
Manningham,1/15 Estelle St,3105,12/1/2024,787000,3,11.8,1,2,306,100,1985
Manningham,19 Warringal St,3105,,1280000,4,11.8,1,2,732,1000,
Manningham,14 Kandanga Gr,3105,10/1/2024,1075000,3,11.8,1,1,604,96,1960
Manningham,23 Bourke St,3105,10/1/2024,1302000,4,11.8,2,2,475,245,1996
Manningham,8 Vera St,3105,10/1/2024,,3,11.8,2,1,728,719,1965
Manningham,71 Summit Dr,3105,12/1/2024,1000000,4,11.8,2,3,672,212,1970
Manningham,7 Kampman St,3105,,1300000,4,11.8,2,2,744,300,1985
Manningham,14 Collins St,3105,10/1/2024,990000,3,11.8,1,2,602,175,1975
Manningham,19 Barak St,3105,10/1/2024,1100000,4,11.8,2,2,693,212,1975
Manningham,28 Flinders St,3105,11/1/2024,,2,11.8,1,1,591,140,1965
Whitehorse,15 Loudon Rd,3125,12/1/2024,1590000,5,11.7,3,2,661,253,
Whitehorse,35 McCubbin St,3125,12/1/2024,1890000,4,11.7,2,2,1145,111,1960
Whitehorse,2/32 McIntyre St,3125,10/1/2024,1022500,3,11.7,2,2,265,130,2000
Whitehorse,30 Station St,3125,12/1/2024,1755000,3,11.7,1,1,931,145,1970
Whitehorse,2 Elgar Rd,3125,11/1/2024,1300000,3,11.7,1,1,667,136,1950
Whitehorse,48 Station St,3125,11/1/2024,1160000,3,11.7,1,1,786,111,1950
Whitehorse,7 Wattlebird Ct,3125,12/1/2024,2000000,4,11.7,3,2,928,229,1996
Whitehorse,1/14 Corrigan St,3125,10/1/2024,790000,3,11.7,1,2,318,103,1960
Whitehorse,25 Greenwood St,3125,10/1/2024,1682000,4,11.7,2,1,921,174,1950
Monash,14/1 Conservatory Dr,3125,12/1/2024,625000,3,11.7,2,1,0,115,2002
Whitehorse,1/10 McComas Gr,3125,12/1/2024,650000,2,11.7,1,1,194,120,1975
Whitehorse,1/34 Cumming St,3125,10/1/2024,,5,11.7,3,2,326,210,2013
Monash,33 Brockhoff Dr,3125,12/1/2024,1255000,4,11.7,2,2,438,210,2005
Whitehorse,2a Iris St,3125,10/1/2024,633000,2,11.7,1,1,276,92,1965
Whitehorse,29 Meldan St,3125,11/1/2024,1350000,2,11.7,1,2,593,82,1950
Whitehorse,1/46 Gillard St,3125,11/1/2024,570000,3,11.7,1,1,384,112,1950
Whitehorse,2/3 Havelock St,3125,10/1/2024,745000,3,11.7,1,2,228,126,1998
Whitehorse,4 Iris St,3125,11/1/2024,2150000,5,11.7,4,2,643,380,2014
Whitehorse,8/33 McIntyre St,3125,11/1/2024,746000,3,11.7,1,2,308,92,1995
Whitehorse,19 Puerta St,3125,10/1/2024,1540000,3,11.7,2,2,653,120,1950
Monash,8 Pescott Cl,3125,10/1/2024,1270000,4,11.7,2,2,399,212,2005
Whitehorse,55 Parer St,3125,12/1/2024,900000,4,11.7,3,2,381,176,2013
Monash,18 Brockhoff Dr,3125,10/1/2024,1250000,4,11.7,2,2,499,220,2005
Whitehorse,6 Alimar Ct,3125,12/1/2024,,4,11.7,2,3,739,182,1970
Whitehorse,1/54 McIntyre St,3125,,800000,4,11.7,2,1,0,150,1950
Monash,3/124 Highbury Rd,3125,11/1/2024,702000,3,11.7,2,1,170,106,2001
Boroondara,28 Brinsley Rd,3124,12/1/2024,2650000,4,7.8,2,1,652,189,
Boroondara,4/2 Callanish Rd,3124,10/1/2024,729000,2,7.8,1,1,137,87,1970
Boroondara,49 Christowel St,3124,11/1/2024,2600000,5,7.8,4,1,708,348,
Boroondara,3/107 Wattle Valley Rd,3124,,1650000,3,7.8,2,2,305,189,1998
Boroondara,9/43 Inglesby Rd,3124,10/1/2024,615000,2,7.8,1,1,1107,68,1960
Boroondara,89 Radnor St,3124,,1987000,3,7.8,2,2,706,164,1960
Boroondara,3/28 Stodart St,3124,10/1/2024,683000,2,7.8,1,1,146,86,1970
Boroondara,2 Thomas St,3124,11/1/2024,1690000,3,7.8,2,1,777,154,1950
Boroondara,19/1295 Toorak Rd,3124,12/1/2024,430000,2,7.8,1,1,0,56,2011
Boroondara,18 Russell St,3124,11/1/2024,2600000,4,7.8,2,2,600,232,
Boroondara,19 Thomas St,3124,10/1/2024,2325000,3,7.8,2,2,1133,131,
Boroondara,3/220 Warrigal Rd,3124,,,2,7.8,1,1,896,77,1960
Boroondara,3/573 Riversdale Rd,3124,11/1/2024,900400,2,7.8,1,1,93,111,
Boroondara,4 Range St,3124,10/1/2024,2000000,3,7.8,1,2,821,105,
Boroondara,163 Through Rd,3124,10/1/2024,1302000,3,7.8,1,1,427,115,
Boroondara,13 Grace St,3124,10/1/2024,1622000,3,7.8,1,1,544,160,
Boroondara,7/5 Holly St,3124,11/1/2024,502000,2,7.8,1,1,0,77,1965
Boroondara,3/220 Warrigal Rd,3124,10/1/2024,435000,2,7.8,1,1,896,77,1960
Boroondara,3/5 Holly St,3124,11/1/2024,591000,3,7.8,1,1,0,89,1960
Boroondara,46 Athelstan Rd,3124,11/1/2024,2608000,5,7.8,2,4,730,980,
Boroondara,6 Gavan St,3124,11/1/2024,1780000,3,7.8,1,1,769,133,
Boroondara,4 Ada St,3124,10/1/2024,2250000,3,7.8,2,2,656,225,2009
Boroondara,591 Camberwell Rd,3124,10/1/2024,895000,2,7.8,1,1,424,95,
Boroondara,5 Cooloongatta Rd,3124,12/1/2024,1800000,3,7.8,2,0,584,213,
Boroondara,2/25 Hazel St,3124,11/1/2024,900000,2,7.8,1,1,150,88,1970
Boroondara,18 Middle Rd,3124,12/1/2024,2700000,5,7.8,3,2,802,317,1994
Boroondara,8/1277 Toorak Rd,3124,10/1/2024,530000,2,7.8,1,1,0,76,1960
Boroondara,15 Hollsmoor Rd,3124,12/1/2024,2228000,4,7.8,2,2,813,163,1960
Boroondara,6 Wilson Gr,3124,10/1/2024,1602500,3,7.8,1,1,405,102,
Boroondara,13 Smith Rd,3124,10/1/2024,2177000,3,7.8,1,2,635,130,
Boroondara,68 Bowen St,3124,10/1/2024,3400000,3,7.8,2,4,877,146,1960
Boroondara,26 Hunter Rd,3124,12/1/2024,2105000,3,7.8,1,2,692,164,
Boroondara,6 Judd St,3124,,1625000,3,7.8,2,2,283,160,1990
Boroondara,16A Waterloo St,3124,12/1/2024,,3,7.8,3,2,417,220,2016
Boroondara,1/3 Crescent Rd,3124,10/1/2024,667000,2,7.8,1,1,83,81,1960
Boroondara,29 Kalang Rd,3124,10/1/2024,2015000,4,7.8,1,4,772,145,
Boroondara,1/28 Nevis St,3124,10/1/2024,700000,2,7.8,1,1,631,75,1970
Boroondara,25 Russell St,3124,11/1/2024,3225000,4,7.8,3,1,632,270,
Boroondara,44 Athelstan Rd,3124,12/1/2024,3320000,5,7.8,4,2,741,407,2009
Boroondara,2 Hazel St,3124,10/1/2024,2125000,5,7.8,3,2,603,282,1980
Boroondara,91 Radnor St,3124,12/1/2024,2030000,4,7.8,2,2,686,210,1960
Boroondara,612 Riversdale Rd,3124,12/1/2024,2750000,4,7.8,3,1,0,257,
Boroondara,532 Burke Rd,3124,,2000000,4,7.8,3,4,697,271,1980
Boroondara,9 Derby St,3124,,2250000,5,7.8,5,1,639,453,2010
Boroondara,20 Kirkwood Dr,3124,11/1/2024,2740000,5,7.8,2,2,643,363,2005
Boroondara,18 Irilbarra Rd,3126,10/1/2024,2950000,4,9,2,2,687,215,
Boroondara,33 Myrtle Rd,3126,10/1/2024,1587500,3,9,1,1,459,130,
Boroondara,1/17 Chatham Rd,3126,11/1/2024,1550000,4,9,2,4,318,232,
Boroondara,3/13 Wattle Valley Rd,3126,10/1/2024,830000,2,9,1,1,110,83,1960
Boroondara,2 McGregor St,3126,,2375000,4,9,2,1,653,229,
Boroondara,31 Rubens Gr,3126,10/1/2024,2900000,5,9,2,2,795,297,
Boroondara,42 Warburton Rd,3126,12/1/2024,2200000,3,9,3,2,468,148,
Boroondara,5 Margaret St,3126,12/1/2024,2620000,4,9,1,1,717,235,
Boroondara,5 Dorothea St,3126,12/1/2024,1305000,2,9,1,1,342,104,
Boroondara,1b Daphne St,3126,10/1/2024,928000,3,9,2,1,145,140,1998
Boroondara,13 Byron St,3126,,2930000,5,9,3,4,645,222,2005
Boroondara,21 Compton St,3126,12/1/2024,2950000,4,9,2,3,812,173,
Boroondara,4/34 Rochester Rd,3126,12/1/2024,722000,2,9,1,1,0,92,1965
Boroondara,8 Dudley Pde,3126,11/1/2024,2350000,5,9,2,4,838,282,
Boroondara,21 Marden St,3126,11/1/2024,1640000,3,9,3,2,352,207,1997
Boroondara,47 Warburton Rd,3126,10/1/2024,1680000,3,9,2,1,325,197,
Boroondara,77 Highfield Rd,3126,,3550000,5,9,4,4,684,427,2013
Boroondara,17 Irilbarra Rd,3126,,3400000,4,9,1,4,845,411,2008
Boroondara,12a View St,3126,11/1/2024,,3,9,2,2,361,216,1995
Boroondara,35 Myrtle Rd,3126,11/1/2024,3145000,4,9,2,2,796,276,2012
Yarra,112 Newry St,3054,10/1/2024,1425000,4,3.2,3,0,122,130,
Yarra,989 Drummond St,3054,11/1/2024,2950000,3,3.2,1,2,499,164,
Yarra,700 Rathdowne St,3054,,2175000,4,3.2,1,0,418,163,
Yarra,1 Fletcher La,3054,10/1/2024,800000,2,3.2,1,1,73,104,2009
Yarra,967 Drummond St,3054,11/1/2024,2718000,4,3.2,2,0,538,142,2015
Yarra,392 Station St,3054,10/1/2024,2400000,2,3.2,2,0,413,172,
Yarra,1018 Drummond St,3054,11/1/2024,2520000,4,3.2,2,2,504,168,
Yarra,462 Canning St,3054,10/1/2024,,3,3.2,2,1,163,135,
Yarra,75 Fenwick St,3054,12/1/2024,2050000,3,3.2,2,0,84,148,1970
Yarra,292 Amess St,3054,10/1/2024,1950000,4,3.2,2,2,207,162,
Yarra,14/1102 Lygon St,3054,12/1/2024,437000,1,3.2,1,1,0,56,1970
Yarra,4 Mary St,3054,10/1/2024,520000,2,3.2,1,1,0,86,
Yarra,24/635 Drummond St,3054,10/1/2024,570000,2,3.2,1,1,0,76,1975
Glen Eira,1/60 Moonya Rd,3163,11/1/2024,820000,3,11.4,1,2,0,96,1989
Glen Eira,1/70 Truganini Rd,3163,11/1/2024,795000,2,11.4,2,1,133,104,2009
Glen Eira,2/31 Moonya Rd,3163,10/1/2024,600000,2,11.4,1,1,73,61,1970
Glen Eira,212 Neerim Rd,3163,11/1/2024,1295000,3,11.4,1,2,425,166,1960
Glen Eira,3/13 Emily St,3163,10/1/2024,510000,2,11.4,1,1,0,69,1970
Glen Eira,64 Lyons St,3163,,890000,2,11.4,1,1,282,111,
Glen Eira,8/54 Moonya Rd,3163,10/1/2024,346000,1,11.4,1,1,60,48,1970
Glen Eira,3/78 Moonya Rd,3163,,860000,3,11.4,2,1,1113,113,1990
Glen Eira,4/5 Anzac St,3163,12/1/2024,772000,2,11.4,1,2,0,100,1973
Glen Eira,42 Margaret St,3163,11/1/2024,1506000,4,11.4,2,2,561,204,
Glen Eira,5/78 Moonya Rd,3163,10/1/2024,675000,3,11.4,2,1,0,107,1990
Glen Eira,4/314 Neerim Rd,3163,12/1/2024,,2,11.4,1,2,0,67,2009
Glen Eira,3/9 Poplar Gr,3163,12/1/2024,290000,1,11.4,1,1,0,50,1960
Glen Eira,4/12 Judith St,3163,12/1/2024,360000,2,11.4,1,1,0,70,1970
Glen Eira,68 Miller St,3163,12/1/2024,967500,2,11.4,1,2,299,115,
Glen Eira,1/78 Railway Rd,3163,10/1/2024,330000,1,11.4,1,1,0,33,1970
Glen Eira,1 Frogmore Rd,3163,11/1/2024,1600000,3,11.4,2,2,751,40,
Glen Eira,78b Miller St,3163,11/1/2024,1008000,3,11.4,2,1,300,130,1990
Glen Eira,1/38 Neville St,3163,12/1/2024,1170000,3,11.4,1,2,0,170,
Glen Eira,4 Vine Gr,3163,10/1/2024,1830000,4,11.4,2,2,687,237,1983
Glen Eira,12/66 Woornack Rd,3163,12/1/2024,250000,1,11.4,1,1,0,34,1960
Glen Eira,2/33 Oakleigh Rd,3163,12/1/2024,930000,2,11.4,2,1,166,170,2009
Glen Eira,2/22 Kokaribb Rd,3163,11/1/2024,465000,2,11.4,1,1,0,56,1970
Glen Eira,90 Truganini Rd,3163,12/1/2024,1550000,4,11.4,2,2,757,133,
Glen Eira,2/25 El Nido Gr,3163,12/1/2024,707000,2,11.4,1,1,144,96,2000
Glen Eira,4/299 Koornang Rd,3163,10/1/2024,804000,2,11.4,2,1,0,86,1993
Glen Eira,6 Longstaff St,3163,11/1/2024,1501000,4,11.4,2,1,598,201,1970
Glen Eira,1/108 Truganini Rd,3163,11/1/2024,970000,3,11.4,2,2,325,223,2005
Glen Eira,25 Arawatta St,3163,11/1/2024,817500,2,11.4,1,1,211,102,2002
Glen Eira,48 Lyons St,3163,10/1/2024,,4,11.4,2,2,557,200,
Glen Eira,2/79 Mimosa Rd,3163,12/1/2024,,2,11.4,1,1,158,106,1994
Glen Eira,2/61 Moonya Rd,3163,12/1/2024,675000,2,11.4,1,1,0,90,1968
Glen Eira,4/39 Kokaribb Rd,3163,10/1/2024,588000,2,11.4,1,1,133,71,2011
Glen Eira,1/60 Mimosa Rd,3163,10/1/2024,455000,2,11.4,1,1,0,73,1970
Glen Eira,2/59 Moonya Rd,3163,10/1/2024,920000,3,11.4,2,1,283,250,2005
Glen Eira,1/12 Kokaribb Rd,3163,10/1/2024,656000,2,11.4,1,1,103,82,1970
Glen Eira,2 Kokaribb Rd,3163,10/1/2024,930000,2,11.4,1,1,264,110,
Glen Eira,2/11 Maroona Rd,3163,,415000,2,11.4,1,1,0,64,1970
Glen Eira,5/60 Woornack Rd,3163,11/1/2024,650000,2,11.4,1,1,174,80,1975
Glen Eira,1/3 Coorigil Rd,3163,12/1/2024,1360000,3,11.4,2,2,282,182,2010
Glen Eira,2 Poplar Gr,3163,,907000,2,11.4,1,2,316,2,
Glen Eira,10/12 St Huberts Rd,3163,10/1/2024,350000,1,11.4,1,1,0,53,1980
Glen Eira,39 Elimatta Rd,3163,,1430000,3,11.4,2,2,603,166,
Glen Eira,21 Edgewood St,3163,,1490000,3,11.4,2,1,371,167,
Glen Eira,76 Oakleigh Rd,3163,11/1/2024,1125000,3,11.4,1,1,604,120,
Glen Eira,1/15 Rosstown Rd,3163,12/1/2024,405000,2,11.4,1,1,967,72,1970
Glen Eira,73 Truganini Rd,3163,10/1/2024,1655000,4,11.4,2,2,595,221,
Glen Eira,3/16 Yendon Rd,3163,,808000,3,11.4,1,1,111,116,1998
Glen Eira,14/82 Coorigil Rd,3163,12/1/2024,370000,2,11.4,1,1,0,68,1950
Glen Eira,22 Neville St,3163,10/1/2024,1880000,4,11.4,2,3,932,270,1970
Glen Eira,86 Neville St,3163,12/1/2024,896000,2,11.4,1,2,543,544,
Glen Eira,5/35 Moonya Rd,3163,10/1/2024,585000,2,11.4,1,1,108,67,1970
Glen Eira,5/102 Oakleigh Rd,3163,10/1/2024,450000,2,11.4,1,1,0,72,1970
Glen Eira,3/64 Woornack Rd,3163,10/1/2024,860000,3,11.4,1,2,277,135,1978
Glen Eira,1/58 Coorigil Rd,3163,12/1/2024,605000,2,11.4,1,1,0,70,1973
Glen Eira,44 Blackwood St,3163,11/1/2024,1518000,4,11.4,3,2,454,275,2000
Glen Eira,5/33 Gnarwyn Rd,3163,,632500,2,11.4,1,1,99,98,1965
Glen Eira,6/7 Judd St,3163,12/1/2024,435000,2,11.4,1,1,0,60,1980
Glen Eira,15/225 Koornang Rd,3163,10/1/2024,468250,2,11.4,1,1,912,75,2008
Glen Eira,26 Leila Rd,3163,,1716000,3,11.4,2,1,817,130,
Glen Eira,3/9 Maroona Rd,3163,10/1/2024,365000,1,11.4,1,1,0,48,1960
Glen Eira,6/5 Freeman St,3162,10/1/2024,722500,2,8.9,1,1,0,100,1960
Glen Eira,4/14 Briggs St,3162,,550000,2,8.9,1,1,806,78,1960
Glen Eira,30 Pyne St,3162,10/1/2024,131000,4,8.9,1,2,499,155,
Glen Eira,452 Dandenong Rd,3161,10/1/2024,1750000,3,8.1,2,2,692,313,1955
Glen Eira,12/378 Dandenong Rd,3161,12/1/2024,580000,2,8.1,1,1,934,68,2012
Glen Eira,25 Malvern Gr,3161,12/1/2024,2005000,3,8.1,2,3,361,237,2014
Glen Eira,9/400 Dandenong Rd,3161,12/1/2024,,2,8.1,1,1,0,56,2012
Glen Eira,8/359 Balaclava Rd,3161,10/1/2024,,1,8.1,1,1,952,43,1970
Glen Eira,9/370 Orrong Rd,3161,10/1/2024,570000,2,8.1,1,1,0,67,
Glen Eira,11 Arthur St,3161,10/1/2024,1400000,3,8.1,1,0,270,139,
Glen Eira,15/496 Dandenong Rd,3161,10/1/2024,450000,2,8.1,1,1,1092,63,2014
Glen Eira,1/13 Narong Rd,3161,10/1/2024,,2,8.1,1,1,771,82,1960
Glen Eira,3/388 Dandenong Rd,3161,,550000,2,8.1,1,1,0,67,2011
Glen Eira,123 Normanby Rd,3161,10/1/2024,2170000,4,8.1,2,1,810,215,
Glen Eira,26 Flowers St,3162,10/1/2024,1577500,3,9.3,2,2,357,144,
Glen Eira,5 Alder St,3162,10/1/2024,1460000,3,9.3,1,2,451,121,1960
Glen Eira,10/468 Kooyong Rd,3162,11/1/2024,275500,1,9.3,1,1,0,44,1960
Glen Eira,15 Dover St,3162,10/1/2024,1065000,2,9.3,1,1,273,114,
Glen Eira,4/21 Gardenvale Rd,3162,12/1/2024,599000,3,9.3,1,1,88,100,
Glen Eira,80 Sycamore St,3162,,1170000,3,9.3,1,1,359,120,
Glen Eira,1/2 Griffiths St,3162,11/1/2024,1030000,4,9.3,2,2,216,165,1995
Glen Eira,7A Alfada St,3162,12/1/2024,1225000,2,9.3,1,2,284,99,
Glen Eira,22 Sycamore St,3162,11/1/2024,1450000,3,9.3,2,1,478,120,
Glen Eira,8 Lygon St,3162,10/1/2024,1774500,4,9.3,2,2,575,256,2008
Glen Eira,1/19 Trevascus St,3162,11/1/2024,525500,2,9.3,1,1,831,80,1970
Glen Eira,23 Lygon St,3162,11/1/2024,825000,2,9.3,1,1,367,85,
Glen Eira,136 Sycamore St,3162,12/1/2024,1262000,2,9.3,2,2,464,272,2016
Glen Eira,89 Clarence St,3162,11/1/2024,,2,9.3,1,1,505,117,
Glen Eira,393 North Rd,3162,,,3,9.3,2,2,494,135,
Glen Eira,30 Cedar St,3162,12/1/2024,1001000,2,9.3,2,1,255,85,
Glen Eira,42 Poplar St,3162,10/1/2024,1330000,3,9.3,1,1,312,123,
Glen Eira,245 Booran Rd,3162,12/1/2024,1570000,4,9.3,2,2,641,215,1970
Glen Eira,364 Kooyong Rd,3162,12/1/2024,1916000,4,9.3,2,2,630,205,
Monash,8B Moorong St,3148,12/1/2024,890000,4,13.6,3,2,288,158,2014
Monash,2/44 Railway Pde S,3148,10/1/2024,700000,3,13.6,2,1,224,94,2006
Monash,2/4 Lenna Ct,3148,11/1/2024,865000,3,13.6,2,2,277,143,2010
Monash,2/12 Moorong St,3148,10/1/2024,1042500,4,13.6,3,2,209,160,2016
Monash,5 Bullarto St,3148,10/1/2024,1002000,2,13.6,1,1,585,97,1950
Monash,4/5 Rae St,3148,10/1/2024,650000,3,13.6,2,2,160,101,2000
Monash,1/19 Warrina St,3148,10/1/2024,965000,4,13.6,3,2,273,182,2012
Monash,7 Inga Ct,3148,11/1/2024,1301000,3,13.6,1,2,620,88,1970
Monash,2 Fitzroy Gr,3148,10/1/2024,1415500,4,13.6,2,1,1033,164,1950
Monash,4 Jacana Ct,3148,12/1/2024,1260000,4,13.6,2,2,500,277,2001
Monash,23 Jacana St,3148,10/1/2024,1000000,3,13.6,1,2,630,105,1960
Monash,2/2 Robert St,3148,,845000,3,13.6,2,1,177,111,2012
Monash,2/19 Thurloo St,3148,10/1/2024,881000,4,13.6,2,1,188,137,2014
Yarra,66 Noone St,3068,12/1/2024,,2,3.4,1,1,155,85,
Yarra,13 Caroline St,3068,11/1/2024,1060000,3,3.4,1,0,193,98,
Yarra,3/68 Noone St,3068,11/1/2024,930000,3,3.4,2,1,124,116,2000
Yarra,119 Roseneath St,3068,10/1/2024,1075000,2,3.4,1,1,174,85,
Yarra,85 Roseneath St,3068,10/1/2024,1105000,2,3.4,1,1,185,84,
Yarra,413a Wellington St,3068,12/1/2024,,2,3.4,1,1,140,97,
Yarra,32 Caroline St,3068,10/1/2024,3010000,4,3.4,3,2,382,250,
Yarra,17 Myrtle St,3068,12/1/2024,1435000,2,3.4,1,2,239,96,
Yarra,40 Myrtle St,3068,10/1/2024,1290000,2,3.4,1,0,164,99,
Yarra,3/30 Edmund St,3068,10/1/2024,495000,2,3.4,1,1,515,50,1970
Yarra,11 Page St,3068,12/1/2024,1370000,3,3.4,2,1,176,135,
Yarra,31 Fenwick St,3068,12/1/2024,1450000,2,3.4,1,0,156,107,
Yarra,7/37 Groom St,3068,10/1/2024,885500,2,3.4,2,2,0,136,2005
Yarra,18 Barries Pl,3068,12/1/2024,825000,3,3.4,3,1,67,119,2010
Yarra,1/1 Marshall Pl,3068,,1506000,4,3.4,2,0,162,169,1995
Yarra,3 Hodgkinson St,3068,12/1/2024,1360000,3,3.4,1,0,118,118,
Moreland,29 Molesworth St,3058,12/1/2024,850000,2,7.8,1,1,371,93,
Moreland,10 Shackell St,3058,10/1/2024,784000,3,7.8,1,1,286,110,
Moreland,37 Elizabeth St,3058,12/1/2024,680000,3,7.8,1,0,702,108,1950
Moreland,1/58 Moore St,3058,10/1/2024,807000,2,7.8,2,1,0,176,2010
Moreland,8 Watchtower Rd,3058,10/1/2024,675000,3,7.8,1,2,142,123,2005
Moreland,12 Hardwick St,3058,11/1/2024,1010000,3,7.8,2,1,278,278,
Moreland,3 Mavis St,3058,10/1/2024,1202000,3,7.8,2,2,423,140,
Moreland,243 Moreland Rd,3058,11/1/2024,1370000,3,7.8,1,1,233,180,
Moreland,45 Portland St,3058,10/1/2024,1000000,3,7.8,2,3,370,110,
Moreland,171 Moreland Rd,3058,12/1/2024,145000,4,7.8,1,1,536,164,
Moreland,33 Wellington St,3058,,860000,3,7.8,1,1,283,109,
Moreland,16 Linda St,3058,11/1/2024,953000,2,7.8,1,1,170,101,
Moreland,6 Shackell St,3058,12/1/2024,735000,2,7.8,1,1,280,93,
Moreland,15/1 Manna Gum Ct,3058,12/1/2024,550000,3,7.8,2,2,0,168,
Moreland,27 Higinbotham St,3058,10/1/2024,947000,3,7.8,1,1,372,125,
Moreland,2/6 McKay St,3058,10/1/2024,500000,2,7.8,1,1,0,74,1970
Moreland,7/13 Clarendon St,3058,10/1/2024,,2,7.8,1,1,0,62,1980
Moreland,3/58 Moore St,3058,10/1/2024,740000,3,7.8,2,1,255,164,2014
Moreland,105 Moreland Rd,3058,11/1/2024,812000,3,7.8,1,1,370,130,
Moreland,107 Moreland Rd,3058,,766000,3,7.8,1,0,378,124,
Moreland,109 Moreland Rd,3058,11/1/2024,,3,7.8,1,1,374,118,
Moreland,2 Quarry Cct,3058,11/1/2024,1131000,4,7.8,2,2,494,300,2001
Moreland,114 Reynard St,3058,11/1/2024,1064000,3,7.8,2,1,417,178,
Moreland,60 Glengyle St,3058,11/1/2024,1210000,3,7.8,1,1,379,125,
Moreland,8/6 McKay St,3058,11/1/2024,434000,2,7.8,1,1,0,80,1965
Moreland,4/44 Victoria St,3058,10/1/2024,653000,2,7.8,1,1,129,107,2012
Moreland,2/118 Bruce St,3058,10/1/2024,640000,3,7.8,1,2,119,109,1995
Moreland,41 Service St,3058,12/1/2024,1130000,3,7.8,1,2,735,127,
Moreland,1e The Avenue,3058,11/1/2024,,3,7.8,2,1,107,110,1994
Moreland,53 Hawthorn St,3058,10/1/2024,903000,2,7.8,1,1,253,94,
Moreland,4 Miller St,3058,11/1/2024,,3,7.8,1,1,431,117,1970
Moreland,13 Shaftsbury St,3058,12/1/2024,1742000,4,7.8,2,4,482,256,2006
Moreland,12 Gordon St,3058,10/1/2024,865000,4,7.8,1,1,452,125,
Moreland,11/5 Industry La,3058,12/1/2024,485000,2,7.8,2,1,0,96,
Moreland,23 Berry St,3058,12/1/2024,,3,7.8,2,3,405,156,
Moreland,4/93 Harding St,3058,11/1/2024,590000,3,7.8,2,2,0,109,2013
Moreland,15/1 Manna Gum Ct,3058,11/1/2024,590000,3,7.8,2,2,0,168,
Moreland,19 Audley St,3058,12/1/2024,1136000,4,7.8,3,1,420,146,
Moreland,13 Carron St,3058,10/1/2024,635000,2,7.8,1,1,97,95,2014
Moreland,203 Munro St,3058,12/1/2024,1400000,4,7.8,1,1,856,189,1970
Moreland,8 Gilbert St,3058,11/1/2024,1260000,3,7.8,2,0,407,230,
Moreland,52 Stawell St,3058,10/1/2024,841000,3,7.8,1,3,385,98,
Moreland,4/2 Vincent St,3058,11/1/2024,537500,2,7.8,1,1,0,73,1975
Moreland,5/39 Service St,3058,11/1/2024,598000,2,7.8,1,1,108,100,2007
Moreland,2 Walsh St,3058,11/1/2024,,3,7.8,2,1,293,180,2006
Moreland,24 Webb St,3058,10/1/2024,870000,3,7.8,1,1,371,100,1980
Moreland,27 Bruce St,3058,,680000,3,7.8,1,2,462,72,
Moreland,155 Nicholson St,3058,10/1/2024,825000,3,7.8,1,2,577,131,
Moreland,11 Station St,3058,12/1/2024,725000,3,7.8,1,0,238,131,
Moreland,144 The Avenue,3058,11/1/2024,1250000,4,7.8,3,1,515,249,
Moreland,2 Franklin St,3058,11/1/2024,1008000,2,7.8,1,3,457,89,
Moreland,1 Shaftsbury St,3058,12/1/2024,990000,4,7.8,1,1,488,142,
Moreland,3/30 Shaftsbury St,3058,10/1/2024,451000,2,7.8,1,1,0,72,1970
Moreland,211 Bell St,3058,11/1/2024,635000,2,7.8,2,3,339,149,
Moreland,15 Hardwick St,3058,12/1/2024,1020000,5,7.8,2,4,381,286,1985
Moreland,32A Kelson St,3058,10/1/2024,1025000,3,7.8,1,3,336,112,1950
Moreland,37 Kelson St,3058,12/1/2024,700000,3,7.8,1,1,138,102,2000
Moreland,48 Murray St,3058,11/1/2024,1130000,3,7.8,1,3,206,80,
Moreland,212 Reynard St,3058,12/1/2024,1075000,4,7.8,1,4,531,187,
Moreland,2/618 Sydney Rd,3058,12/1/2024,600000,3,7.8,1,1,102,95,1976
Moreland,14 Rose St,3058,,1150000,4,7.8,2,2,43,205,
Moreland,3/19 Chandos St,3058,11/1/2024,515000,2,7.8,1,2,0,70,1970
Moreland,5/228 Reynard St,3058,11/1/2024,472000,2,7.8,1,1,500,69,1975
Moreland,32 Rose St,3058,11/1/2024,901000,2,7.8,1,1,545,107,
Moreland,1/51 The Grove,3058,10/1/2024,,2,7.8,1,1,0,13,1969
Moreland,3/117 Gordon St,3058,12/1/2024,687000,3,7.8,1,1,116,140,1995
Moreland,100 Reynard St,3058,11/1/2024,975000,4,7.8,2,2,307,203,1996
Moreland,9 Beckley St,3058,12/1/2024,1370000,3,7.8,1,1,563,130,
Moreland,265 Bell St,3058,,700000,2,7.8,1,2,381,92,
Moreland,2/44 Berry St,3058,12/1/2024,810000,3,7.8,2,1,213,131,2010
Moreland,13 Kaye Ct,3058,11/1/2024,838000,4,7.8,1,1,576,147,1960
Moreland,5 Saunders St,3058,10/1/2024,1150000,4,7.8,1,2,633,164,1990
Moreland,6 Younger St,3058,10/1/2024,931000,4,7.8,1,1,412,160,
Moreland,10/23 Baxter St,3058,12/1/2024,241000,1,7.8,1,1,0,62,1976
Moreland,40 Elizabeth St,3058,10/1/2024,1007000,1,7.8,2,0,807,1,
Moreland,29 Hardwick St,3058,11/1/2024,981000,2,7.8,1,1,263,114,
Moreland,18 Industry La,3058,10/1/2024,570000,2,7.8,1,1,0,86,
Moreland,1/38 Victoria St,3058,10/1/2024,500000,2,7.8,1,1,113,70,1970
Moreland,15 Ronald St,3058,11/1/2024,655000,3,9.2,1,0,404,98,1950
Moreland,3/1 Headley St,3058,11/1/2024,631000,3,9.2,1,1,178,120,2012
Moreland,5/1 Headley St,3058,12/1/2024,600000,2,9.2,1,1,145,105,2010
Moreland,4 Pixel Cct,3058,10/1/2024,715000,3,9.2,2,2,173,120,2010
Moreland,27 McMahons Rd,3058,10/1/2024,864000,3,9.2,1,2,565,115,1950
Moreland,7 Manly Ct,3058,10/1/2024,700000,3,9.2,1,2,626,108,1950
Moreland,2b Rollo St,3058,,591000,2,9.2,1,1,0,86,2008
Moreland,17 Mathieson St,3058,10/1/2024,860000,3,9.2,1,3,586,145,1950
Moreland,4 Sharp Gr,3058,10/1/2024,,2,9.2,1,2,563,116,
Moreland,13 Pixel Cct,3058,,625000,3,9.2,1,2,104,138,2014
Moreland,1 Boyne St,3058,12/1/2024,745000,2,9.2,1,3,526,90,
Moreland,19A Tilley St,3058,11/1/2024,1050000,4,9.2,3,2,501,258,2016
Moreland,17 Convent Ct,3058,10/1/2024,935000,2,9.2,1,2,833,107,1960
Moreland,1 McDonnell Rd,3058,12/1/2024,820000,2,9.2,1,4,629,120,1960
Moreland,5 Rollo St,3058,10/1/2024,780000,3,9.2,1,2,307,96,1950
Moreland,25 Williams Rd,3058,12/1/2024,707000,3,9.2,2,3,556,129,1950
Moreland,127 Elizabeth St,3058,10/1/2024,637000,3,9.2,1,4,498,97,1950
Moreland,143 Elizabeth St,3058,12/1/2024,950000,4,9.2,2,2,298,231,2013
Moreland,3 Golf Rd,3058,12/1/2024,860000,3,9.2,2,3,472,134,1970
Moreland,27 Snapshot Dr,3058,,1172000,5,9.2,3,2,425,37,2014
Darebin,64 Elizabeth St,3058,10/1/2024,650000,3,9.2,1,1,407,95,
Moreland,24 Norris St,3058,11/1/2024,792000,4,9.2,2,1,320,131,1950
Moreland,45 Shorts Rd,3058,,720000,3,9.2,1,2,499,105,1970
Moreland,2 Carr St,3058,12/1/2024,970000,3,9.2,1,2,575,129,1960
Yarra,130 Keele St,3066,12/1/2024,890000,2,1.6,1,1,178,70,
Yarra,10/79 Oxford St,3066,,1260000,2,1.6,1,1,0,129,
Yarra,2/79 Oxford St,3066,11/1/2024,855000,2,1.6,1,1,2886,122,
Yarra,15/18 Islington St,3066,10/1/2024,,3,1.6,2,2,0,151,2000
Yarra,6/78 Oxford St,3066,10/1/2024,910000,2,1.6,1,1,0,97,
Yarra,9/22 Stanley St,3066,,452000,1,1.6,1,1,816,53,2000
Yarra,110/3 Hoddle St,3066,,415000,1,1.6,1,1,3701,62,2005
Yarra,307/11 Hoddle St,3066,12/1/2024,372000,1,1.6,1,1,0,65,2005
Yarra,5/77 Little Oxford St,3066,10/1/2024,1326000,3,1.6,2,1,0,190,2013
Yarra,1/79 Oxford St,3066,,1230000,2,1.6,2,1,0,153,
Yarra,382 Wellington St,3066,11/1/2024,855000,2,1.6,1,0,130,80,
Yarra,4/13 Alexander St,3066,10/1/2024,457000,1,1.6,1,1,406,49,1970
Yarra,1/60 Budd St,3066,11/1/2024,897500,3,1.6,2,1,82,82,1995
Yarra,82 Sackville St,3066,11/1/2024,1265000,2,1.6,1,1,282,112,
Yarra,84 Budd St,3066,12/1/2024,1075000,3,1.6,1,0,183,104,
Yarra,2/13 Alexander St,3066,10/1/2024,366000,1,1.6,1,1,0,44,1970
Yarra,6 Forest St,3066,10/1/2024,981000,2,1.6,1,0,188,107,
Yarra,10/76 Oxford St,3066,10/1/2024,683000,2,1.6,1,1,0,92,
Yarra,107/10 Stanley St,3066,12/1/2024,430000,1,1.6,1,1,0,52,
Yarra,5 Charlotte St,3066,10/1/2024,1000000,2,1.6,1,2,159,86,
Yarra,2/60 Budd St,3066,,887500,3,1.6,2,1,81,82,2000
Yarra,10/30 Mater St,3066,11/1/2024,,2,1.6,2,1,1060,88,2010
Yarra,8/79 Oxford St,3066,10/1/2024,1500000,3,1.6,2,2,0,159,
Yarra,5/61 Little Oxford St,3066,11/1/2024,672000,2,1.6,1,1,0,60,2002
Yarra,8/115 Oxford St,3066,10/1/2024,800000,2,1.6,1,1,0,91,
Yarra,12/120 Cambridge St,3066,12/1/2024,1645000,2,1.6,1,3,0,2,
Yarra,29/78 Oxford St,3066,10/1/2024,860000,2,1.6,2,1,0,114,
Manningham,5 Boyd St,3108,10/1/2024,1403000,3,13.9,1,4,727,123,1970
Manningham,19 Hanke Rd,3108,10/1/2024,,3,13.9,1,1,638,115,1970
Manningham,33 Thiele St,3108,12/1/2024,1396000,4,13.9,1,2,658,138,1975
Manningham,2 Nola St,3108,11/1/2024,1125000,3,13.9,2,2,819,173,1970
Manningham,8/3 Carnarvon St,3108,11/1/2024,700000,3,13.9,2,2,0,119,2007
Manningham,1a Morris St,3108,12/1/2024,1152000,4,13.9,2,2,336,176,2007
Manningham,5 Arnold Gr,3108,12/1/2024,1868000,4,13.9,2,2,925,218,1960
Manningham,22 Saxon St,3108,12/1/2024,,4,13.9,2,2,317,194,1995
Manningham,3/37 Highview Dr,3108,12/1/2024,910000,3,13.9,2,2,299,135,2001
Manningham,3 Maralee Pl,3108,11/1/2024,1850000,3,13.9,1,2,1073,143,1960
Manningham,41 Pettys La,3108,12/1/2024,1225000,4,13.9,3,2,740,185,1985
Manningham,33 Somerville St,3108,10/1/2024,1316000,4,13.9,2,2,716,155,1965
Manningham,36 Henry St,3108,10/1/2024,1400000,5,13.9,3,2,656,320,1985
Manningham,49 Burgundy Dr,3108,,2168000,5,13.9,5,2,669,395,2016
Manningham,35 Bordeaux St,3108,,1430000,4,13.9,2,2,655,170,1970
Manningham,5/333 George St,3108,11/1/2024,772000,3,13.9,2,1,203,109,1986
Manningham,28 Dunoon St,3108,11/1/2024,1468000,4,13.9,2,2,806,170,1975
Manningham,1/10 Madeleine St,3108,,753000,4,13.9,1,1,241,105,1970
Manningham,18c High St,3108,11/1/2024,746000,3,13.9,2,2,118,106,2013
Manningham,19 Gilmore Rd,3108,12/1/2024,1485000,3,13.9,2,2,731,140,1960
Manningham,22 Menarra St,3108,10/1/2024,1190000,3,13.9,1,1,658,140,1960
Manningham,31 Massey St,3108,10/1/2024,900000,3,13.9,2,2,366,150,2013
Manningham,4 Benton Ct,3108,12/1/2024,1250000,3,13.9,2,1,728,150,1965
Manningham,2 Louise Ct,3108,,1030000,3,13.9,1,1,827,100,1960
Manningham,4/98 Church Rd,3108,12/1/2024,985000,4,13.9,2,2,182,160,1998
Manningham,15 Glenda St,3108,11/1/2024,1300000,3,13.9,1,2,651,119,1970
Manningham,46 Winston Dr,3108,,1462500,4,13.9,3,2,654,160,1969
Manningham,24 Outlook Dr,3108,10/1/2024,1250000,3,13.9,2,2,900,195,1970
Manningham,7 Reddan Ct,3108,10/1/2024,1460800,4,13.9,3,2,654,305,1970
Manningham,18 Roseland Gr,3108,,,3,13.9,2,2,648,129,1980
Manningham,5 Iskandar Pl,3108,12/1/2024,1650000,5,13.9,4,2,500,429,2007
Manningham,741 Elgar Rd,3108,10/1/2024,1391000,3,13.9,1,1,764,175,1965
Manningham,4/20 Wetherby Rd,3108,10/1/2024,452000,2,13.9,1,1,67,68,1975
Manningham,3/103 Church Rd,3108,10/1/2024,1102200,3,13.9,2,2,233,175,2012
Manningham,378 Manningham Rd,3108,,1401000,4,13.9,3,2,650,261,1970
Manningham,5 Robin Ct,3108,12/1/2024,1782000,4,13.9,3,3,586,306,2002
Manningham,12 Norfolk Cct,3108,,1520000,4,13.9,3,2,657,275,2010
Manningham,13b Outlook Dr,3108,10/1/2024,,3,13.9,2,2,0,163,2001
Manningham,3/11 Frank St,3108,11/1/2024,973500,4,13.9,2,2,234,160,2009
Manningham,183a High St,3108,11/1/2024,751800,3,13.9,1,2,109,120,2001
Manningham,8 Howard Ct,3108,10/1/2024,1100000,3,13.9,2,2,771,169,1960
Manningham,394 Manningham Rd,3108,10/1/2024,1202000,3,13.9,2,2,649,150,1965
Manningham,25 Outlook Dr,3108,12/1/2024,1362000,3,13.9,1,2,798,132,1960
Manningham,7 Botanic Dr,3108,12/1/2024,1810000,4,13.9,2,4,769,240,1970
Manningham,34 Ayr St,3108,11/1/2024,826000,3,13.9,1,4,192,278,
Banyule,6 Ashby Gr,3084,11/1/2024,1901000,5,10.3,2,2,963,225,
Banyule,76 Castle St,3084,11/1/2024,1650000,4,10.3,3,2,724,327,
Banyule,27 Glen Dr,3084,,1816000,3,10.3,1,2,846,180,1955
Banyule,1/16 Cape St,3084,10/1/2024,,2,10.3,1,1,79,70,1970
Banyule,61 Glenard Dr,3084,11/1/2024,2050000,4,10.3,3,2,723,290,1950
Banyule,47 Ormond Rd,3084,11/1/2024,1930000,5,10.3,2,1,939,236,
Banyule,14 Cumberland St,3084,12/1/2024,2600000,4,10.3,2,3,871,322,
Banyule,2/12 Ashby Gr,3084,12/1/2024,600000,2,10.3,1,1,112,95,1970
Banyule,34 Durham St,3084,12/1/2024,1601000,3,10.3,1,1,872,136,1960
Banyule,107 Banksia St,3084,12/1/2024,1100000,3,10.3,2,1,555,300,1988
Banyule,8 Outlook Dr,3084,12/1/2024,2550000,4,10.3,2,2,1484,478,1970
Banyule,2/84 The Righi,3084,12/1/2024,1190000,3,10.3,2,2,0,148,1975
Banyule,13 Warne St,3084,12/1/2024,2012000,4,10.3,3,2,597,245,
Banyule,20 Glenard Dr,3084,10/1/2024,2309000,4,10.3,3,2,1177,291,1960
Glen Eira,30 Ross St,3185,11/1/2024,900000,2,8.5,1,2,239,110,
Glen Eira,393 Kooyong Rd,3185,10/1/2024,1625000,3,8.5,2,2,447,181,
Glen Eira,8 Ross St,3185,11/1/2024,1100000,4,8.5,2,0,147,159,
Glen Eira,4 Buxton St,3185,11/1/2024,1755000,3,8.5,2,1,391,173,
Glen Eira,44 Hartington St,3185,11/1/2024,1400000,4,8.5,1,1,489,150,
Glen Eira,1/34 Clarence St,3185,,1240000,3,8.5,2,2,319,123,1990
Glen Eira,1/20 College St,3185,,700000,2,8.5,1,2,99,92,
Glen Eira,4/585 Glen Huntly Rd,3185,11/1/2024,591000,2,8.5,1,1,815,62,2008
Glen Eira,14/18 King St,3185,12/1/2024,537000,2,8.5,1,1,0,79,1970
Glen Eira,3/26 Ross St,3185,,800000,3,8.5,2,2,331,112,2010
Glen Eira,12 Rusden St,3185,10/1/2024,965000,3,8.5,1,2,275,119,
Glen Eira,2/21 Gisborne St,3185,12/1/2024,1160000,2,8.5,2,2,155,137,2011
Glen Eira,11/39 Horne St,3185,12/1/2024,,3,8.5,2,2,108,3,2002
Glen Eira,17 Staniland Gr,3185,11/1/2024,2600000,4,8.5,2,2,527,184,
Glen Eira,5 Baxter St,3185,12/1/2024,1390000,3,8.5,1,2,463,102,
Glen Eira,3/477 Kooyong Rd,3185,10/1/2024,1071000,3,8.5,2,2,179,125,2000
Glen Eira,21 Liscard St,3185,11/1/2024,1800000,3,8.5,2,2,492,181,
Glen Eira,2 Park St,3185,10/1/2024,2345000,3,8.5,2,1,419,204,
Glen Eira,5/16 St Georges Rd,3185,11/1/2024,741000,2,8.5,1,1,176,260,1966
Glen Eira,12/66 Riddell Pde,3185,10/1/2024,,2,8.5,1,1,1764,100,
Glen Eira,1 Bent St,3185,10/1/2024,2160000,3,8.5,1,1,590,185,
Glen Eira,15 Murray St,3185,11/1/2024,3000000,4,8.5,2,2,661,204,
Glen Eira,9 Ripon Gr,3185,,1650000,4,8.5,3,2,386,185,
Glen Eira,17/39 Horne St,3185,12/1/2024,850000,3,8.5,2,2,108,142,2000
Glen Eira,87 Orrong Rd,3185,12/1/2024,,3,8.5,2,2,517,207,
Glen Eira,31 Prentice St,3185,10/1/2024,1450000,3,8.5,1,2,351,108,
Glen Eira,20 Shoobra Rd,3185,10/1/2024,2806000,4,8.5,3,2,669,255,
Glen Eira,1/28 Clarence St,3185,10/1/2024,782000,3,8.5,1,1,0,95,1970
Glen Eira,5/39 Horne St,3185,,1007000,4,8.5,2,2,125,200,2000
Glen Eira,3 Clarence St,3185,,1450000,4,8.5,2,2,376,192,
Glen Eira,37/2 Gordon St,3185,11/1/2024,500000,2,8.5,1,1,0,59,2006
Glen Eira,53 Shoobra Rd,3185,12/1/2024,2600000,4,8.5,3,2,701,273,
Glen Eira,22 Ross St,3185,10/1/2024,895000,2,8.5,1,1,147,81,
Glen Eira,22 Carlingford St,3185,10/1/2024,2050000,4,8.5,3,2,420,270,2016
Glen Eira,275 Kooyong Rd,3185,11/1/2024,,3,8.5,1,1,418,152,
Port Phillip,8/44 Southey St,3184,10/1/2024,520000,1,7.7,1,1,0,51,
Port Phillip,2/131 Brighton Rd,3184,11/1/2024,507000,2,7.7,1,1,0,79,1970
Port Phillip,6/217 Brighton Rd,3184,10/1/2024,525000,2,7.7,1,1,553,83,1960
Port Phillip,4/6 May St,3184,,750000,2,7.7,1,1,0,71,
Port Phillip,10/125 Ormond Rd,3184,11/1/2024,510000,1,7.7,1,1,0,60,2001
Port Phillip,14/9 Southey St,3184,11/1/2024,300000,1,7.7,1,0,0,33,
Port Phillip,4 Wilton Gr,3184,11/1/2024,1395000,3,7.7,2,1,400,126,1996
Port Phillip,12/27 Dickens St,3184,,855000,2,7.7,1,1,1966,85,1960
Port Phillip,8/203 Brighton Rd,3184,10/1/2024,790000,2,7.7,1,2,0,85,
Port Phillip,9/63 Ormond Rd,3184,10/1/2024,550000,2,7.7,1,1,0,68,1960
Port Phillip,7/8 John St,3184,11/1/2024,357000,1,7.7,1,1,0,50,1965
Port Phillip,7 Moore St,3184,,1210000,2,7.7,1,0,163,92,
Port Phillip,5/3 Ruskin St,3184,12/1/2024,825000,2,7.7,1,2,0,86,
Port Phillip,31 Shelley St,3184,12/1/2024,1050000,3,7.7,1,0,257,138,
Port Phillip,1/99 Spray St,3184,10/1/2024,632000,2,7.7,1,1,0,54,1970
Port Phillip,2/147 Glen Huntly Rd,3184,10/1/2024,485000,1,7.7,1,1,0,43,1970
Port Phillip,2/6 Southey St,3184,11/1/2024,575000,2,7.7,1,0,483,57,1950
Port Phillip,6/43 Milton St,3184,10/1/2024,590000,2,7.7,1,1,0,77,1970
Port Phillip,76 Byron St,3184,,1238000,3,7.7,2,1,116,119,1996
Glen Eira,7/122 Glen Huntly Rd,3184,11/1/2024,510000,2,7.7,1,1,0,62,1950
Port Phillip,32 Burns St,3184,,1875000,4,7.7,2,0,223,173,
Port Phillip,22/29 Dickens St,3184,10/1/2024,780000,3,7.7,1,1,0,100,1960
Port Phillip,2/509 St Kilda St,3184,,878500,3,7.7,2,1,75,122,2002
Port Phillip,5 Tiuna Gr,3184,11/1/2024,3572000,3,7.7,2,6,737,207,
Port Phillip,2/21 Milton St,3184,11/1/2024,560000,2,7.7,1,0,0,70,
Port Phillip,4/41 Shelley St,3184,,765000,2,7.7,1,0,0,88,
Port Phillip,3/145 Glen Huntly Rd,3184,12/1/2024,670000,2,7.7,2,1,0,84,1970
Port Phillip,2 Docker St,3184,11/1/2024,,3,7.7,2,1,246,133,1950
Port Phillip,13/9 Milton St,3184,12/1/2024,1122000,2,7.7,2,1,0,104,
Port Phillip,6 Daley St,3184,12/1/2024,2400000,4,7.7,2,2,560,185,
Port Phillip,7/435 St Kilda St,3184,12/1/2024,655000,2,7.7,1,1,0,70,1965
Port Phillip,2/129 Brighton Rd,3184,12/1/2024,684000,2,7.7,1,0,0,98,
Port Phillip,6/26 Ruskin St,3184,10/1/2024,,2,7.7,1,1,0,63,1970
Port Phillip,5/106 Addison St,3184,11/1/2024,680000,2,7.7,1,1,0,67,
Port Phillip,5/9 Dickens St,3184,12/1/2024,600000,2,7.7,1,1,0,75,1960
Port Phillip,7/76 Mitford St,3184,12/1/2024,370000,1,7.7,1,1,0,51,1960
Port Phillip,3/211 Brighton Rd,3184,10/1/2024,,1,7.7,1,1,644,47,1960
Port Phillip,8/68 Goldsmith St,3184,12/1/2024,630000,2,7.7,1,1,0,70,
Port Phillip,2/4 Southey Ct,3184,11/1/2024,640000,2,7.7,1,0,0,80,
Port Phillip,201/115 Tennyson St,3184,11/1/2024,932000,2,7.7,2,1,799,110,2012
Port Phillip,7/9 Tiuna Gr,3184,12/1/2024,645000,2,7.7,1,1,0,75,1975
Port Phillip,1/6 Wave St,3184,,347000,1,7.7,1,1,0,37,1970
Port Phillip,3/1 Garden Ct,3184,12/1/2024,875000,2,7.7,1,1,0,83,
Port Phillip,7/25 Kingsley St,3184,12/1/2024,582500,2,7.7,1,1,0,65,1970
Port Phillip,2/99 Spray St,3184,12/1/2024,570000,2,7.7,1,1,0,50,
Port Phillip,53 Addison St,3184,10/1/2024,1875000,4,7.7,3,0,235,211,2005
Port Phillip,3/58 Byron St,3184,,340000,1,7.7,1,1,0,42,1970
Port Phillip,78 Dickens St,3184,10/1/2024,2200000,4,7.7,3,2,348,218,
Port Phillip,1/127 Glen Huntly Rd,3184,10/1/2024,,2,7.7,1,1,0,69,
Port Phillip,6/115 Brighton Rd,3184,,730000,2,7.7,1,1,0,85,
Port Phillip,10/229 Brighton Rd,3184,11/1/2024,,2,7.7,1,0,0,47,
Port Phillip,4/79 Mitford St,3184,,920000,3,7.7,2,2,758,18,2010
Port Phillip,32 Milton St,3184,12/1/2024,1830000,3,7.7,2,2,374,162,
Moonee Valley,6 Buckley St,3040,10/1/2024,1425000,3,8,2,2,684,147,1950
Moonee Valley,1/28 Gilbertson St,3040,11/1/2024,660000,2,8,1,1,263,113,1980
Moonee Valley,3/85 Tennyson St,3040,11/1/2024,550000,2,8,1,1,0,83,1980
Moonee Valley,16 Kendall St,3040,10/1/2024,1295000,3,8,1,3,688,105,
Moonee Valley,3/113 Tennyson St,3040,11/1/2024,595000,2,8,1,2,752,89,1990
Moonee Valley,2/96 Cooper St,3040,11/1/2024,911000,3,8,2,2,225,98,2008
Moonee Valley,15 Albion St,3040,10/1/2024,900000,4,8,2,1,288,210,1980
Moonee Valley,1/9 Ardoch St,3040,10/1/2024,645000,2,8,1,1,0,76,1980
Moonee Valley,3/10 Kendall St,3040,10/1/2024,702500,2,8,1,1,168,77,2008
Moonee Valley,76 Ogilvie St,3040,12/1/2024,,3,8,1,2,549,106,1950
Moonee Valley,32 Vanberg Rd,3040,10/1/2024,1670000,4,8,2,1,291,183,
Moonee Valley,242 Buckley St,3040,11/1/2024,1100000,3,8,2,1,789,257,
Moonee Valley,55 Richardson St,3040,11/1/2024,1800000,4,8,2,2,648,215,
Moonee Valley,33 Deakin St,3040,10/1/2024,,4,8,3,2,374,267,2015
Moonee Valley,45 Ogilvie St,3040,,1130000,2,8,1,1,646,100,1950
Moonee Valley,1/10 Loeman St,3040,12/1/2024,,2,8,1,3,0,55,1975
Moonee Valley,65 Napier St,3040,12/1/2024,1467000,3,8,2,2,188,171,
Moonee Valley,59 Hedderwick St,3040,,2800000,5,8,4,6,877,378,2005
Moonee Valley,22 Nimmo St,3040,10/1/2024,1160000,4,8,3,2,256,217,2015
Moonee Valley,8 Monica St,3040,12/1/2024,2620000,6,8,4,2,860,355,
Moonee Valley,82 Price St,3040,10/1/2024,1226000,3,8,1,3,533,125,1955
Moonee Valley,26 Bradshaw St,3040,12/1/2024,1402000,4,8,2,1,554,193,
Moonee Valley,62 Mary St,3040,12/1/2024,855000,3,8,1,2,396,116,1950
Moonee Valley,74 Forrester St,3040,12/1/2024,1275000,4,8,2,2,503,160,2008
Moonee Valley,125a Ogilvie St,3040,11/1/2024,1590000,4,8,3,1,475,272,2007
Moonee Valley,4/6 Riverview Rd,3040,11/1/2024,606000,2,8,1,2,0,93,1972
Moonee Valley,18 Vanberg Rd,3040,11/1/2024,1385000,3,8,2,1,619,137,
Moonee Valley,159 Cooper St,3040,10/1/2024,650000,3,8,2,1,160,129,1985
Moonee Valley,5/322 Buckley St,3040,11/1/2024,,2,8,1,1,0,72,1960
Moonee Valley,54 Ogilvie St,3040,11/1/2024,1000000,3,8,2,1,291,224,2013
Moonee Valley,2/16 Braemar St,3040,11/1/2024,520000,2,8,1,2,0,73,1975
Moonee Valley,124c Hoffmans Rd,3040,11/1/2024,720000,3,8,1,2,190,142,1999
Moonee Valley,33 McCarron Pde,3040,12/1/2024,1635000,4,8,1,2,638,227,
Moonee Valley,13/947 Mt Alexander Rd,3040,11/1/2024,485000,2,8,1,1,0,73,2010
Moonee Valley,2 Cooke St,3040,11/1/2024,1575000,5,8,3,2,700,454,1988
Moonee Valley,9/160 Napier St,3040,11/1/2024,280000,1,8,1,1,0,49,1960
Moonee Valley,211 Napier St,3040,12/1/2024,1467000,4,8,2,1,683,145,
Moonee Valley,20 Warner St,3040,11/1/2024,890000,2,8,1,1,649,108,1950
Moonee Valley,11 McPhail St,3040,10/1/2024,870000,2,8,1,2,319,120,
Moonee Valley,49 Albion St,3040,11/1/2024,1134000,3,8,1,1,551,114,1950
Moonee Valley,3/23 Daisy St,3040,12/1/2024,320500,1,8,1,1,0,52,1970
Moonee Valley,2 McHale Ct,3040,12/1/2024,1065000,2,8,1,2,477,143,1960
Moonee Valley,37 Woodland St,3040,,,4,8,2,2,601,250,2010
Moonee Valley,24A Daisy St,3040,10/1/2024,930000,2,8,1,2,225,107,1990
Moonee Valley,5/36 King St,3040,12/1/2024,395000,2,8,1,1,0,68,1975
Moonee Valley,101 McCracken St,3040,12/1/2024,1470000,3,8,1,1,687,120,2016
Moonee Valley,1/247 Keilor Rd,3040,12/1/2024,750000,3,8,1,1,253,145,1997
Moonee Valley,3/7 Violet St,3040,11/1/2024,390000,2,8,1,1,0,66,1970
Moonee Valley,1/16 Leake St,3040,,1170000,4,8,2,2,0,180,2013
Moonee Valley,55 Lincoln Rd,3040,10/1/2024,1600000,4,8,3,1,519,218,
Moonee Valley,33 McCarron Pde,3040,10/1/2024,1535000,4,8,1,2,638,227,
Moonee Valley,4/20 William St,3040,10/1/2024,435000,2,8,1,1,0,66,1970
Moonee Valley,22 Tweedside St,3040,12/1/2024,1460000,3,8,2,1,605,138,
Moonee Valley,1/15 Gilbertson St,3040,12/1/2024,736000,2,8,1,1,0,106,
Moonee Valley,5/12 Schofield St,3040,10/1/2024,450000,2,8,1,1,0,65,1970
Moonee Valley,1/35 William St,3040,10/1/2024,740000,2,8,1,1,250,104,1988
Moonee Valley,1/19 Cameron Rd,3040,12/1/2024,691000,2,8,1,1,201,80,1995
Moonee Valley,18 Lorraine St,3040,10/1/2024,2355000,4,8,2,3,715,273,
Moonee Valley,31 Graves St,3040,10/1/2024,1625000,3,8,2,1,858,165,
Moonee Valley,7 Hilda St,3040,12/1/2024,1150000,3,8,1,0,300,145,
Moonee Valley,8/30 Nicholson St,3040,12/1/2024,360000,2,8,1,1,0,68,1970
Moonee Valley,2/67 Nimmo St,3040,12/1/2024,645000,2,8,1,1,170,88,1994
Moonee Valley,8/15 Shaftesbury St,3040,10/1/2024,250000,1,8,1,1,0,125,1970
Moonee Valley,2/7 Graves St,3040,12/1/2024,872000,3,8,1,1,862,135,1970
Moonee Valley,1/1 Thomson St,3040,11/1/2024,,2,8,1,1,0,83,1975
Moonee Valley,5/8 Violet St,3040,10/1/2024,440000,2,8,1,1,1011,77,1970
Moonee Valley,18 Washington St,3040,11/1/2024,1811000,5,8,3,2,657,284,
Moonee Valley,31 Elder Pde,3040,11/1/2024,1500000,3,8,2,3,440,190,
Moonee Valley,38 Alfred Rd,3040,12/1/2024,1290000,3,8,1,1,618,132,1960
Moonee Valley,118 Buckley St,3040,10/1/2024,1100000,3,8,1,2,0,700,
Moonee Valley,5 Loeman St,3040,10/1/2024,1270000,4,8,2,2,411,266,1996
Moonee Valley,21 Miller St,3040,11/1/2024,1445000,3,8,2,1,400,168,
Moonee Valley,33 Ogilvie St,3040,11/1/2024,1113000,4,8,1,2,533,127,1950
Moonee Valley,4/11 Spencer St,3040,11/1/2024,370000,2,8,1,1,0,59,1960
Moonee Valley,2/17 Bulla Rd,3041,10/1/2024,396000,2,9.4,1,1,0,56,1975
Moonee Valley,4/8 Keam St,3041,12/1/2024,450000,2,9.4,1,1,88,59,1960
Moonee Valley,64 Kerferd St,3041,,1360000,5,9.4,3,2,463,196,
Moonee Valley,1/48 Keilor Rd,3041,10/1/2024,340000,2,9.4,1,1,0,65,1960
Moonee Valley,2/31 Greville St,3041,,765000,3,9.4,2,1,0,134,2002
Moonee Valley,2/26 Renown St,3041,10/1/2024,712000,3,9.4,2,2,189,104,2009
Darebin,150 Gillies St,3078,12/1/2024,1250000,3,5.8,2,0,327,144,
Darebin,7 Rathmines St,3078,12/1/2024,1350000,3,5.8,1,2,309,110,2000
Darebin,229 Rathmines St,3078,11/1/2024,1220000,2,5.8,1,2,537,92,1950
Darebin,197 Station St,3078,,1160000,4,5.8,2,1,381,145,
Darebin,2/115 Gillies St,3078,,505000,2,5.8,1,1,0,70,1970
Yarra,20/262 Heidelberg Rd,3078,10/1/2024,602000,2,5.8,1,1,0,77,2013
Darebin,3/260 Rathmines St,3078,,846000,3,5.8,1,1,185,107,1990
Darebin,7/223 Station St,3078,11/1/2024,400000,2,5.8,1,1,0,68,1970
Darebin,7/59 Rathmines St,3078,10/1/2024,445000,2,5.8,1,1,0,56,1970
Darebin,88 Perry St,3078,11/1/2024,1730000,4,5.8,2,2,490,226,2007
Darebin,1/72 Rathmines St,3078,12/1/2024,510000,2,5.8,1,1,1658,68,1970
Darebin,52 Rayment St,3078,10/1/2024,1350000,3,5.8,1,4,553,109,
Darebin,254 Rathmines St,3078,10/1/2024,2000000,4,5.8,3,2,575,280,2015
Darebin,4/224 Arthur St,3078,11/1/2024,805000,2,5.8,1,1,140,2,2008
Darebin,225 Gillies St,3078,10/1/2024,1055000,3,5.8,1,2,382,140,1950
Yarra,15/262 Heidelberg Rd,3078,11/1/2024,548000,2,5.8,1,1,0,68,2014
Darebin,189 Rathmines St,3078,,,3,5.8,1,1,0,126,
Darebin,1/203 Station St,3078,11/1/2024,600000,2,5.8,1,2,0,75,1970
Darebin,1/240 Arthur St,3078,,545000,2,5.8,1,1,0,77,2002
Darebin,147 Gillies St,3078,10/1/2024,1375000,3,5.8,1,1,496,122,
Yarra,3/18 Hanover St,3065,11/1/2024,1252000,3,1.6,2,2,0,137,2004
Yarra,4/113 Cecil St,3065,11/1/2024,810000,2,1.6,1,2,0,71,1965
Yarra,199 Moor St,3065,,947500,1,1.6,1,0,87,66,1980
Yarra,291 George St,3065,12/1/2024,1460000,2,1.6,1,0,0,105,
Yarra,7/56 Leicester St,3065,12/1/2024,880000,2,1.6,2,2,0,105,2000
Yarra,52 Nicholson St,3065,10/1/2024,3310000,4,1.6,4,2,337,291,
Yarra,431 George St,3065,,,3,1.6,1,1,113,105,
Yarra,31 Bell St,3065,11/1/2024,1950000,4,1.6,1,0,177,152,
Yarra,113/300 Young St,3065,12/1/2024,465000,1,1.6,1,1,0,52,2011
Yarra,60 Bell St,3065,10/1/2024,1620000,4,1.6,2,1,132,165,
Yarra,10/5 St David St,3065,10/1/2024,,3,1.6,2,1,2782,115,2000
Yarra,84 Kerr St,3065,11/1/2024,1122000,2,1.6,1,0,106,101,
Yarra,107 Cecil St,3065,12/1/2024,,2,1.6,1,1,157,110,
Yarra,8/98 George St,3065,10/1/2024,420000,1,1.6,1,1,782,42,1975
Yarra,101/416 Gore St,3065,,715000,2,1.6,1,1,0,74,
Yarra,206/424 Gore St,3065,11/1/2024,458000,1,1.6,1,1,0,62,
Yarra,116 Leicester St,3065,11/1/2024,800000,2,1.6,2,1,64,138,1995
Yarra,9/56 Leicester St,3065,12/1/2024,710000,2,1.6,1,1,0,90,2002
Yarra,6/226 Moor St,3065,12/1/2024,630000,2,1.6,1,1,0,70,2007
Yarra,17 Bell St,3065,11/1/2024,4011000,4,1.6,3,2,286,275,
Yarra,233/4 Bik La,3068,11/1/2024,700000,2,3.5,2,1,4332,85,2010
Yarra,470 Brunswick St,3068,11/1/2024,860000,2,3.5,1,0,104,70,
Yarra,50 Freeman St,3068,10/1/2024,870000,2,3.5,1,0,107,64,
Yarra,2 Pilkington St,3068,12/1/2024,1450000,4,3.5,2,1,266,175,1950
Yarra,186 Queens Pde,3068,12/1/2024,930000,2,3.5,3,0,230,560,
Yarra,7/14 Rae St,3068,,358500,1,3.5,1,1,0,40,1975
Yarra,51 Rae St,3068,12/1/2024,,2,3.5,2,1,134,151,
Yarra,92 Scotchmer St,3068,,1008000,2,3.5,1,1,150,77,
Yarra,5/35 Jamieson St,3068,,,3,3.5,2,1,112,145,2000
Yarra,780 Brunswick St,3068,11/1/2024,1371000,3,3.5,1,1,197,128,
Yarra,201A Clauscen St,3068,11/1/2024,1286000,3,3.5,1,0,275,116,
Yarra,26 Scotchmer St,3068,10/1/2024,1600000,3,3.5,3,1,188,129,2000
Yarra,74 Barkly St,3068,12/1/2024,1950000,4,3.5,2,2,233,216,
Yarra,79 Delbridge St,3068,11/1/2024,3400000,4,3.5,2,1,445,175,
Yarra,70 Park St,3068,12/1/2024,1785000,4,3.5,2,1,188,165,
Yarra,2 Scotchmer St,3068,10/1/2024,1210000,2,3.5,1,1,223,118,
Yarra,111 Best St,3068,10/1/2024,1275000,3,3.5,2,1,104,110,
Yarra,35 Birkenhead St,3068,10/1/2024,,2,3.5,1,0,136,92,
Yarra,8/3 Miller St,3068,10/1/2024,750000,2,3.5,2,2,0,95,2002
Yarra,23/86 Queens Pde,3068,10/1/2024,675000,2,3.5,1,2,0,92,2010
Yarra,44 Reid St,3068,10/1/2024,1700000,4,3.5,3,2,127,209,2008
Yarra,3 Curtain Pl,3068,,1080000,3,3.5,2,1,77,133,2016
Moreland,273 Glenlyon Rd,3068,10/1/2024,1222500,2,3.5,1,2,487,105,
Yarra,181 Rae St,3068,10/1/2024,937500,2,3.5,1,0,100,72,
Yarra,191 Scotchmer St,3068,,1300000,3,3.5,1,1,203,110,
Yarra,717 Brunswick St,3068,12/1/2024,1300000,3,3.5,2,0,127,135,
Yarra,205 Scotchmer St,3068,12/1/2024,2150000,3,3.5,2,0,202,307,
Yarra,168 Scotchmer St,3068,11/1/2024,1581000,3,3.5,1,0,193,132,
Yarra,12/262 Barkly St,3068,,602000,2,3.5,1,1,0,48,1980
Yarra,5/118 Miller St,3068,12/1/2024,650000,2,3.5,1,1,0,75,1980
Yarra,55 Seacombe St,3068,10/1/2024,1450000,3,3.5,2,1,118,103,
Moonee Valley,3/39 Dover St,3031,12/1/2024,365000,2,4.4,1,1,0,60,1970
Moonee Valley,8/39 Dover St,3031,,425000,2,4.4,1,1,0,63,1970
Moonee Valley,1/15 Dartford St,3031,12/1/2024,391000,2,4.4,1,1,0,59,1970
Moonee Valley,11 Finsbury St,3031,10/1/2024,1130000,3,4.4,1,0,294,140,
Moonee Valley,43 Finsbury St,3031,12/1/2024,,3,4.4,1,1,272,131,
Moonee Valley,107 Shields St,3031,10/1/2024,918000,2,4.4,1,0,136,78,
Moonee Valley,59 Victoria St,3031,12/1/2024,730000,2,4.4,1,1,140,98,
Moonee Valley,21 Wisewould St,3031,12/1/2024,855000,2,4.4,1,0,225,85,
Moonee Valley,61 Canterbury St,3031,11/1/2024,1012000,3,4.4,1,1,212,102,
Moonee Valley,90 Edinburgh St,3031,12/1/2024,1315000,3,4.4,1,1,313,20,
Moonee Valley,3/39 Dover St,3031,11/1/2024,395000,2,4.4,1,1,0,60,1970
Moonee Valley,12/132 Princes St,3031,,556000,2,4.4,2,1,0,79,2009
Moonee Valley,5/60 Farnham St,3031,10/1/2024,345000,1,4.4,1,1,0,46,1970
Moonee Valley,29 Finsbury St,3031,12/1/2024,1100000,3,4.4,2,0,179,150,
Moonee Valley,8/300 Racecourse Rd,3031,10/1/2024,395000,1,4.4,1,1,818,50,
Moonee Valley,4 Farnham St,3031,12/1/2024,1115000,3,4.4,1,1,244,84,
Moonee Valley,5/121 Wellington St,3031,10/1/2024,420500,2,4.4,1,1,0,52,1970
Maribyrnong,4 Adelaide St,3011,12/1/2024,1225000,4,6.4,2,1,319,130,
Maribyrnong,9 Lynch St,3011,11/1/2024,1003000,3,6.4,1,1,292,98,
Maribyrnong,25 Southampton St,3011,10/1/2024,840000,3,6.4,1,0,164,93,
Maribyrnong,37 Stirling St,3011,,1362000,3,6.4,2,0,497,156,
Maribyrnong,58 Wolverhampton St,3011,10/1/2024,977000,4,6.4,2,1,154,161,2007
Maribyrnong,2/3 Eldridge St,3011,11/1/2024,216000,1,6.4,1,1,0,50,1970
Maribyrnong,8 Buckingham St,3011,12/1/2024,876000,3,6.4,2,2,204,106,1990
Maribyrnong,1/3 Eldridge St,3011,12/1/2024,,1,6.4,1,1,0,52,1970
Maribyrnong,1/15 Geelong Rd,3011,10/1/2024,841000,4,6.4,2,2,250,160,2000
Maribyrnong,9/55 Moreland St,3011,11/1/2024,605000,2,6.4,1,3,2794,87,2000
Maribyrnong,1/30 Pickett St,3011,,305000,2,6.4,1,1,47,35,2013
Maribyrnong,5/28 Eleanor St,3011,10/1/2024,480000,2,6.4,1,1,556,75,2010
Maribyrnong,8 McCubbin St,3011,12/1/2024,910000,3,6.4,1,1,361,118,
Maribyrnong,6/114 Commercial Rd,3011,,291000,1,6.4,1,1,665,46,1970
Maribyrnong,8 Jerrold St,3011,12/1/2024,752000,2,6.4,1,0,215,98,
Maribyrnong,32 Commercial Rd,3011,11/1/2024,1155000,3,6.4,1,3,585,120,1950
Maribyrnong,1/13 Essex St,3011,10/1/2024,853000,3,6.4,1,1,0,141,2010
Maribyrnong,6/11 Nicholson St,3011,10/1/2024,480000,3,6.4,1,1,0,90,1985
Maribyrnong,3 Park St,3011,10/1/2024,775000,4,6.4,1,2,277,87,
Maribyrnong,8/19 Empire St,3011,11/1/2024,281000,2,6.4,1,1,0,65,1980
Maribyrnong,1 Stanlake St,3011,12/1/2024,,4,6.4,2,3,0,190,1950
Maribyrnong,2/10 Swan St,3011,10/1/2024,714000,3,6.4,2,2,164,3,2008
Maribyrnong,211A Ballarat Rd,3011,10/1/2024,950000,2,6.4,1,2,657,92,
Maribyrnong,120 MacPherson St,3011,10/1/2024,760000,3,6.4,1,1,265,115,
Maribyrnong,3/53 Whitehall St,3011,10/1/2024,420000,2,6.4,1,1,0,75,2010
Maribyrnong,36 Windsor St,3011,,932000,3,6.4,1,1,451,130,
Maribyrnong,95 Gordon St,3011,12/1/2024,780000,3,6.4,1,2,323,129,
Maribyrnong,4/5 Empire St,3011,10/1/2024,295000,2,6.4,1,1,0,69,1960
Maribyrnong,3/23 Pickett St,3011,10/1/2024,433000,2,6.4,1,1,0,66,2012
Maribyrnong,9/6 Rosamond Rd,3011,,,2,6.4,2,1,65,80,2014
Maribyrnong,53 Ryan St,3011,12/1/2024,1170000,2,6.4,1,1,184,103,
Maribyrnong,105/72 Cross St,3011,,375000,1,6.4,1,1,0,50,
Maribyrnong,2 Buckingham St,3011,11/1/2024,747000,3,6.4,1,1,246,120,
Maribyrnong,88 Eleanor St,3011,11/1/2024,775000,3,6.4,1,1,242,99,
Maribyrnong,13/41 Moreland St,3011,10/1/2024,571000,2,6.4,2,1,0,78,2013
Maribyrnong,8/33 Gordon St,3011,10/1/2024,305000,1,6.4,1,1,59,70,1965
Maribyrnong,31 Southampton St,3011,11/1/2024,860500,3,6.4,2,2,322,228,1980
Maribyrnong,88 Victoria St,3011,10/1/2024,,3,6.4,1,0,262,92,
Maribyrnong,405/250 Barkly St,3011,,370000,2,6.4,1,1,0,75,2007
Maribyrnong,167 Gordon St,3011,11/1/2024,711000,2,6.4,1,2,253,90,
Maribyrnong,224 Ballarat Rd,3011,12/1/2024,690500,2,6.4,1,1,212,98,
Maribyrnong,7 Essex St,3011,10/1/2024,747000,2,6.4,1,1,320,94,
Maribyrnong,51 Lynch St,3011,,858000,2,6.4,1,1,313,93,
Maribyrnong,216a Ballarat Rd,3011,12/1/2024,699000,4,6.4,2,2,0,126,2015
Maribyrnong,35 Leander St,3011,12/1/2024,835000,2,6.4,1,1,222,109,
Maribyrnong,49 MacPherson St,3011,10/1/2024,661000,2,6.4,1,1,132,83,1970
Maribyrnong,69 MacPherson St,3011,11/1/2024,757500,2,6.4,1,0,258,108,
Maribyrnong,4/11 Nicholson St,3011,11/1/2024,282000,1,6.4,1,1,1783,42,1975
Maribyrnong,2/25 Stanlake St,3011,10/1/2024,699000,3,6.4,1,1,125,113,2000
Maribyrnong,24 Dudley St,3011,10/1/2024,850000,3,6.4,1,0,190,99,
Maribyrnong,12/14 Eldridge St,3011,11/1/2024,315000,2,6.4,1,1,882,74,1970
Maribyrnong,65 Hyde St,3011,11/1/2024,740000,3,6.4,1,1,211,94,
Maribyrnong,62 Moore St,3011,10/1/2024,980000,3,6.4,2,2,196,154,2006
Maribyrnong,10/24 Eldridge St,3011,10/1/2024,316000,2,6.4,1,1,0,55,1960
Maribyrnong,20 Ryan St,3011,11/1/2024,760000,2,6.4,1,0,130,70,
Maribyrnong,39 Warleigh Rd,3011,10/1/2024,735000,3,6.4,2,2,112,168,2010
Maribyrnong,4 Adelaide St,3011,11/1/2024,1225000,4,6.4,2,1,319,130,
Maribyrnong,8 Dudley St,3011,12/1/2024,767500,3,6.4,2,0,458,98,
Maribyrnong,116/55 Hopkins St,3011,,395000,2,6.4,2,1,0,79,2009
Maribyrnong,12 Tait St,3011,10/1/2024,815000,4,6.4,2,1,369,151,
Maribyrnong,20 McDougall Dr,3011,10/1/2024,757000,3,6.4,2,2,102,102,2011
Maribyrnong,20 Nicholson St,3011,11/1/2024,1450000,4,6.4,1,1,799,160,
Maribyrnong,119 Droop St,3011,12/1/2024,745000,2,6.4,1,1,355,74,
Maribyrnong,1a Leander St,3011,10/1/2024,716000,2,6.4,1,2,274,275,2000
Boroondara,6 Beatrice St,3146,12/1/2024,1735000,3,9.2,2,3,680,170,
Stonnington,11 Vincent St,3146,10/1/2024,3400000,4,9.2,3,2,856,265,
Stonnington,2 Vincent St,3146,10/1/2024,3730000,5,9.2,3,2,919,353,
Boroondara,28 Alfred Rd,3146,11/1/2024,1800000,4,9.2,2,2,868,217,
Boroondara,62 Staughton Rd,3146,10/1/2024,1998000,4,9.2,2,1,739,183,2002
Boroondara,4/58 Bath Rd,3146,10/1/2024,671000,2,9.2,1,1,0,85,1960
Boroondara,2/11 Peace St,3146,12/1/2024,1425000,3,9.2,2,2,217,163,2006
Boroondara,48 Alfred Rd,3146,,1530000,3,9.2,1,1,753,118,
Boroondara,3 Bridges St,3146,12/1/2024,1900000,4,9.2,4,2,708,323,1985
Boroondara,6 Chester St,3146,10/1/2024,1360000,3,9.2,2,1,704,134,
Boroondara,56 Gardiner Pde,3146,12/1/2024,2175000,5,9.2,3,4,619,327,2003
Boroondara,22 Renwick St,3146,,2325000,4,9.2,3,2,638,314,
Boroondara,10 Hazeldine Rd,3146,12/1/2024,2538000,4,9.2,2,3,630,314,2000
Boroondara,1 Montana St,3146,10/1/2024,2300000,4,9.2,3,4,1258,254,
Stonnington,1/23 Aintree Rd,3146,,550000,2,9.2,1,1,0,63,1968
Boroondara,6 Chester St,3146,,1600000,3,9.2,2,1,704,134,
Boroondara,48 Martin Rd,3146,11/1/2024,2115000,3,9.2,2,2,745,157,
Boroondara,73 Pascoe St,3146,,1700000,3,9.2,2,2,625,188,1951
Boroondara,192 Tooronga Rd,3146,12/1/2024,2077000,4,9.2,2,3,553,143,
Boroondara,34 Yeovil Rd,3146,,2850000,4,9.2,3,2,1184,305,
Stonnington,7/69 Edgar St N,3146,11/1/2024,411000,2,9.2,1,1,0,65,1970
Boroondara,51 Dent St,3146,,2020000,4,9.2,2,2,630,351,2009
Boroondara,5 Charles St,3146,12/1/2024,2010000,4,9.2,2,2,659,212,
Boroondara,26 Gardiner Pde,3146,11/1/2024,2975000,4,9.2,3,4,0,30,
Stonnington,1/39 Scott Gr,3146,12/1/2024,452000,1,9.2,1,1,63,52,1980
Boroondara,56 Brandon St,3146,11/1/2024,1820000,3,9.2,1,3,650,136,
Stonnington,1/6 Edgar St,3146,10/1/2024,291000,1,9.2,1,1,1097,38,1982
Boroondara,20 Howitt St,3146,,2376000,4,9.2,2,2,652,230,
Stonnington,22 Wills St,3146,,1456000,3,9.2,1,2,504,142,
Boroondara,294 Tooronga Rd,3146,10/1/2024,,3,9.2,3,2,385,255,
Stonnington,11/63 Edgar St N,3146,10/1/2024,345000,1,9.2,1,1,745,44,1970
Boroondara,16 Flowerdale Rd,3146,12/1/2024,2000000,5,9.2,3,1,696,248,
Boroondara,10 Bardolph St,3146,10/1/2024,585000,2,9.2,1,1,84,84,1960
Boroondara,67 Celia St,3146,12/1/2024,1700000,4,9.2,3,1,650,266,
Boroondara,2/67 Staughton Rd,3146,11/1/2024,1375000,3,9.2,2,2,328,176,1990
Stonnington,56 Wills St,3146,12/1/2024,920000,2,9.2,1,2,334,115,
Stonnington,1/38 Edgar St,3146,,382000,2,9.2,1,1,1069,33,1960
Stonnington,1597 Malvern Rd,3146,10/1/2024,1280000,2,9.2,1,1,412,123,1950
Boroondara,116 High St,3146,12/1/2024,2825000,5,9.2,4,4,802,206,2013
Stonnington,1 Maitland St,3146,11/1/2024,2825000,3,9.2,2,4,885,217,
Boroondara,27 Sunhill Rd,3146,10/1/2024,,4,9.2,3,2,366,26,1999
Boroondara,33 Rosedale Rd,3146,10/1/2024,3085000,5,9.2,3,3,778,326,2000
Boroondara,17 Rosedale Rd,3146,11/1/2024,1600000,2,9.2,2,2,718,184,1950
Boroondara,3 Florence St,3146,12/1/2024,2352500,5,9.2,3,2,642,336,
Boroondara,23 Flowerdale Rd,3146,10/1/2024,3860000,5,9.2,4,2,830,520,2009
Boroondara,31 Gardiner Pde,3146,12/1/2024,2625000,4,9.2,3,2,840,326,
Stonnington,1/58 Edgar St N,3146,,600000,2,9.2,1,1,180,276,
Boroondara,98 Bath Rd,3146,10/1/2024,1950000,4,9.2,2,2,775,155,1960
Boroondara,28 Ferndale Rd,3146,11/1/2024,2200000,3,9.2,1,2,700,142,
Boroondara,32 Howie St,3146,,1751000,3,9.2,1,3,609,140,
Stonnington,22 Kyarra Rd,3146,,1857000,4,9.2,2,3,548,205,
Boroondara,4/15 Rix St,3146,10/1/2024,720000,2,9.2,1,2,0,74,
Boroondara,8 Rix St,3146,10/1/2024,1500000,3,9.2,1,3,401,107,
Boroondara,78 Valley Pde,3146,10/1/2024,2725000,4,9.2,3,2,603,246,2007
Stonnington,1687 Malvern Rd,3146,10/1/2024,2800000,3,9.2,1,2,762,153,
Boroondara,21 Beatrice St,3146,10/1/2024,1665000,3,9.2,1,2,685,143,
Stonnington,8/251 Burke Rd,3146,10/1/2024,600000,2,9.2,1,1,0,80,1960
Boroondara,60 Madeline St,3146,10/1/2024,1420000,3,9.2,1,2,615,607,
Boroondara,14 Queens Pde,3146,10/1/2024,2410000,5,9.2,2,2,654,354,2015
Boroondara,30 Valley Pde,3146,,2100000,4,9.2,2,2,645,216,
Boroondara,15 Yeovil Rd,3146,11/1/2024,2950000,4,9.2,2,2,1485,295,1966
Stonnington,3 Fairview Gr,3146,12/1/2024,3365000,5,9.2,2,2,1339,270,
Boroondara,24 Brandon St,3146,11/1/2024,,3,9.2,2,2,648,193,1975
Stonnington,318 Tooronga Rd,3146,11/1/2024,1250000,2,9.2,1,2,438,107,
Boroondara,35 Adrian St,3146,10/1/2024,2400000,5,9.2,3,2,709,672,
Moreland,89 John St,3046,10/1/2024,610000,3,13,1,2,696,118,1960
Moreland,55 Daley St,3046,10/1/2024,610000,3,13,1,3,640,144,1960
Moreland,2/74 Daley St,3046,11/1/2024,555000,3,13,2,2,244,3,
Moreland,39 Morley St,3046,,806500,3,13,1,2,766,127,1965
Moreland,2 Roy St,3046,11/1/2024,550000,4,13,2,1,683,138,2017
Moreland,42 Sadie St,3046,11/1/2024,822000,3,13,1,4,700,105,1950
Moreland,15 Stanley St,3046,10/1/2024,980000,3,13,2,3,1029,136,1950
Moreland,3/27 Harold St,3046,10/1/2024,430000,2,13,1,1,164,100,2010
Moreland,1c Barwon St,3046,12/1/2024,,2,13,1,1,164,114,2010
Moreland,1 Gordon Ct,3046,12/1/2024,737000,3,13,1,4,640,97,1950
Moreland,24a Morell St,3046,,,3,13,2,2,224,3,1950
Moreland,3/28 Stanley St,3046,10/1/2024,545000,3,13,2,1,136,130,2014
Moreland,30 Bourchier St,3046,12/1/2024,,3,13,1,4,734,140,1960
Moreland,6 Dromana St,3046,12/1/2024,702000,4,13,1,4,606,124,1956
Moreland,137 Glenroy Rd,3046,10/1/2024,730000,2,13,1,1,705,115,1950
Moreland,24 Trevannion St,3046,12/1/2024,711500,3,13,1,3,667,81,1950
Moreland,45 Cosmos St,3046,12/1/2024,,5,13,4,4,695,176,1950
Moreland,9/11 Currajong St,3046,11/1/2024,250000,2,13,1,1,0,61,1970
Moreland,1/1 Danae St,3046,12/1/2024,460000,3,13,1,1,325,106,1970
Moreland,24 Sadie St,3046,10/1/2024,793000,3,13,1,2,780,120,1960
Moreland,7/89 Station Rd,3046,,340000,2,13,1,1,0,74,1970
Moreland,149 Augustine Tce,3046,10/1/2024,447500,3,13,1,1,320,130,2000
Moreland,45 Fran St,3046,,588000,3,13,1,1,616,125,1960
Moreland,1/25 Morell St,3046,10/1/2024,420000,3,13,1,2,0,96,1960
Moreland,2/22 Sadie St,3046,12/1/2024,410000,2,13,1,2,200,81,2000
Moreland,40 View St,3046,11/1/2024,525000,3,13,1,1,665,85,1950
Moreland,10 Anselm Gr,3046,12/1/2024,703000,3,13,1,4,704,102,1960
Moreland,1/112 Cardinal Rd,3046,11/1/2024,608000,4,13,2,1,252,150,2014
Moreland,2/36 Prospect St,3046,,607000,4,13,3,2,0,131,2014
Moreland,139 John St,3046,12/1/2024,765500,3,13,2,2,780,180,1970
Moreland,2/709 Pascoe Vale Rd,3046,10/1/2024,470000,3,13,1,2,187,99,2014
Moreland,48 Everard St,3046,11/1/2024,580000,3,13,1,2,650,142,1960
Moreland,1/38 Stanley St,3046,10/1/2024,620250,2,13,1,2,253,91,2012
Moreland,128 Widford St,3046,12/1/2024,710000,3,13,1,1,796,104,1960
Moreland,54 Cromwell St,3046,11/1/2024,,4,13,1,2,630,130,1960
Moreland,106 Outlook Dr,3046,10/1/2024,600000,3,13,1,4,541,139,1968
Moreland,1/7 Harold St,3046,10/1/2024,550000,3,13,2,2,212,129,2010
Moreland,46 Moonee Bvd,3046,11/1/2024,600000,4,13,1,2,586,159,1968
Moreland,47 Cardinal Rd,3046,12/1/2024,1217500,4,13,3,2,693,192,2014
Moreland,135 Hilton St,3046,11/1/2024,600000,3,13,1,2,599,150,1960
Moreland,29 Moonee Bvd,3046,10/1/2024,570000,3,13,2,2,585,146,1975
Moreland,65 Farview St,3046,12/1/2024,,3,13,1,4,597,100,1960
Moreland,3/27 Gladstone Pde,3046,12/1/2024,,2,13,1,1,176,89,2012
Moreland,52 Glenroy Rd,3046,,741250,2,13,1,1,668,88,1955
Moreland,4/36 Acacia St,3046,10/1/2024,488500,2,13,2,1,190,2,
Moreland,107 Glenroy Rd,3046,12/1/2024,1000000,4,13,2,8,977,304,
Moreland,165 Hilton St,3046,10/1/2024,630000,4,13,2,2,602,180,1950
Moreland,72 Pecham St,3046,10/1/2024,670000,3,13,1,3,705,135,1950
Moreland,3/48 William St,3046,10/1/2024,417000,2,13,1,1,172,77,2013
Moreland,1/26 York St,3046,10/1/2024,600000,3,13,1,2,258,143,2001
Moreland,3/132 Widford St,3046,12/1/2024,440000,3,13,2,1,215,121,2010
Moreland,23 Cromwell St,3046,12/1/2024,660000,3,13,1,2,657,116,1950
Moreland,2/4 Ash Ct,3046,11/1/2024,270000,2,13,1,1,155,155,2000
Moreland,44 Morley St,3046,11/1/2024,825000,4,13,2,4,768,194,1970
Moreland,33 View St,3046,12/1/2024,638000,4,13,2,1,624,258,2005
Moreland,1 Gowanbrae Dr,3043,12/1/2024,631000,3,13.6,2,2,608,138,2001
Moreland,31 Seggan Cir,3043,10/1/2024,532000,3,13.6,2,1,149,19,2005
Moreland,41 Balerno Cir,3043,,504000,3,13.6,2,1,215,139,2004
Moreland,39 Balerno Cir,3043,10/1/2024,468000,3,13.6,2,2,178,138,2000
Moreland,2 Mirrim Pl,3043,10/1/2024,802500,4,13.6,2,2,0,264,2005
Moreland,8 Perth Ct,3043,10/1/2024,709000,4,13.6,2,2,453,213,2007
Moreland,42 Seggan Cir,3043,11/1/2024,485000,3,13.6,2,1,175,134,2004
Moreland,6 Birk Ct,3043,10/1/2024,540000,3,13.6,2,1,367,141,2008
Moreland,24 Balerno Cir,3043,12/1/2024,390000,3,13.6,2,1,158,136,2005
Moreland,18 Primula Bvd,3043,,800000,4,13.6,2,2,719,251,2000
Moreland,8 Perth Ct,3043,,740000,4,13.6,2,2,453,213,2007
Moreland,20 Bedford St,3046,12/1/2024,605000,3,12.1,1,2,597,116,1960
Moreland,29 Sutherland St,3046,10/1/2024,685500,3,12.1,1,2,724,103,1970
Moreland,2 Knole St,3046,11/1/2024,610000,2,12.1,1,1,394,98,1950
Moreland,8 Sherwood St,3046,11/1/2024,630000,3,12.1,1,1,604,112,1970
Moreland,4 Surrey St,3046,10/1/2024,870000,4,12.1,3,5,591,268,2010
Moreland,26 South St,3046,11/1/2024,810000,3,12.1,2,2,592,129,1950
Moreland,2/3 Surrey St,3046,11/1/2024,,2,12.1,1,2,198,96,2010
Moreland,115 West St,3046,12/1/2024,700000,4,12.1,2,2,700,168,1950
Moreland,148 West St,3046,10/1/2024,600500,4,12.1,2,1,462,161,1970
Moreland,27 Middle St,3046,11/1/2024,730000,3,12.1,1,2,570,134,1970
Moreland,75 West St,3046,10/1/2024,800000,3,12.1,2,2,565,116,1960
Moreland,24 South St,3046,12/1/2024,,3,12.1,2,2,301,251,2011
Moreland,40 Angus St,3046,10/1/2024,740000,3,12.1,1,1,568,115,1960
Moreland,9 South St,3046,12/1/2024,,3,12.1,1,2,574,106,1970
Moreland,1/32 Sutherland St,3046,11/1/2024,545000,3,12.1,2,3,230,113,2000
Moreland,1 Barunah St,3046,11/1/2024,777000,4,12.1,1,2,700,176,1960
Moreland,101 Middle St,3046,12/1/2024,,2,12.1,3,1,580,103,1950
Moreland,23 Surrey St,3046,10/1/2024,545000,2,12.1,1,3,591,102,1960
Moreland,1/22 Volga St,3046,12/1/2024,,3,12.1,2,2,234,115,2012
Moreland,24 Talbot St,3046,10/1/2024,631500,3,12.1,1,3,593,95,1965
Moreland,19 Barbara St,3046,,550000,3,12.1,1,3,610,142,1960
Moreland,100 South St,3046,,330000,2,12.1,1,1,249,2,1970
Moreland,92 West St,3046,10/1/2024,715888,2,12.1,1,1,613,92,1960
Moreland,2/22 Volga St,3046,12/1/2024,468000,2,12.1,1,1,137,110,2012
Moreland,25 East St,3046,,515000,2,12.1,1,2,345,79,1990
Bayside,1/30 Grenville St,3188,11/1/2024,895000,2,13.7,1,1,228,87,1975
Bayside,6/334 Hampton St,3188,11/1/2024,587000,2,13.7,1,1,0,74,1975
Bayside,38 Myrtle Rd,3188,12/1/2024,2800000,4,13.7,3,2,701,320,2015
Bayside,36 Thomas St,3188,12/1/2024,3250000,4,13.7,3,2,928,300,
Bayside,6 Earlsfield Rd,3188,10/1/2024,,4,13.7,2,3,688,187,
Bayside,3 Kendall St,3188,12/1/2024,1600000,4,13.7,2,2,607,242,2011
Bayside,24A Smith St,3188,10/1/2024,1003500,3,13.7,1,2,289,109,1998
Bayside,8/121 Thomas St,3188,11/1/2024,802000,2,13.7,1,1,0,85,1965
Bayside,2/524 Bluff Rd,3188,10/1/2024,,5,13.7,2,2,434,168,
Bayside,8 Bronte Ct,3188,12/1/2024,1560000,3,13.7,1,3,593,125,1955
Bayside,1/88 Fewster Rd,3188,11/1/2024,680000,2,13.7,1,2,0,78,
Bayside,3/46 Fewster Rd,3188,11/1/2024,760000,2,13.7,1,1,90,86,1985
Bayside,5/440 Hampton St,3188,11/1/2024,616000,2,13.7,1,1,0,104,2005
Bayside,131 Linacre Rd,3188,11/1/2024,1680000,4,13.7,1,1,723,90,1955
Bayside,66a Thomas St,3188,12/1/2024,1120000,3,13.7,2,3,373,113,1984
Bayside,4 Bendigo St,3188,10/1/2024,3200000,4,13.7,3,3,760,325,
Bayside,43 Fewster Rd,3188,,1250000,4,13.7,3,2,398,220,2014
Bayside,54 Linacre Rd,3188,,2000000,4,13.7,3,4,615,248,
Bayside,42 Myrtle Rd,3188,10/1/2024,1805000,5,13.7,2,2,700,224,1950
Bayside,310 Hampton St,3188,12/1/2024,2600000,4,13.7,1,2,1504,162,
Bayside,65 Linacre Rd,3188,12/1/2024,3470000,5,13.7,3,4,670,413,2008
Bayside,7 Austin Rd,3188,10/1/2024,1050000,3,13.7,2,2,357,120,1970
Bayside,3/1 Edinburgh St,3188,10/1/2024,810000,3,13.7,1,1,195,115,1960
Bayside,1/33 Holyrood St,3188,10/1/2024,1460000,3,13.7,2,2,413,137,1970
Bayside,29 Thomas St,3188,10/1/2024,3075000,5,13.7,2,2,830,204,
Bayside,4/308 Hampton St,3188,10/1/2024,875500,2,13.7,2,1,225,118,1970
Bayside,16 Smith St,3188,11/1/2024,2600000,5,13.7,4,2,1000,324,1950
Bayside,70 Highett Rd,3188,11/1/2024,1705000,5,13.7,2,2,648,364,1950
Bayside,6 Valerian St,3188,10/1/2024,1515000,4,13.7,2,0,611,613,1950
Bayside,107 Willis St,3188,12/1/2024,2980000,5,13.7,3,2,694,323,2011
Bayside,50 Holyrood St,3188,10/1/2024,2200000,4,13.7,3,4,583,305,2000
Bayside,2/95 Thomas St,3188,10/1/2024,,3,13.7,2,1,355,140,1987
Bayside,53 Bridge St,3188,10/1/2024,,4,13.7,3,2,627,303,1997
Bayside,17/93 Highett Rd,3188,11/1/2024,450000,2,13.7,2,1,0,70,2007
Bayside,3/8 Alicia St,3188,11/1/2024,500000,2,13.7,1,1,0,61,1970
Bayside,64 Earlsfield Rd,3188,10/1/2024,,4,13.7,3,2,562,228,1950
Bayside,91A Linacre Rd,3188,11/1/2024,915500,2,13.7,2,1,0,148,
Bayside,49 Service St,3188,10/1/2024,1740000,4,13.7,3,2,414,209,1950
Bayside,15 Avelin St,3188,10/1/2024,,4,13.7,2,1,667,184,
Bayside,41 Orlando St,3188,11/1/2024,2160000,4,13.7,2,1,577,231,
Bayside,52 Service St,3188,10/1/2024,2250000,4,13.7,2,2,647,260,
Bayside,18 Kanowna St,3188,12/1/2024,2130000,4,13.7,2,2,714,188,
Bayside,9/12 Bartlett St,3188,12/1/2024,400000,2,14.5,1,1,0,75,1960
Bayside,10a Roydon St,3188,,1020000,3,14.5,2,2,221,171,
Bayside,1/23 Wickham Rd,3188,11/1/2024,926000,3,14.5,2,2,393,140,1950
Bayside,4 Besant St,3188,10/1/2024,1070000,3,14.5,1,3,583,106,1970
Bayside,2/2 Flowerdale Rd,3188,11/1/2024,801000,2,14.5,1,1,217,107,1994
Bayside,28 Roydon St,3188,12/1/2024,1150000,3,14.5,2,1,0,3,2005
Kingston,4/332 South Rd,3188,12/1/2024,472000,2,14.5,1,1,215,68,2007
Bayside,29 Wickham Rd,3188,11/1/2024,,3,14.5,2,2,586,150,1950
Kingston,4 Dane Rd,3188,10/1/2024,1200000,4,14.5,2,2,0,154,2002
Boroondara,6a Scott St,3122,11/1/2024,1650000,4,4.6,2,2,317,210,2005
Boroondara,4 Bowen St,3122,11/1/2024,2670000,4,4.6,2,1,336,235,
Boroondara,23 Elgin St,3122,10/1/2024,1480000,3,4.6,1,0,228,116,
Boroondara,25/510 Glenferrie Rd,3122,10/1/2024,348000,1,4.6,1,1,0,53,1950
Boroondara,9/69 Wattle Rd,3122,10/1/2024,,3,4.6,1,1,181,122,1969
Boroondara,118/862 Glenferrie Rd,3122,,,2,4.6,2,1,85,82,2014
Boroondara,188e Riversdale Rd,3122,,492000,1,4.6,1,1,0,63,1995
Boroondara,2/5 Finchley Ct,3122,10/1/2024,806000,2,4.6,1,1,0,64,
Boroondara,7 Brook St,3122,,2000000,3,4.6,2,1,460,176,
Boroondara,13/5 Denham St,3122,,753000,2,4.6,1,2,0,88,1960
Boroondara,7/21 Elphin Gr,3122,10/1/2024,330000,1,4.6,1,1,0,52,1970
Boroondara,14 Malmsbury St,3122,10/1/2024,1420000,3,4.6,1,0,218,108,
Boroondara,303/25 Lynch St,3122,12/1/2024,495000,2,4.6,1,1,0,60,2014
Boroondara,11/140 Riversdale Rd,3122,12/1/2024,292000,1,4.6,1,0,0,56,1966
Boroondara,3/164 Barkers Rd,3122,10/1/2024,,2,4.6,1,1,1089,76,2003
Boroondara,530 Burwood Rd,3122,11/1/2024,1300000,3,4.6,2,1,341,155,
Boroondara,44 College St,3122,11/1/2024,1300000,3,4.6,1,0,232,90,
Boroondara,8/32 Liddiard St,3122,11/1/2024,,2,4.6,1,1,0,52,1970
Boroondara,8/1 Muir St,3122,11/1/2024,1000000,3,4.6,3,2,0,145,1999
Boroondara,6 Salisbury Gr,3122,10/1/2024,1741000,3,4.6,1,1,383,109,
Boroondara,9/63 Berkeley St,3122,10/1/2024,655000,2,4.6,1,1,0,78,1960
Boroondara,13/561 Glenferrie Rd,3122,11/1/2024,488000,1,4.6,1,1,0,57,2004
Boroondara,3 Randolph St,3122,11/1/2024,2065000,3,4.6,1,1,351,150,
Boroondara,5/67 Auburn Rd,3122,10/1/2024,350000,1,4.6,1,1,0,51,1960
Boroondara,16 Pine St,3122,10/1/2024,1712000,3,4.6,1,1,342,130,
Boroondara,3/1 Elm St,3122,10/1/2024,480000,1,4.6,1,1,0,50,
Boroondara,10 Oak St,3122,,3225000,4,4.6,2,2,665,220,
Boroondara,7/6 Osborne Ct,3122,10/1/2024,400000,1,4.6,1,1,0,41,1950
Boroondara,78/8 Wallen Rd,3122,10/1/2024,1650000,4,4.6,2,3,207,180,2002
Boroondara,4 Ardene Ct,3122,11/1/2024,3950000,5,4.6,2,3,1236,340,
Boroondara,3/566 Glenferrie Rd,3122,10/1/2024,587500,2,4.6,1,1,1099,72,1965
Boroondara,107/567 Glenferrie Rd,3122,10/1/2024,560000,2,4.6,1,1,0,70,2013
Boroondara,23 Edgerton St,3122,11/1/2024,1936000,4,4.6,2,1,218,173,
Boroondara,2 Fordholm Rd,3122,10/1/2024,4250000,5,4.6,4,3,1275,435,
Boroondara,3 Glen St,3122,,3500000,5,4.6,1,3,740,5,
Boroondara,11/70 Church St,3122,11/1/2024,630000,3,4.6,1,1,0,75,1970
Boroondara,1 College St,3122,11/1/2024,1560000,3,4.6,2,0,198,148,
Boroondara,305/567 Glenferrie Rd,3122,10/1/2024,,3,4.6,2,2,0,88,2014
Boroondara,1B Hepburn St,3122,10/1/2024,1780000,3,4.6,3,2,88,178,2011
Boroondara,3/35 Creswick St,3122,10/1/2024,815000,2,4.6,1,1,0,93,
Boroondara,6/28 Manningtree Rd,3122,,,3,4.6,2,1,0,196,2010
Boroondara,2/21 Elphin Gr,3122,,657500,2,4.6,1,1,728,73,1965
Boroondara,50 Kinkora Rd,3122,,5050000,4,4.6,4,2,905,373,
Boroondara,22/9 Lisson Gr,3122,10/1/2024,445000,1,4.6,1,1,0,52,1970
Boroondara,4A Simpson Pl,3122,,,3,4.6,1,3,218,92,
Boroondara,5/40 Barkers Rd,3122,11/1/2024,470000,2,4.6,1,1,0,70,1970
Boroondara,710/377 Burwood Rd,3122,11/1/2024,,2,4.6,1,1,0,76,2005
Boroondara,466 Auburn Rd,3122,11/1/2024,1800000,4,4.6,2,4,601,158,
Boroondara,5 Wattle Gr,3122,,1855000,3,4.6,1,1,304,125,
Boroondara,1/4 Hill St,3122,11/1/2024,665000,2,4.6,1,3,0,70,1965
Boroondara,24 College St,3122,10/1/2024,1551000,3,4.6,1,1,199,103,
Boroondara,5/29 Elphin Gr,3122,12/1/2024,612500,2,4.6,1,1,859,71,1960
Boroondara,59 Mason St,3122,10/1/2024,2410000,3,4.6,2,0,249,171,
Boroondara,10/150 Barkers Rd,3122,,715000,2,4.6,1,1,0,82,2001
Boroondara,8B Myrtle St,3122,10/1/2024,1055000,2,4.6,2,1,191,151,1975
Boroondara,151 Power St,3122,,1976000,4,4.6,2,2,410,275,
Boroondara,10/60 Hawthorn Gr,3122,10/1/2024,499000,1,4.6,1,1,0,56,1960
Boroondara,3/32 Power St,3122,10/1/2024,495000,2,4.6,1,1,0,85,1970
Boroondara,9 Power St,3122,10/1/2024,3750000,5,4.6,3,2,827,344,
Boroondara,37 Brook St,3122,10/1/2024,1400000,3,4.6,2,1,164,126,
Boroondara,109/311 Burwood Rd,3122,10/1/2024,370000,1,4.6,1,1,0,44,2014
Boroondara,13/44 Burwood Rd,3122,11/1/2024,627500,2,4.6,2,2,0,89,2000
Banyule,97 Edwin St,3081,12/1/2024,815000,2,10.5,1,2,589,120,
Banyule,16 Bamfield Rd,3081,11/1/2024,565000,2,10.5,2,1,201,107,2007
Banyule,2 Bonar St,3081,10/1/2024,994000,3,10.5,2,2,807,192,1950
Banyule,14 Sackville St,3081,,785000,3,10.5,1,0,592,130,1950
Banyule,1/62 Southern Rd,3081,10/1/2024,620000,3,10.5,2,2,215,118,2005
Banyule,6/34 Bonar St,3081,11/1/2024,706750,3,10.5,2,2,250,125,2012
Banyule,18 Shelley St,3081,10/1/2024,584000,2,10.5,1,1,428,84,1950
Banyule,5 Burns Ct,3081,10/1/2024,909000,3,10.5,2,2,585,134,1960
Banyule,15 Outhwaite Rd,3081,,1086000,4,10.5,2,2,724,161,1960
Banyule,33 Shakespeare Gr,3081,11/1/2024,680000,2,10.5,1,1,605,78,1950
Banyule,19 Collins St,3081,,650000,2,10.5,1,3,620,85,1950
Banyule,8 Leonard St,3081,11/1/2024,890000,5,10.5,2,2,596,172,1972
Banyule,82 Southern Rd,3081,10/1/2024,650000,3,10.5,1,2,582,90,1955
Banyule,2/35 Porter Rd,3081,,605000,2,10.5,1,1,166,87,2008
Banyule,478 Waterdale Rd,3081,12/1/2024,770000,8,10.5,4,4,638,115,1960
Banyule,498 Waterdale Rd,3081,10/1/2024,950000,3,10.5,1,2,800,118,1960
Banyule,13 Altona St,3081,12/1/2024,856000,4,10.5,1,2,722,208,1975
Banyule,3/17 Burns Ct,3081,,600000,3,10.5,2,2,251,200,2012
Banyule,1/97 Bamfield Rd,3081,12/1/2024,450000,2,10.5,1,1,0,82,
Banyule,484 Waterdale Rd,3081,10/1/2024,915000,3,10.5,1,1,748,101,1950
Banyule,2/601 Upper Heidelberg Rd,3081,10/1/2024,400000,2,10.5,1,1,127,83,1970
Banyule,13 Glover St,3081,12/1/2024,,3,10.5,1,1,420,90,1960
Banyule,96 Lloyd St,3081,10/1/2024,590000,2,10.5,1,2,586,80,1955
Banyule,146 Porter Rd,3081,10/1/2024,,2,10.5,1,3,932,97,1950
Banyule,26 Southern Rd,3081,10/1/2024,460000,2,10.5,1,2,508,79,1955
Banyule,11 Sackville St,3081,11/1/2024,1000500,4,10.5,2,1,592,191,1950
Banyule,470 Waterdale Rd,3081,12/1/2024,631000,3,10.5,1,1,596,99,1960
Banyule,23 Redwood St,3081,,691000,3,9.4,1,2,624,86,1965
Banyule,73 Pacific Dr,3081,10/1/2024,560000,3,9.4,1,1,523,87,1960
Banyule,2/287 Liberty Pde,3081,10/1/2024,370000,2,9.4,1,1,100,90,2013
Banyule,59 Alamein Rd,3081,11/1/2024,532000,3,9.4,1,1,390,86,1955
Banyule,21 Pacific Dr,3081,11/1/2024,710000,3,9.4,1,1,594,107,
Banyule,35 Carbeena Pde,3081,11/1/2024,515500,2,9.4,1,1,331,111,1960
Banyule,186 Oriel Rd,3081,11/1/2024,800000,3,9.4,1,3,633,88,1950
Banyule,23 Catalina St,3081,11/1/2024,620000,2,9.4,1,2,668,88,1950
Banyule,15/459 Waterdale Rd,3081,12/1/2024,360000,2,9.4,1,1,89,85,1970
Banyule,163 Dougharty Rd,3081,11/1/2024,440500,2,9.4,1,1,368,81,1955
Banyule,29 Morotai Pde,3081,,,4,9.4,1,1,632,152,1955
Banyule,523 Waterdale Rd,3081,11/1/2024,480000,3,9.4,1,1,338,13,1980
Banyule,5 Barce Pl,3081,10/1/2024,715000,4,9.4,2,2,521,196,1990
Banyule,5 Mulberry Pde,3081,10/1/2024,646250,3,9.4,1,2,616,18,1965
Banyule,16 Achilles St,3081,10/1/2024,1375000,3,9.4,1,1,368,106,1960
Banyule,111 Ramu Pde,3081,10/1/2024,722000,3,9.4,1,2,593,99,1950
Banyule,22 Kokoda St,3081,12/1/2024,725000,2,9.4,1,3,632,77,1960
Banyule,9 Ambon Ct,3081,11/1/2024,961000,3,9.4,1,2,1179,,
Banyule,262 Liberty Pde,3081,12/1/2024,465000,3,9.4,1,1,413,85,1960
Monash,18 Paget St,3166,12/1/2024,1550000,2,13,1,1,732,97,1950
Monash,1/13 Swindon Rd,3166,12/1/2024,516000,2,13,1,1,0,76,1970
Monash,20 Dalston Rd,3166,11/1/2024,1340000,3,13,1,1,705,128,
Monash,30 Kinrade St,3166,12/1/2024,,3,13,1,2,715,126,
Monash,2/19 Swindon Rd,3166,11/1/2024,828000,3,13,2,1,206,118,2002
Monash,19 Canterbury St,3166,11/1/2024,1055000,3,13,1,1,562,97,
Monash,4/89 Kangaroo Rd,3166,,623000,2,13,1,1,101,90,1970
Monash,3 Paget St,3166,12/1/2024,2120000,4,13,2,2,847,315,
Monash,8 Bowmore St,3166,,1745000,4,13,2,1,547,185,
Monash,14 Bowmore St,3166,,1700000,4,13,2,2,545,180,
Monash,105/175 Kangaroo Rd,3166,10/1/2024,420000,2,13,1,1,0,70,2010
Monash,22 Skipton Rd,3166,12/1/2024,1337000,4,13,1,2,696,100,
Monash,3/14 Rugby Rd,3166,12/1/2024,455000,2,13,1,2,0,60,1960
Monash,5/7 Warrigal Rd,3166,12/1/2024,400000,2,13,1,1,100,88,1975
Monash,37 Darling St,3166,11/1/2024,1210000,3,13,1,2,730,122,
Monash,3 Dalston Rd,3166,12/1/2024,1167500,4,13,2,1,678,184,1950
Monash,1/3 Euston Rd,3166,12/1/2024,900000,3,13,2,1,360,154,1975
Monash,1051 North Rd,3166,11/1/2024,677500,2,13,1,4,575,83,1950
Banyule,3/3 Merton St,3079,11/1/2024,460000,1,7.9,1,0,75,,1970
Banyule,20 Green St,3079,,2265000,4,7.9,2,2,925,208,
Banyule,9 Cook St,3079,,981000,3,7.9,3,2,626,378,2016
Banyule,20 Locksley Rd,3079,,2400000,4,7.9,2,2,1252,201,
Banyule,3/11 Oriel Rd,3079,,890000,3,7.9,2,2,249,140,2005
Banyule,5/52 Locksley Rd,3079,10/1/2024,739000,2,7.9,1,1,648,91,1965
Banyule,7 Robbins St,3079,12/1/2024,1340000,3,7.9,1,1,571,,
Banyule,1/34 Edwin St,3079,12/1/2024,785000,3,7.9,2,0,399,110,1950
Banyule,950 Heidelberg Rd,3079,10/1/2024,1155000,3,7.9,1,2,537,170,
Banyule,24 Dalveen Rd,3079,12/1/2024,1020000,2,7.9,1,1,557,78,1955
Banyule,5 Stanley St,3079,11/1/2024,1465000,3,7.9,1,2,630,126,1960
Banyule,3/8 Green St,3079,10/1/2024,855000,3,7.9,2,2,0,130,1980
Banyule,4/13 Ivanhoe Pde,3079,11/1/2024,705000,2,7.9,1,1,94,,
Banyule,5/30 Magnolia Rd,3079,10/1/2024,413000,1,7.9,1,1,845,59,1960
Banyule,30 Oriel Rd,3079,10/1/2024,1220000,3,7.9,1,1,687,110,1975
Banyule,10 Abbotsford Gr,3079,,1605000,3,7.9,2,2,608,165,
Banyule,6/14 Athelstane Gr,3079,10/1/2024,587000,2,7.9,1,1,721,78,1960
Banyule,114 Bond St,3079,10/1/2024,,3,7.9,1,2,677,,1950
Banyule,5/19 Livingstone St,3079,11/1/2024,690000,2,7.9,1,1,103,83,
Banyule,33 Livingstone St,3079,12/1/2024,1535000,3,7.9,1,2,691,140,1950
Banyule,19 Myrtle St,3079,11/1/2024,1470000,4,7.9,2,1,694,217,1950
Banyule,171 Waterdale Rd,3079,10/1/2024,,3,7.9,1,2,645,158,
Banyule,44 Beatty St,3079,12/1/2024,1730000,5,7.9,2,2,689,292,2007
Banyule,32 Ailsa Gr,3079,10/1/2024,1850000,3,7.9,2,2,684,232,2000
Banyule,6 Fairy St,3079,10/1/2024,2600000,5,7.9,3,1,1006,411,
Banyule,5/14 Athelstane Gr,3079,10/1/2024,500000,2,7.9,1,1,71,70,1960
Banyule,1/100 St Elmo Rd,3079,12/1/2024,450000,2,7.9,1,1,0,,
Banyule,113 Green St,3079,12/1/2024,1102000,3,7.9,1,1,597,115,1950
Banyule,13 Jellicoe St,3079,11/1/2024,1275000,3,7.9,2,2,834,169,1950
Banyule,5/139 Bond St,3079,11/1/2024,785000,2,7.9,2,1,124,135,2010
Banyule,15 Kwinana Ct,3079,10/1/2024,1223500,3,7.9,2,2,721,136,1980
Banyule,3 Scotts Pde,3079,10/1/2024,1720000,4,7.9,2,3,631,233,
Banyule,103 Waterdale Rd,3079,12/1/2024,1225000,3,7.9,1,1,572,130,
Banyule,79 Marshall St,3079,11/1/2024,,4,7.9,1,2,605,181,
Banyule,3/14 Merton St,3079,12/1/2024,,1,7.9,1,1,0,58,1992
Banyule,11 Abbotsford Gr,3079,12/1/2024,2090000,4,7.9,3,2,608,315,1980
Banyule,1/10 Oriel Rd,3079,,700000,3,7.9,2,1,189,110,1990
Banyule,4 Waterdale Rd,3079,10/1/2024,2595000,4,7.9,3,3,719,407,2007
Banyule,2/92 Beatty St,3079,10/1/2024,710000,2,7.9,1,1,134,120,2012
Banyule,7/3 Kenilworth Pde,3079,10/1/2024,650000,3,7.9,2,2,0,96,2000
Brimbank,3 Stenson Rd,3021,,515000,3,15,1,4,597,114,1975
Brimbank,29 Orbital Dr,3021,10/1/2024,,4,15,3,5,654,414,
Brimbank,128 Driscolls Rd,3021,12/1/2024,582000,3,15,2,4,530,186,1980
Brimbank,6 McGrath Cl,3021,,545000,3,15,2,2,570,163,1980
Brimbank,44 Stenson Rd,3021,12/1/2024,751000,4,15,2,2,649,305,2000
Brimbank,26 Calverton Rd,3021,,500000,4,15,1,2,574,100,1985
Brimbank,4 Woolstone Cl,3021,10/1/2024,560000,4,15,2,2,612,155,1980
Brimbank,35 Georgia Pl,3021,11/1/2024,320000,3,15,2,1,119,,
Moonee Valley,16 Border Dr,3033,12/1/2024,703000,3,12.8,2,2,683,200,1995
Moonee Valley,121 Sterling Dr,3033,10/1/2024,650000,3,12.8,1,1,538,104,1970
Moonee Valley,3A Cudgewa Pl,3033,11/1/2024,770000,3,12.8,2,1,331,201,2010
Moonee Valley,16 Roberts St,3033,10/1/2024,900000,4,12.8,2,1,289,125,2011
Moonee Valley,1 Giuliano Ct,3033,10/1/2024,700000,3,12.8,2,2,288,116,1999
Moonee Valley,15 Viewbank Dr,3033,11/1/2024,816000,4,12.8,2,1,540,188,1978
Moonee Valley,74 Lincoln Dr,3033,,845000,4,12.8,1,1,622,126,1965
Moonee Valley,27 Judith St,3033,11/1/2024,772000,3,12.8,2,3,672,132,1980
Moonee Valley,9a The Crossway,3033,,650000,3,12.8,2,2,3977,113,2013
Moonee Valley,57 Wonganella Dr,3033,11/1/2024,757000,3,12.8,2,1,532,140,1960
Moonee Valley,86 Prospect Dr,3033,11/1/2024,,3,12.8,2,2,568,148,1970
Moonee Valley,4a Cohen St,3033,10/1/2024,583000,3,12.8,1,1,412,133,2003
Moonee Valley,15 Craig St,3033,11/1/2024,880000,3,12.8,1,2,584,123,1980
Moonee Valley,17/24 Craig St,3033,12/1/2024,580000,3,12.8,2,2,112,138,2013
Moonee Valley,4 Milleara Rd,3033,11/1/2024,886000,4,12.8,3,1,322,257,1950
Moonee Valley,1 Nicholas Ct,3033,10/1/2024,920000,4,12.8,2,2,745,182,1992
Moonee Valley,117 Brees Rd,3033,11/1/2024,976000,3,12.8,3,2,605,212,1980
Moonee Valley,61 Rachelle Rd,3033,12/1/2024,1420000,4,12.8,2,2,613,250,2011
Moonee Valley,21 Woorite Pl,3033,10/1/2024,900000,3,12.8,1,1,713,127,1970
Moonee Valley,18a Berembong Dr,3033,12/1/2024,470000,2,12.8,1,1,218,88,
Moonee Valley,1/36 Phillip Rd,3033,11/1/2024,380000,2,12.8,1,1,116,,
Moonee Valley,2/49 Quinn Gr,3033,10/1/2024,560000,3,12.8,1,2,352,102,2000
Moonee Valley,4 Trent Ct,3033,11/1/2024,1010000,4,12.8,2,2,776,268,1980
Moonee Valley,13 Pennington St,3033,10/1/2024,835000,4,12.8,2,3,708,184,1990
Moonee Valley,1/31 Surrey Dr,3033,10/1/2024,705000,3,12.8,2,1,440,156,1995
Moonee Valley,7 Park Dr,3033,,680000,3,12.8,2,2,224,154,1998
Moonee Valley,83 Wyong St,3033,11/1/2024,785000,3,12.8,1,2,606,141,1965
Moonee Valley,35 Gungarlan Dr,3033,12/1/2024,695000,3,12.8,2,2,716,154,1970
Moonee Valley,21 Henry St,3033,12/1/2024,807000,4,12.8,2,2,319,,
Moonee Valley,1/67 Milleara Rd,3033,12/1/2024,502000,2,12.8,1,2,0,85,1990
Moonee Valley,54 Norwood Dr,3033,11/1/2024,770000,4,12.8,2,2,546,174,1970
Moonee Valley,94 Sterling Dr,3033,,,3,12.8,1,2,542,120,1970
Moonee Valley,23 Chappell Pl,3033,12/1/2024,830000,4,12.8,2,2,686,198,1995
Moonee Valley,23 Prospect Dr,3033,10/1/2024,600000,3,12.8,1,1,565,125,1970
Moonee Valley,20 Keith Gr,3033,12/1/2024,825000,3,12.8,2,1,630,126,2017
Moonee Valley,13 Wonganella Dr,3033,11/1/2024,720000,3,12.8,1,2,639,18,
Moonee Valley,24 Yallop Ct,3033,,735000,4,12.8,2,2,547,184,2000
Moonee Valley,83 Milleara Rd,3033,,875000,3,12.8,2,2,928,130,1970
Moonee Valley,40 Borva Dr,3033,10/1/2024,601200,3,12.8,1,1,554,147,1960
Moonee Valley,60 Wonganella Dr,3033,12/1/2024,680000,3,12.8,1,2,558,105,1980
Moonee Valley,26 Norwood Dr,3033,12/1/2024,705000,3,12.8,1,2,616,201,1970
Moonee Valley,2/6 Shelley St,3033,10/1/2024,710000,3,12.8,2,1,320,133,2013
Moonee Valley,23 Viewbank Dr,3033,,732000,4,12.8,2,2,544,233,1980
Moonee Valley,8 Alwyn Ct,3033,12/1/2024,715000,3,12.8,2,4,598,123,1970
Melbourne,4 Coopers La,3031,12/1/2024,785000,3,4.2,1,1,258,64,
Melbourne,65 Gatehouse Dr,3031,10/1/2024,852000,3,4.2,1,1,166,138,2000
Melbourne,35 Henry St,3031,12/1/2024,1037000,3,4.2,1,1,188,106,
Melbourne,14 Hardiman St,3031,12/1/2024,,3,4.2,1,1,199,121,
Moonee Valley,5 Rigby La,3031,12/1/2024,845000,3,4.2,2,1,132,105,
Melbourne,403/72 Altona St,3031,10/1/2024,492500,2,4.2,1,1,0,81,2008
Melbourne,2/65 Bayswater Rd,3031,11/1/2024,420000,2,4.2,1,1,0,55,1970
Melbourne,1/16 Mawbey St,3031,,,2,4.2,1,1,0,80,2002
Melbourne,72 Bayswater Rd,3031,10/1/2024,1271000,3,4.2,1,1,284,113,
Melbourne,67 Collett St,3031,10/1/2024,,3,4.2,1,0,234,104,
Melbourne,4/130 Kensington Rd,3031,11/1/2024,750000,2,4.2,1,1,325,112,2002
Melbourne,10 Altona St,3031,12/1/2024,,2,4.2,2,1,138,126,1999
Melbourne,70 Hardiman St,3031,11/1/2024,960000,2,4.2,1,1,174,72,
Melbourne,94 McConnell St,3031,11/1/2024,,2,4.2,1,1,163,99,
Melbourne,13 Youlden St,3031,12/1/2024,,3,4.2,1,1,211,95,1992
Melbourne,41 Barnett St,3031,11/1/2024,1165000,3,4.2,1,0,239,135,
Melbourne,11 Nottingham St,3031,12/1/2024,1710000,5,4.2,2,2,566,270,
Melbourne,39 Henry St,3031,11/1/2024,1455000,3,4.2,1,0,275,120,
Melbourne,114/71 Henry St,3031,,365000,1,4.2,1,1,0,47,2012
Melbourne,118/80 Ormond St,3031,10/1/2024,442000,2,4.2,2,1,3448,71,2010
Melbourne,51 Rankins Rd,3031,,765000,2,4.2,1,2,158,76,1965
Melbourne,407/72 Altona St,3031,11/1/2024,515000,2,4.2,1,1,3957,81,2010
Melbourne,119/71 Henry St,3031,11/1/2024,370000,1,4.2,1,1,0,50,2012
Melbourne,109 Rankins Rd,3031,11/1/2024,1234500,2,4.2,2,2,169,127,2008
Melbourne,11/33 Rankins Rd,3031,11/1/2024,666000,2,4.2,1,2,1111,92,1998
Melbourne,32 Epsom Rd,3031,,825000,2,4.2,1,1,211,88,
Melbourne,14 Altona St,3031,11/1/2024,812000,2,4.2,1,0,132,79,
Melbourne,11 Nottingham St,3031,12/1/2024,1900000,5,4.2,2,2,566,270,
Moonee Valley,13/26 Barnett St,3031,12/1/2024,445000,1,4.2,1,0,0,67,1997
Melbourne,38 Rourke La,3031,12/1/2024,732000,2,4.2,2,1,94,130,2002
Melbourne,33 Barnett St,3031,11/1/2024,1260000,3,4.2,2,2,250,147,
Melbourne,51 Gatehouse Dr,3031,10/1/2024,1000000,3,4.2,2,2,211,132,1997
Moonee Valley,26 Hopetoun St,3031,10/1/2024,1155000,2,4.2,1,1,197,101,
Melbourne,148b Kensington Rd,3031,11/1/2024,790000,3,4.2,2,2,1181,136,2003
Melbourne,66 Parsons St,3031,10/1/2024,700000,2,4.2,2,1,324,97,2009
Melbourne,49 Robertson St,3031,12/1/2024,1230000,3,4.2,1,1,312,109,
Melbourne,208/465 MacAulay Rd,3031,10/1/2024,460000,2,4.2,1,1,0,84,2010
Melbourne,1/16 Mawbey St,3031,12/1/2024,,2,4.2,1,1,0,80,2002
Melbourne,123 Rankins Rd,3031,,850000,2,4.2,1,1,169,90,
Melbourne,5 Rogan La,3031,11/1/2024,,2,4.2,1,1,97,103,2000
Melbourne,1/5 Wight St,3031,,773000,2,4.2,1,1,0,90,1970
Melbourne,111/18 Bent St,3031,12/1/2024,631090,2,4.2,2,1,2136,94,2012
Melbourne,10/2 Howlett St,3031,12/1/2024,410000,2,4.2,1,1,0,86,2000
Melbourne,301/84 Altona St,3031,10/1/2024,425000,2,4.2,1,1,0,59,2006
Boroondara,30/20 Pakington St,3101,12/1/2024,520000,2,5.6,1,1,0,12,
Boroondara,2/27 Pakington St,3101,12/1/2024,610000,2,5.6,1,1,745,72,1968
Boroondara,4/76 Studley Park Rd,3101,11/1/2024,882000,3,5.6,2,2,0,141,1950
Boroondara,94 Argyle Rd,3101,11/1/2024,3550000,4,5.6,3,4,992,374,
Boroondara,73 Cobden St,3101,10/1/2024,1326000,2,5.6,1,2,405,80,
Boroondara,7 Clevedon Ct,3101,10/1/2024,1950000,4,5.6,2,2,400,251,2000
Boroondara,4 Franks Gr,3101,11/1/2024,2550000,4,5.6,2,2,603,220,
Boroondara,8 Merrion Pl,3101,10/1/2024,1878000,3,5.6,2,1,392,426,2015
Boroondara,75 Derby St,3101,,1910000,4,5.6,3,2,277,199,2016
Boroondara,17 Gladstone St,3101,11/1/2024,1410000,3,5.6,1,2,304,127,
Boroondara,31 Miller Gr,3101,12/1/2024,2310000,3,5.6,1,2,782,175,
Boroondara,88 Edgevale Rd,3101,11/1/2024,2315000,4,5.6,2,0,364,183,
Boroondara,1/204 Brougham St,3101,12/1/2024,800000,3,5.6,2,2,848,97,1970
Boroondara,23 Grange Rd,3101,11/1/2024,4850000,5,5.6,4,4,957,400,
Boroondara,15 Barry St,3101,,,6,5.6,6,3,1334,365,
Boroondara,4/35 Studley Park Rd,3101,11/1/2024,580000,2,5.6,1,1,0,90,1970
Boroondara,3 Oshaughnessy St,3101,12/1/2024,1905000,3,5.6,2,2,591,190,
Boroondara,2/120 Princess St,3101,10/1/2024,478000,2,5.6,1,1,0,51,1970
Boroondara,3/75 Alfred St,3101,,672000,2,5.6,1,1,0,77,1966
Boroondara,33 Argyle Rd,3101,10/1/2024,2286000,4,5.6,3,2,712,237,1975
Boroondara,71 Peel St,3101,,1575000,3,5.6,2,2,397,80,
Boroondara,11/48 Princess St,3101,12/1/2024,590000,2,5.6,1,1,0,80,1975
Boroondara,56 Cecil St,3101,11/1/2024,2350000,4,5.6,2,2,861,358,1983
Boroondara,302 Cotham Rd,3101,11/1/2024,1312000,4,5.6,2,1,687,180,1955
Boroondara,4/34 Dean St,3101,10/1/2024,890000,2,5.6,2,1,89,87,1965
Boroondara,74 Gladstone St,3101,10/1/2024,1331000,2,5.6,1,1,424,89,
Boroondara,21 Grandview Tce,3101,10/1/2024,1800000,4,5.6,2,2,586,187,
Boroondara,2A Churchill St,3101,,1476000,3,5.6,2,2,288,203,1997
Boroondara,30 College Pde,3101,10/1/2024,2590000,4,5.6,2,2,660,215,
Boroondara,176 Cotham Rd,3101,12/1/2024,,4,5.6,2,2,717,225,
Boroondara,45 Stevenson St,3101,,2265000,4,5.6,1,1,650,242,
Boroondara,24 Fitzwilliam St,3101,10/1/2024,1975000,3,5.6,2,1,230,350,
Boroondara,176 Peel St,3101,12/1/2024,2550000,5,5.6,4,2,597,342,2016
Boroondara,2/37 Wills St,3101,10/1/2024,1330000,3,5.6,2,2,205,184,1995
Boroondara,7a Peel St,3101,10/1/2024,1450000,3,5.6,2,2,247,204,1998
Boroondara,61 Molesworth St,3101,11/1/2024,3650000,3,5.6,2,3,1353,282,1960
Boroondara,5/13 Hope Ct,3101,11/1/2024,551000,2,5.6,1,2,0,86,1992
Boroondara,51 Princess St,3101,10/1/2024,2460000,4,5.6,4,2,737,293,
Boroondara,80 Brougham St,3101,11/1/2024,2850000,4,5.6,2,4,690,248,
Boroondara,68 Mary St,3101,10/1/2024,2425000,5,5.6,2,2,534,237,
Boroondara,2/27 Pakington St,3101,10/1/2024,610000,2,5.6,1,1,745,72,1968
Boroondara,2/78 Studley Park Rd,3101,10/1/2024,955000,3,5.6,2,2,140,121,1980
Boroondara,3/99 Earl St,3101,10/1/2024,,2,5.6,1,1,124,86,1992
Boroondara,5/93 Princess St,3101,11/1/2024,732000,3,5.6,1,1,904,110,1980
Boroondara,75 Earl St,3101,11/1/2024,2875000,2,5.6,1,1,1065,90,
Boroondara,60 Childers St,3101,,1500000,3,5.6,1,2,857,130,
Boroondara,18 Collins St,3101,10/1/2024,1750000,4,5.6,3,2,641,230,2010
Boroondara,4/206 Cotham Rd,3101,10/1/2024,1100000,3,5.6,1,1,0,115,
Boroondara,33 Disraeli St,3101,,1440000,3,5.6,1,1,298,130,
Boroondara,27 Fernhurst Gr,3101,11/1/2024,2560000,4,5.6,3,4,670,346,1990
Boroondara,7 Heather Gr,3101,,2600000,5,5.6,2,2,674,281,1959
Boroondara,69 Malin St,3101,,3280000,5,5.6,5,2,480,147,1979
Boroondara,6/108 Walpole St,3101,12/1/2024,620000,3,5.6,1,1,0,112,1970
Boroondara,31 Argyle Rd,3101,12/1/2024,2600000,4,5.6,3,2,700,700,1992
Boroondara,17 Hartington St,3101,11/1/2024,2800000,5,5.6,2,3,920,241,
Boroondara,82 Parkhill Rd,3101,11/1/2024,1420000,3,5.6,2,2,275,153,1999
Boroondara,26 Queen St,3101,12/1/2024,1800000,3,5.6,2,1,336,139,
Boroondara,28/60 Harp Rd,3101,12/1/2024,395000,1,5.6,1,1,0,55,2005
Boroondara,49 Princess St,3101,11/1/2024,2250000,4,5.6,3,2,741,307,
Boroondara,43 Oswin St,3102,11/1/2024,2490000,4,7.5,2,2,712,14,
Boroondara,106 Kilby Rd,3102,10/1/2024,1950000,5,7.5,2,3,711,253,
Boroondara,2/37 Strathalbyn St,3102,,605000,2,7.5,1,1,0,83,1960
Boroondara,52 Frater St,3102,10/1/2024,1920000,3,7.5,1,2,672,152,
Boroondara,96 Kilby Rd,3102,12/1/2024,1615000,3,7.5,1,1,702,127,
Boroondara,62 Munro St,3102,10/1/2024,2081000,4,7.5,4,3,948,311,1960
Boroondara,36 Belford Rd,3102,10/1/2024,1315000,4,7.5,2,2,458,200,
Boroondara,2 Violet Gr,3102,11/1/2024,1750000,3,7.5,2,4,611,160,
Boroondara,17 Minogue St,3102,12/1/2024,2100000,5,7.5,3,2,695,360,1950
Boroondara,89 Kilby Rd,3102,10/1/2024,1300000,6,7.5,3,2,730,310,1968
Boroondara,36 Belford Rd,3102,12/1/2024,1315000,4,7.5,2,2,458,200,
Boroondara,3/14 Arden Ct,3102,11/1/2024,1620000,3,7.5,2,2,248,167,2012
Maribyrnong,3 Crefden St,3012,10/1/2024,615000,3,9.2,2,2,165,161,2007
Maribyrnong,27 Dunedin St,3012,10/1/2024,715000,3,9.2,1,1,576,128,1970
Maribyrnong,32 Ringtail Cct,3012,11/1/2024,826000,4,9.2,2,2,308,185,2012
Maribyrnong,8/101 Ballarat Rd,3012,10/1/2024,,2,9.2,1,1,1972,63,1960
Maribyrnong,19 Norfolk St,3012,10/1/2024,,2,9.2,1,0,163,69,
Maribyrnong,12 Lindenow St,3012,10/1/2024,927000,2,9.2,1,4,524,139,
Maribyrnong,4/27 Baird St,3012,10/1/2024,695000,3,9.2,2,1,156,124,2012
Maribyrnong,21 Pullar St,3012,11/1/2024,490000,3,9.2,1,2,306,91,1960
Maribyrnong,2/120 Suffolk St,3012,,502000,2,9.2,1,1,144,79,2005
Maribyrnong,7 Wallace St,3012,10/1/2024,,3,9.2,2,1,239,121,1955
Maribyrnong,3/20 Burns St,3012,10/1/2024,,3,9.2,2,2,184,184,
Maribyrnong,67 Norfolk St,3012,10/1/2024,840000,3,9.2,1,1,584,81,
Maribyrnong,4/4 Crefden St,3012,11/1/2024,335000,2,9.2,1,1,0,70,2009
Maribyrnong,10 Thomson St,3012,10/1/2024,832000,3,9.2,1,2,300,125,1950
Maribyrnong,67 Ballarat Rd,3012,,646000,2,9.2,1,2,270,95,
Maribyrnong,1/166 Mitchell St,3012,,673000,3,9.2,1,2,285,107,
Maribyrnong,2/48 Inkerman St,3012,10/1/2024,600000,2,9.2,1,2,127,112,
Maribyrnong,45 Radio St,3012,10/1/2024,695000,3,9.2,1,2,214,146,2007
Maribyrnong,48/48 Eucalyptus Dr,3012,12/1/2024,349000,2,9.2,1,1,0,69,2011
Maribyrnong,2/32 Burns St,3012,,555000,3,9.2,1,2,210,121,2012
Maribyrnong,17/46 Eucalyptus Dr,3012,11/1/2024,352500,2,9.2,1,1,15100,66,2012
Maribyrnong,4 Maple St,3012,11/1/2024,1350000,5,9.2,3,2,527,358,2009
Maribyrnong,32c Burns St,3012,10/1/2024,510000,2,9.2,1,2,118,91,2014
Maribyrnong,4/6 Crefden St,3012,12/1/2024,360000,2,9.2,2,1,0,90,
Maribyrnong,1/12 Clarendon St,3012,,490000,3,9.2,1,2,269,80,1960
Maribyrnong,171 Mitchell St,3012,12/1/2024,675000,4,9.2,1,1,595,80,1950
Maribyrnong,13 Burns St,3012,12/1/2024,,3,9.2,1,3,381,121,
Maribyrnong,2/13 Radio St,3012,12/1/2024,600000,2,9.2,2,1,145,112,2012
Maribyrnong,14 Howard St,3012,11/1/2024,773000,4,9.2,1,2,333,137,1970
Stonnington,35 Dixon St,3144,10/1/2024,2050000,3,7.4,2,1,231,180,
Stonnington,3 Plant St,3144,11/1/2024,3460000,4,7.4,2,2,502,309,2016
Stonnington,67 Wheatland Rd,3144,,2400000,4,7.4,2,2,586,195,
Stonnington,11 Eva St,3144,12/1/2024,2025000,3,7.4,2,2,396,105,
Stonnington,8/7 Warner St,3144,11/1/2024,611000,2,7.4,1,1,0,68,2008
Stonnington,41 Horace St,3144,10/1/2024,3800000,4,7.4,3,2,587,392,2016
Stonnington,3/2 Cawkwell St,3144,,1390000,3,7.4,2,1,227,181,1995
Stonnington,22 Milton Pde,3144,12/1/2024,,3,7.4,1,3,696,128,
Stonnington,29/202 Wattletree Rd,3144,10/1/2024,,2,7.4,1,1,0,80,1970
Stonnington,14 Woodmason St,3144,11/1/2024,1437000,3,7.4,1,1,313,132,
Stonnington,6/20 Johnstone St,3144,10/1/2024,500000,2,7.4,1,1,0,54,1970
Stonnington,34 Johnstone St,3144,10/1/2024,3400000,5,7.4,3,4,807,339,
Stonnington,10 Woodmason St,3144,10/1/2024,2355000,3,7.4,2,4,471,235,1985
Stonnington,18 Soudan St,3144,12/1/2024,4240000,5,7.4,3,3,580,320,
Stonnington,7 Hunter St,3144,10/1/2024,1326000,2,7.4,1,0,254,100,
Stonnington,3 Mary St,3144,12/1/2024,4525000,4,7.4,4,2,716,159,
Stonnington,20 Gordon Gr,3144,,1965000,4,7.4,2,1,300,185,
Stonnington,50 Hunter St,3144,12/1/2024,3470000,4,7.4,3,2,585,248,
Stonnington,8/6 Irving St,3144,10/1/2024,,2,7.4,1,1,0,91,1967
Stonnington,3/197 Wattletree Rd,3144,10/1/2024,2325000,5,7.4,3,2,501,233,2006
Stonnington,5a Ewart St,3144,11/1/2024,1970000,3,7.4,2,1,246,106,
Stonnington,11 Childers Rd,3144,12/1/2024,1475000,2,7.4,1,1,232,95,2001
Stonnington,1/58 Cawkwell St,3144,10/1/2024,,2,7.4,1,1,0,74,1971
Stonnington,9 Chanak St,3145,10/1/2024,1490000,3,11.2,1,1,322,137,
Stonnington,1/13 Goode St,3145,10/1/2024,1210000,3,11.2,2,1,337,146,1993
Stonnington,78 Emo Rd,3145,12/1/2024,2355000,4,11.2,2,3,0,223,
Stonnington,11 Findon St,3145,,1036000,2,11.2,1,1,310,102,
Stonnington,16A Manning Rd,3145,11/1/2024,,3,11.2,3,1,376,254,
Stonnington,35 Warley Rd,3145,,2350000,5,11.2,2,2,567,327,
Stonnington,12 Hilda St,3145,10/1/2024,2200000,4,11.2,3,2,567,215,
Stonnington,3/6 Peverill St,3145,11/1/2024,790000,2,11.2,1,2,196,109,1970
Stonnington,5 Anfield Ct,3145,10/1/2024,1185000,4,11.2,2,2,797,180,1950
Stonnington,38 MacGregor St,3145,,1837000,3,11.2,2,1,769,196,
Stonnington,3/406 Wattletree Rd,3145,10/1/2024,1253000,3,11.2,2,1,216,135,1994
Stonnington,14/410 Waverley Rd,3145,,922000,3,11.2,2,2,0,138,2000
Stonnington,8 Ash Gr,3145,,4802500,5,11.2,2,4,837,267,
Stonnington,2/919 Dandenong Rd,3145,11/1/2024,350000,1,11.2,1,1,0,117,1975
Stonnington,50 The Boulevard,3145,11/1/2024,1555000,3,11.2,2,2,691,150,1950
Stonnington,69 Beaver St,3145,,2123000,4,11.2,3,2,412,254,
Stonnington,8 MacGregor St,3145,,1700000,4,11.2,3,2,365,110,
Stonnington,24 Prior Rd,3145,11/1/2024,1150000,2,11.2,1,2,604,119,1960
Stonnington,2 Tennyson St,3145,11/1/2024,2001000,4,11.2,2,2,526,243,
Stonnington,29 MacGregor St,3145,11/1/2024,1915000,3,11.2,2,2,700,126,
Stonnington,2/25 Fisher St,3145,12/1/2024,1135000,3,11.2,3,2,0,130,1988
Stonnington,1/14 Durward Rd,3145,10/1/2024,1240000,4,11.2,2,2,310,180,1990
Stonnington,2/14 Durward Rd,3145,12/1/2024,1120000,3,11.2,2,2,181,151,1990
Stonnington,558 Waverley Rd,3145,,1500000,3,11.2,1,2,888,165,
Stonnington,3/2 Kardella St,3145,11/1/2024,707500,3,11.2,1,1,170,83,1975
Stonnington,5/417 Wattletree Rd,3145,12/1/2024,835000,2,11.2,1,1,0,118,
Stonnington,17A Findon St,3145,10/1/2024,,3,11.2,2,1,400,152,
Stonnington,1 Villers Sq,3145,,1580000,4,11.2,2,1,504,260,
Stonnington,4/24 Hyslop Pde,3145,11/1/2024,820000,2,11.2,2,1,0,104,2013
Stonnington,4/16 Repton Rd,3145,12/1/2024,480000,2,11.2,1,1,0,74,1970
Stonnington,2/16 Beaver St,3145,12/1/2024,1370000,3,11.2,2,2,323,204,
Stonnington,2b Brunel St,3145,10/1/2024,,3,11.2,2,2,234,201,1998
Stonnington,3/907 Dandenong Rd,3145,10/1/2024,,1,11.2,1,1,0,42,2013
Stonnington,66 Argyll St,3145,11/1/2024,1100000,3,11.2,1,2,645,126,1960
Stonnington,5/25 Clarence St,3145,,373000,1,11.2,1,1,0,38,1965
Stonnington,2D Paxton St,3145,10/1/2024,2560000,4,11.2,3,2,427,337,2012
Stonnington,48 The Boulevard,3145,10/1/2024,960000,3,11.2,2,1,310,114,1970
Stonnington,5/80 Burke Rd,3145,11/1/2024,315000,1,11.2,1,1,0,46,
Stonnington,22 Ellison St,3145,12/1/2024,1297000,3,11.2,1,1,333,147,
Stonnington,10/1810 Malvern Rd,3145,11/1/2024,1015000,3,11.2,2,2,0,134,2013
Stonnington,3/5 Peak St,3145,12/1/2024,523000,2,11.2,1,1,0,62,1960
Stonnington,15 Prior Rd,3145,10/1/2024,1335000,3,11.2,2,2,606,133,1965
Stonnington,15/5 Warley Rd,3145,12/1/2024,425000,2,11.2,1,1,0,57,1997
Stonnington,1/380 Waverley Rd,3145,11/1/2024,1670000,3,11.2,2,1,375,155,
Stonnington,401A Waverley Rd,3145,12/1/2024,1350000,4,11.2,3,2,222,90,2010
Stonnington,23 Darling Rd,3145,12/1/2024,1650000,3,11.2,1,2,764,114,
Stonnington,20a Thurso St,3145,,950000,3,11.2,1,1,288,132,1999
Stonnington,21 Virginia Gr,3145,11/1/2024,1782500,3,11.2,1,2,615,126,1950
Stonnington,1c Wilmot St,3145,10/1/2024,650000,2,11.2,2,1,0,120,2015
Maribyrnong,6 Londrew Ct,3032,10/1/2024,975000,3,8.7,1,2,597,154,1970
Maribyrnong,6 Kynoch La,3032,11/1/2024,560000,3,8.7,2,2,77,115,2004
Maribyrnong,8/42 Wests Rd,3032,12/1/2024,355000,2,8.7,1,1,0,88,2004
Maribyrnong,18 Blair St,3032,11/1/2024,550000,3,8.7,2,2,77,138,2000
Maribyrnong,104 Gatehouse Pl,3032,11/1/2024,,2,8.7,1,2,5661,103,
Maribyrnong,8/10 Middle Rd,3032,,399000,2,8.7,1,1,904,53,1985
Maribyrnong,19 Warrs Rd,3032,12/1/2024,1105000,3,8.7,1,4,762,142,1950
Maribyrnong,5 Kallara Gr,3032,12/1/2024,,3,8.7,1,2,250,132,2000
Maribyrnong,3/6 Randall St,3032,12/1/2024,662500,3,8.7,2,2,202,121,2006
Maribyrnong,44 Blair St,3032,,410000,2,8.7,1,2,53,71,2000
Maribyrnong,28 Kellaway St,3032,,920000,3,8.7,1,2,689,110,
Maribyrnong,33 Newstead St,3032,10/1/2024,1320000,3,8.7,2,2,645,211,
Maribyrnong,4 Platypus Ct,3032,12/1/2024,1150000,5,8.7,3,2,446,286,2002
Maribyrnong,12 Marin La,3032,11/1/2024,847000,3,8.7,2,2,222,200,2002
Maribyrnong,104/5 Ordnance Res,3032,10/1/2024,400000,2,8.7,1,2,3967,87,2007
Maribyrnong,26 Mitchell St,3032,10/1/2024,1072000,3,8.7,2,2,1396,175,1955
Maribyrnong,4/105 Raleigh Rd,3032,10/1/2024,510000,2,8.7,2,1,176,142,2010
Maribyrnong,112 Edgewater Bvd,3032,10/1/2024,,3,8.7,2,2,151,3,2010
Maribyrnong,3/26 Middle Rd,3032,,570000,2,8.7,1,2,98,128,2009
Maribyrnong,7/13 Navigator St,3032,10/1/2024,335000,2,8.7,1,1,0,99,
Maribyrnong,12 Newstead St,3032,10/1/2024,1900000,4,8.7,3,8,865,374,2013
Maribyrnong,20/9 Fabian Ct,3032,11/1/2024,429000,2,8.7,1,1,83,88,1980
Maribyrnong,23/4 Wests Rd,3032,10/1/2024,456000,3,8.7,2,2,4977,95,2005
Maribyrnong,705/60 Edgewater Bvd,3032,10/1/2024,566000,2,8.7,2,1,3014,80,2012
Maribyrnong,19/9 Fabian Ct,3032,10/1/2024,408000,2,8.7,1,1,85,84,1980
Maribyrnong,211/20 Pier La,3032,10/1/2024,470000,2,8.7,2,1,0,79,2011
Maribyrnong,6/4 Belvedere Cl,3032,10/1/2024,780000,3,8.7,3,2,173,184,2000
Maribyrnong,28 Blair St,3032,10/1/2024,440000,2,8.7,1,2,54,85,2000
Maribyrnong,2 Murnong St,3032,11/1/2024,1048700,4,8.7,2,2,452,245,1999
Maribyrnong,28 Blair St,3032,,400000,2,8.7,1,2,54,85,2000
Maribyrnong,33 River St,3032,11/1/2024,1215000,4,8.7,3,4,613,142,1950
Maribyrnong,23 Duffy St,3032,10/1/2024,1180000,4,8.7,3,2,688,166,1960
Maribyrnong,9 Lyric St,3032,10/1/2024,1117000,4,8.7,3,2,325,207,2005
Maribyrnong,4/47 Middle Rd,3032,10/1/2024,420000,2,8.7,1,1,0,68,1970
Maribyrnong,329 Gordon St,3032,12/1/2024,770000,4,8.7,2,2,215,231,2000
Maribyrnong,7 Pridham St,3032,,1151000,5,8.7,2,5,694,232,1950
Maribyrnong,66 Raleigh Rd,3032,12/1/2024,,3,8.7,1,2,678,124,1950
Maribyrnong,110/44 Skyline Dr,3032,,570000,2,8.7,2,1,3014,204,2012
Maribyrnong,75 Edgewater Bvd,3032,11/1/2024,820000,3,8.7,2,2,203,160,2006
Maribyrnong,39 Kellaway St,3032,11/1/2024,940000,3,8.7,1,1,695,141,
Maribyrnong,31 Monash St,3032,,1030000,4,8.7,2,1,573,196,
Maribyrnong,6 Ibis Pl,3032,11/1/2024,1230000,4,8.7,3,2,270,215,2009
Maribyrnong,12 Ibis Pl,3032,,884500,3,8.7,2,2,211,234,2005
Maribyrnong,21 Mitchell St,3032,11/1/2024,820000,3,8.7,1,4,578,176,2006
Melbourne,2306/265 Exhibition St,3000,10/1/2024,780000,2,2.8,2,1,0,85,1997
Melbourne,1501/87 Franklin St,3000,10/1/2024,535000,2,2.8,1,1,0,84,2001
Melbourne,3811/80 Abeckett St,3000,11/1/2024,450000,2,2.8,1,1,0,55,2014
Melbourne,405/270 King St,3000,10/1/2024,,2,2.8,1,0,0,66,1974
Melbourne,805/300 Swanston St,3000,10/1/2024,665000,2,2.8,1,1,0,80,2004
Melbourne,1615/250 Elizabeth St,3000,10/1/2024,386000,1,2.8,1,0,0,64,1976
Melbourne,49/2 Exhibition St,3000,,659000,1,2.8,1,1,0,59,2006
Melbourne,2111/620 Collins St,3000,10/1/2024,545000,2,2.8,1,1,0,67,2002
Melbourne,2206/60 Market St,3000,10/1/2024,,1,2.8,1,0,0,57,1960
Melbourne,308/16 Liverpool St,3000,11/1/2024,432000,1,2.8,1,1,0,51,2005
Melbourne,901/265 Exhibition St,3000,10/1/2024,750000,3,2.8,2,1,0,122,1998
Melbourne,208/108 Flinders St,3000,11/1/2024,375000,1,2.8,1,0,1414,47,2014
Melbourne,33/300 King St,3000,12/1/2024,680000,1,2.8,1,2,0,102,1965
Melbourne,1001/639 Little Bourke St,3000,,470000,2,2.8,1,2,0,55,
Melbourne,3301/288 Spencer St,3000,12/1/2024,650000,2,2.8,1,1,0,92,
Melbourne,715/300 Swanston St,3000,10/1/2024,483000,2,2.8,1,1,0,68,2004
Melbourne,32/2 Exhibition St,3000,10/1/2024,700000,1,2.8,1,1,0,64,
Melbourne,1206/483 Swanston St,3000,12/1/2024,520000,2,2.8,1,1,4051,68,2005
Melbourne,303/166 Flinders St,3000,11/1/2024,,1,2.8,1,1,0,65,
Melbourne,507/325 Collins St,3000,11/1/2024,733000,2,2.8,2,1,0,94,1965
Melbourne,1003/265 Exhibition St,3000,12/1/2024,760000,3,2.8,2,1,0,89,1997
Melbourne,103/565 Flinders St,3000,10/1/2024,360000,2,2.8,1,1,1136,69,2009
Port Phillip,277 Danks St,3206,11/1/2024,2600000,3,4.1,1,1,279,133,
Port Phillip,198 Page St,3206,,2350000,3,4.1,1,2,277,132,
Port Phillip,2/61 Canterbury Rd,3206,,535000,2,4.1,1,1,760,58,
Port Phillip,6/82 Patterson St,3206,12/1/2024,,2,4.1,1,1,0,67,1970
Port Phillip,287 Richardson St,3206,12/1/2024,3120000,4,4.1,2,1,182,100,
Port Phillip,15 Fraser St,3206,12/1/2024,1025000,2,4.1,1,0,123,73,
Port Phillip,33 Nimmo St,3206,,1920000,2,4.1,1,0,152,82,
Port Phillip,171 Ashworth St,3206,11/1/2024,2623000,3,4.1,2,2,181,212,2010
Port Phillip,82 Hambleton St,3206,,1500000,3,4.1,2,1,151,165,
Port Phillip,98 Harold St,3206,11/1/2024,1630000,2,4.1,1,0,152,113,
Port Phillip,141 Richardson St,3206,12/1/2024,1910000,3,4.1,1,3,217,125,
Whitehorse,371 Elgar Rd,3127,11/1/2024,1320000,2,11.8,1,1,613,115,1950
Whitehorse,50/781 Whitehorse Rd,3127,12/1/2024,750000,2,11.8,2,2,0,80,2003
Whitehorse,48 Kenmare St,3127,12/1/2024,2588000,3,11.8,3,2,1149,225,
Whitehorse,4/30 Kenmare St,3127,11/1/2024,,5,11.8,4,2,355,25,1979
Whitehorse,42 View St,3127,10/1/2024,2200000,4,11.8,2,2,931,199,
Whitehorse,7/27 High St,3127,11/1/2024,1310000,3,11.8,2,2,330,148,2001
Whitehorse,12 Rostrevor Pde,3127,12/1/2024,2335000,4,11.8,2,2,813,170,
Whitehorse,6 Serpentine St,3127,10/1/2024,1815000,5,11.8,1,0,711,207,1950
Whitehorse,53/781 Whitehorse Rd,3127,10/1/2024,725000,2,11.8,2,2,0,116,2005
Whitehorse,72 Churchill St,3127,12/1/2024,3900000,4,11.8,2,6,2187,327,
Whitehorse,26 Serpentine St,3127,10/1/2024,1200000,3,11.8,2,2,255,152,2000
Whitehorse,47 Zetland Rd,3127,12/1/2024,1564000,3,11.8,2,2,640,117,1950
Whitehorse,11/781 Whitehorse Rd,3127,12/1/2024,520000,2,11.8,1,1,0,92,2005
Moonee Valley,504/26 Shuter St,3039,10/1/2024,670000,3,6.9,2,2,0,120,2000
Moonee Valley,21A Scotia St,3039,10/1/2024,1055000,3,6.9,2,2,0,189,2009
Moonee Valley,5/40 Young St,3039,11/1/2024,348000,2,6.9,1,1,0,63,2007
Moonee Valley,69 Aberfeldie St,3039,10/1/2024,1780000,4,6.9,3,2,615,201,
Moonee Valley,43 Chaucer St,3039,12/1/2024,1440000,3,6.9,2,1,287,196,
Moonee Valley,14 Scotia St,3039,,1225000,4,6.9,1,1,388,120,
Moonee Valley,5 Bent St,3039,12/1/2024,1445000,4,6.9,3,2,384,178,
Moonee Valley,82 Argyle St,3039,,990000,3,6.9,1,2,328,107,
Moonee Valley,76 Argyle St,3039,11/1/2024,1550000,3,6.9,2,3,477,258,2014
Moonee Valley,25 Buckley St,3039,10/1/2024,1170000,3,6.9,1,1,443,102,
Moonee Valley,101 Holmes Rd,3039,10/1/2024,1120000,4,6.9,1,1,571,138,
Moonee Valley,4 Addison St,3039,11/1/2024,1530000,4,6.9,2,1,431,152,
Moonee Valley,1/31 Holberg St,3039,,832000,3,6.9,2,2,214,111,1997
Moonee Valley,5/3 Lennox St,3039,12/1/2024,420000,2,6.9,1,1,0,82,1950
Moonee Valley,25 Mantell St,3039,10/1/2024,2400000,4,6.9,4,2,636,308,
Moonee Valley,106/26 Shuter St,3039,11/1/2024,565000,3,6.9,2,1,0,115,2001
Moonee Valley,3/16 Turner St,3039,12/1/2024,550000,2,6.9,1,1,0,85,1990
Moonee Valley,50 Wilson St,3039,12/1/2024,1211000,4,6.9,1,3,477,146,
Moonee Valley,24 Hotham St,3039,12/1/2024,1630000,3,6.9,2,0,408,199,
Moonee Valley,37 Lennox St,3039,11/1/2024,1160000,3,6.9,1,1,449,133,
Moonee Valley,61 Steele St,3039,12/1/2024,1361500,4,6.9,1,2,453,145,
Moonee Valley,19 Sussex St,3039,10/1/2024,945000,2,6.9,1,0,225,97,
Moonee Valley,6/7 York St,3039,11/1/2024,360000,1,6.9,1,1,0,54,1965
Moonee Valley,31 Bowen St,3039,12/1/2024,860000,2,6.9,1,1,301,80,
Moonee Valley,35 Addison St,3039,10/1/2024,1637000,4,6.9,1,3,539,190,
Moonee Valley,30 Tennyson St,3039,10/1/2024,1505000,3,6.9,2,2,249,168,2007
Moonee Valley,10/40 Young St,3039,,515000,2,6.9,1,1,1981,111,2006
Moonee Valley,13/110 Maribyrnong Rd,3039,10/1/2024,330000,2,6.9,1,1,0,39,2014
Moonee Valley,24 Steele St,3039,11/1/2024,1322000,4,6.9,1,1,549,192,
Moonee Valley,29 Winchester St,3039,,,2,6.9,1,1,228,125,
Moonee Valley,4 Lennox St,3039,,,3,6.9,1,0,307,136,
Moonee Valley,75 Scott St,3039,12/1/2024,1900000,5,6.9,3,2,646,261,
Moonee Valley,44 Vine St,3039,11/1/2024,2340000,5,6.9,3,3,619,372,2009
Moonee Valley,61 Athol St,3039,11/1/2024,1400000,3,6.9,2,2,394,160,
Moonee Valley,6 Robinson St,3039,10/1/2024,1640000,4,6.9,2,1,435,329,
Moonee Valley,38 Addison St,3039,11/1/2024,1480000,3,6.9,1,2,436,142,
Moonee Valley,6/9 St James St,3039,10/1/2024,410000,2,6.9,1,1,0,59,1970
Moonee Valley,18A Fanny St,3039,10/1/2024,980000,5,6.9,2,2,207,168,2004
Moonee Valley,54b Salisbury St,3039,12/1/2024,842500,3,6.9,2,1,216,156,1995
Moonee Valley,31 Wordsworth St,3039,11/1/2024,1345000,4,6.9,2,2,313,193,
Moonee Valley,16/51 Buckley St,3039,10/1/2024,265000,1,6.9,1,1,0,41,1970
Moonee Valley,3 Pattison St,3039,12/1/2024,849000,2,6.9,1,1,345,95,
Moonee Valley,35 Athol St,3039,10/1/2024,1425000,3,6.9,1,1,526,159,
Moonee Valley,36 Derby St,3039,12/1/2024,,3,6.9,2,1,310,287,
Moonee Valley,2/118 Holmes Rd,3039,10/1/2024,330000,2,6.9,1,1,0,54,1970
Moonee Valley,1/132 Pascoe Vale Rd,3039,11/1/2024,726000,4,6.9,2,1,67,145,2000
Moonee Valley,1a Ardmillan Rd,3039,,,3,6.9,2,1,283,222,2002
Moonee Valley,2/102 Bent St,3039,11/1/2024,,3,6.9,2,2,156,152,2000
Moonee Valley,36 Aberfeldie St,3039,,1725000,3,6.9,2,3,596,203,1950
Moonee Valley,4/6 Turner St,3039,10/1/2024,600000,2,6.9,1,1,166,81,1965
Moonee Valley,25 Wilson St,3039,11/1/2024,1505000,4,6.9,2,2,441,164,
Moonee Valley,36 Scotia St,3039,11/1/2024,850000,3,6.9,2,1,271,143,
Moonee Valley,5/51 Buckley St,3039,11/1/2024,292000,1,6.9,1,1,0,45,1970
Moonee Valley,2 Parry St,3039,10/1/2024,1740000,5,6.9,1,2,739,155,
Moonee Valley,12/17 Moore St,3039,12/1/2024,470000,2,6.9,1,1,0,65,2014
Moonee Valley,1/263 Union Rd,3039,,1130000,3,6.9,2,2,217,145,2013
Moonee Valley,11 Bowen St,3039,10/1/2024,930000,3,6.9,3,1,325,132,
Moonee Valley,4/7 York St,3039,12/1/2024,336000,1,6.9,1,1,0,50,1980
Moonee Valley,4/208 Maribyrnong Rd,3039,10/1/2024,800000,2,6.9,2,2,239,120,1970
Kingston,21 Fiddes St,3189,12/1/2024,,3,14.6,1,3,834,143,1960
Kingston,19 Hamer St,3189,12/1/2024,,3,14.6,2,2,573,150,1970
Kingston,6/1015 Nepean Hwy,3189,10/1/2024,,1,14.6,1,1,106,51,1990
Kingston,11A Barbara St,3189,,930000,4,14.6,3,2,443,4,
Kingston,7 Barbara St,3189,11/1/2024,1090000,3,14.6,2,2,784,160,1960
Kingston,16 Matilda Rd,3189,11/1/2024,947500,4,14.6,2,2,609,16,
Kingston,163 Rowans Rd,3189,11/1/2024,836000,3,14.6,1,4,695,165,1970
Kingston,52 Bulli St,3189,10/1/2024,1417250,3,14.6,2,2,653,180,1950
Kingston,10 Avon St,3189,10/1/2024,980000,3,14.6,1,2,623,119,
Kingston,38 Grandview Gr,3189,,950000,2,14.6,1,3,649,75,1950
Kingston,8b William St,3189,,1140000,4,14.6,2,1,318,242,2015
Kingston,1/1017 Nepean Hwy,3189,11/1/2024,750000,3,14.6,2,1,164,123,2010
Kingston,38 Royena Rd,3189,10/1/2024,1000000,4,14.6,3,4,581,159,1960
Kingston,83 Bulli St,3189,11/1/2024,1200000,4,14.6,2,1,696,214,1955
Kingston,14 Avon St,3189,11/1/2024,987000,3,14.6,1,1,603,112,1960
Kingston,15 Genoa St,3189,12/1/2024,,3,14.6,2,1,534,104,1960
Kingston,5 Schofield St,3189,10/1/2024,1426000,4,14.6,2,1,720,218,1950
Kingston,5A William St,3189,10/1/2024,1016000,4,14.6,3,2,272,188,2000
Kingston,118 Rowans Rd,3189,12/1/2024,901000,3,14.6,2,3,558,133,1955
Kingston,2 Margaret St,3189,12/1/2024,,4,14.6,3,2,743,171,1973
Kingston,1 Otford Cl,3189,11/1/2024,975000,3,14.6,1,2,576,121,
Kingston,23 Franklin St,3189,11/1/2024,1070000,4,14.6,2,1,603,140,1955
Kingston,1/17 Baker St,3189,11/1/2024,639000,2,14.6,1,1,83,79,1960
Kingston,2/1 Barbara St,3189,12/1/2024,605000,2,14.6,1,2,180,68,1980
Kingston,1 Rhonda Ct,3189,10/1/2024,960000,3,14.6,1,1,593,115,1960
Kingston,13 Franklin St,3189,10/1/2024,725000,3,14.6,2,1,374,137,1950
Kingston,10 Beilby St,3189,10/1/2024,800000,3,14.6,2,2,261,107,1990
Kingston,6a Clay St,3189,11/1/2024,917000,3,14.6,2,2,472,152,2001
Kingston,52 Royena Rd,3189,10/1/2024,890000,3,14.6,1,1,698,114,1960
Kingston,51 Clay St,3189,10/1/2024,1008000,3,14.6,2,1,1660,160,1960
Kingston,15 Biscop Rd,3189,12/1/2024,1191000,2,14.6,1,2,756,97,1950
Kingston,2/3 Fiddes St,3189,10/1/2024,776000,2,14.6,1,1,209,101,2002
Kingston,8 Barilla Rd,3189,11/1/2024,,4,14.6,1,2,688,161,1950
Kingston,17 Horsmunden Rd,3189,10/1/2024,1160000,4,14.6,2,2,588,199,2011
Kingston,1/1 Perry St,3189,12/1/2024,1105000,4,14.6,2,2,220,187,2015
Hobsons Bay,23a Farm St,3015,11/1/2024,1025000,3,8.4,2,2,301,195,
Hobsons Bay,1/26 Thorpe St,3015,12/1/2024,826000,3,8.4,1,2,281,100,1957
Hobsons Bay,14 Chalmers La,3015,,900000,3,8.4,2,2,194,176,2010
Hobsons Bay,45 Milford St,3015,10/1/2024,962000,3,8.4,2,2,283,179,2011
Hobsons Bay,44 Challis St,3015,11/1/2024,800000,2,8.4,1,1,244,73,
Hobsons Bay,70 Market St,3015,11/1/2024,710000,4,8.4,1,2,329,108,1955
Hobsons Bay,46 River St,3015,11/1/2024,940000,4,8.4,2,1,379,172,
Hobsons Bay,4/31 Clyde St,3015,10/1/2024,655800,3,8.4,2,1,178,102,2009
Hobsons Bay,51 Home Rd,3015,11/1/2024,1082000,4,8.4,3,2,233,165,2011
Hobsons Bay,3 River St,3015,10/1/2024,1210000,3,8.4,1,1,546,144,
Hobsons Bay,82 Charlotte St,3015,10/1/2024,,3,8.4,1,1,557,111,1950
Hobsons Bay,37/114 Mason St,3015,12/1/2024,,1,8.4,1,1,0,50,2005
Hobsons Bay,53 River St,3015,10/1/2024,1260000,4,8.4,1,3,757,159,1960
Hobsons Bay,1/94 The Strand,3015,10/1/2024,1400000,3,8.4,2,3,2522,195,2006
Hobsons Bay,37 Alma Tce,3015,12/1/2024,995000,3,8.4,1,2,316,118,1960
Hobsons Bay,22 Mirls St,3015,,962000,2,8.4,1,1,402,94,
Hobsons Bay,79 Blackshaws Rd,3015,11/1/2024,860000,4,8.4,3,2,217,195,
Hobsons Bay,65 Charlotte St,3015,12/1/2024,,3,8.4,2,1,0,138,1970
Hobsons Bay,7 Effingham Rd,3015,12/1/2024,,3,8.4,1,0,357,112,
Hobsons Bay,14 Jubilee St,3015,,1060000,3,8.4,1,4,600,130,
Hobsons Bay,18/4 Mason St,3015,11/1/2024,,2,8.4,1,1,0,65,2011
Hobsons Bay,21 Croker St,3015,11/1/2024,810000,3,8.4,1,1,390,84,1970
Hobsons Bay,10 Port St,3015,12/1/2024,807500,3,8.4,1,3,647,157,
Hobsons Bay,75 Woods St,3015,10/1/2024,1620000,4,8.4,3,1,425,233,2015
Hobsons Bay,73 Farm St,3015,11/1/2024,923000,3,8.4,1,0,221,118,
Hobsons Bay,31 Milford St,3015,10/1/2024,,2,8.4,1,2,470,136,
Hobsons Bay,115 North Rd,3015,10/1/2024,1046000,3,8.4,2,2,284,125,
Hobsons Bay,1 Durkin St,3015,10/1/2024,740000,2,8.4,2,1,213,127,2006
Hobsons Bay,91 High St,3015,11/1/2024,970000,4,8.4,1,1,619,151,
Hobsons Bay,2/29 Maddox Rd,3015,11/1/2024,735000,3,8.4,2,2,0,162,2007
Hobsons Bay,39/114 Mason St,3015,10/1/2024,485000,2,8.4,1,1,0,63,2006
Hobsons Bay,153 Mason St,3015,12/1/2024,950000,3,8.4,1,2,453,145,1950
Hobsons Bay,6 Speight St,3015,10/1/2024,1280000,4,8.4,2,1,458,153,
Hobsons Bay,15 Jubilee St,3015,12/1/2024,1040000,4,8.4,2,2,299,198,2004
Hobsons Bay,75 Oakbank St,3015,10/1/2024,922000,2,8.4,1,0,301,380,
Hobsons Bay,4 Peel St,3015,10/1/2024,2415000,5,8.4,3,2,803,293,
Hobsons Bay,53 Mason St,3015,11/1/2024,1115000,4,8.4,1,1,0,163,
Hobsons Bay,16 Blenheim Rd,3015,10/1/2024,1176000,3,8.4,1,2,767,111,1960
Hobsons Bay,106 Johnston St,3015,10/1/2024,1265000,4,8.4,2,2,774,185,1950
Hobsons Bay,94 Mason St,3015,12/1/2024,801000,2,8.4,1,1,343,106,
Hobsons Bay,4/27 Clyde St,3015,12/1/2024,770000,3,8.4,2,2,224,132,2015
Hobsons Bay,8 Agg St,3015,11/1/2024,993000,3,8.4,2,2,348,158,
Hobsons Bay,8 Crawford St,3015,11/1/2024,650000,2,8.4,1,1,149,62,
Hobsons Bay,60 Speight St,3015,10/1/2024,891500,3,8.4,1,0,344,130,
Hobsons Bay,63 Mason St,3015,12/1/2024,805000,3,8.4,1,2,322,104,
Hobsons Bay,5/67 Oxford St,3015,11/1/2024,680000,2,8.4,1,1,229,101,2000
Hobsons Bay,16 Davies St,3015,10/1/2024,,2,8.4,1,1,144,140,1995
Hobsons Bay,112 Mason St,3015,11/1/2024,747000,3,8.4,2,2,753,170,2005
Hobsons Bay,14 Oakbank St,3015,11/1/2024,896000,2,8.4,1,0,297,95,
Hobsons Bay,65 Alma Tce,3015,12/1/2024,890000,2,8.4,1,0,168,90,
Hobsons Bay,26 Croker St,3015,10/1/2024,930000,4,8.4,3,3,278,188,2009
Hobsons Bay,42 Farm St,3015,12/1/2024,1151000,3,8.4,1,5,571,120,
Hobsons Bay,108 Mason St,3015,12/1/2024,820000,4,8.4,2,2,753,204,2006
Hobsons Bay,12 Severn St,3015,12/1/2024,816000,2,8.4,1,1,315,104,
Hobsons Bay,7 Durkin St,3015,10/1/2024,945000,3,8.4,2,1,487,190,2017
Hobsons Bay,10 Crawford St,3015,,643700,1,8.4,1,0,129,45,
Hobsons Bay,16 Milford St,3015,12/1/2024,760000,2,8.4,1,2,255,109,
Hobsons Bay,487 Melbourne Rd,3015,10/1/2024,881000,8,8.4,2,4,663,190,
Hobsons Bay,87 Schutt St,3015,,900000,3,8.4,2,2,360,168,2013
Moonee Valley,28 Coghlan St,3042,10/1/2024,830000,3,11.2,3,2,303,236,2013
Moonee Valley,38 Muriel St,3042,,1126000,4,11.2,2,2,650,150,1960
Moonee Valley,32 Diamond St,3042,11/1/2024,1235000,3,11.2,2,1,0,204,2009
Moonee Valley,4/67 Hoffmans Rd,3042,10/1/2024,457000,2,11.2,1,1,0,89,1975
Moonee Valley,3/42 Sapphire St,3042,10/1/2024,660000,2,11.2,2,1,217,113,2006
Moonee Valley,97 Haldane Rd,3042,10/1/2024,770000,3,11.2,2,1,313,145,2011
Moonee Valley,39 Cuthbert St,3042,10/1/2024,1350000,4,11.2,3,2,747,242,1985
Moonee Valley,2/55 Garnet St,3042,11/1/2024,820000,3,11.2,2,1,229,180,2012
Moonee Valley,5 Hamilton St,3042,12/1/2024,991000,3,11.2,1,1,716,139,1950
Moonee Valley,47 Carrington Rd,3042,11/1/2024,970000,3,11.2,2,1,320,167,
Moonee Valley,87 Hotham Rd,3042,12/1/2024,657000,2,11.2,2,1,268,104,1950
Moonee Valley,45 Vaynor St,3042,11/1/2024,710000,3,11.2,2,1,317,140,1950
Moonee Valley,2 Michael Ct,3042,,840000,3,11.2,2,2,374,180,1990
Moonee Valley,44 Jackson St,3042,,1400000,5,11.2,2,2,650,290,2005
Moonee Valley,2 Kelvin Cl,3042,11/1/2024,1080000,4,11.2,3,2,539,162,1976
Moonee Valley,50 Hotham Rd,3042,12/1/2024,1015000,3,11.2,1,1,643,125,1950
Moonee Valley,20 Grandview Rd,3042,12/1/2024,1245000,4,11.2,3,3,0,225,1950
Moonee Valley,14 Vaynor St,3042,11/1/2024,1105000,3,11.2,1,1,643,119,1950
Melbourne,10 Canning St,3051,10/1/2024,2920000,4,2.3,3,4,310,276,
Melbourne,24/302 Abbotsford St,3051,11/1/2024,540000,2,2.3,1,1,0,65,1970
Melbourne,2/63 Brougham St,3051,12/1/2024,726000,2,2.3,1,1,0,64,1970
Melbourne,8 Haines St,3051,,1340000,3,2.3,1,0,83,129,1980
Melbourne,70 Munster Tce,3051,10/1/2024,1105000,2,2.3,2,1,88,119,2010
Melbourne,19 Shands La,3051,11/1/2024,841000,2,2.3,1,1,215,0,2000
Melbourne,6/49 Haines St,3051,,528500,2,2.3,1,1,0,74,1960
Melbourne,12/25 Byron St,3051,10/1/2024,410000,1,2.3,1,1,1045,55,2011
Melbourne,110/171 Flemington Rd,3051,10/1/2024,,2,2.3,1,2,0,54,1975
Melbourne,115/150 Peel St,3051,,470000,2,2.3,1,1,0,57,2006
Melbourne,6/55 Provost St,3051,12/1/2024,,2,2.3,2,1,0,84,2006
Melbourne,4/175 Chetwynd St,3051,10/1/2024,720000,2,2.3,2,1,0,98,1998
Melbourne,16 Scotia St,3051,10/1/2024,1325000,3,2.3,2,1,97,139,2011
Melbourne,107/33 Wreckyn St,3051,11/1/2024,368000,1,2.3,1,1,0,52,2003
Melbourne,23/43 Haines St,3051,10/1/2024,450000,2,2.3,1,1,1588,71,1970
Melbourne,6 Shiel St,3051,12/1/2024,1385000,3,2.3,2,0,118,150,
Melbourne,44 Byron St,3051,12/1/2024,990000,2,2.3,2,1,584,120,2008
Melbourne,12/700 Queensberry St,3051,11/1/2024,606000,2,2.3,1,2,0,84,2000
Melbourne,103/25 Byron St,3051,10/1/2024,450000,1,2.3,1,1,0,60,2012
Melbourne,3 Murphy St,3051,11/1/2024,1470000,3,2.3,1,0,232,93,
Melbourne,18 Melrose St,3051,10/1/2024,1010000,2,2.3,2,0,109,100,
Melbourne,674 Victoria St,3051,12/1/2024,1266000,2,2.3,1,0,161,106,1960
Melbourne,509/30 Wreckyn St,3051,12/1/2024,620000,2,2.3,1,2,0,69,2004
Melbourne,306/350 Victoria St,3051,,630000,2,2.3,1,1,0,75,2002
Melbourne,21/70 Oshanassy St,3051,10/1/2024,560000,2,2.3,1,1,2300,68,1975
Melbourne,1/109 Arden St,3051,12/1/2024,665500,2,2.3,2,1,0,96,2012
Melbourne,14/7 Curran St,3051,11/1/2024,550055,2,2.3,1,2,1004,65,1971
Melbourne,11/368 Dryburgh St,3051,12/1/2024,358000,1,2.3,1,1,649,43,1970
Melbourne,103/171 Flemington Rd,3051,12/1/2024,320000,1,2.3,1,1,0,45,1975
Melbourne,10 Munster Tce,3051,11/1/2024,1000000,3,2.3,2,1,61,170,
Melbourne,203/150 Peel St,3051,11/1/2024,598000,2,2.3,1,1,0,85,2005
Melbourne,2/101 Leveson St,3051,10/1/2024,950000,2,2.3,2,1,0,2,
Melbourne,12 Curzon St,3051,,885000,2,2.3,1,1,111,73,
Melbourne,11/19 Wood St,3051,,587134,2,2.3,1,1,0,1,1970
Darebin,43 Christmas St,3070,12/1/2024,1286000,2,5.5,1,1,245,108,
Darebin,30 Clarke St,3070,11/1/2024,1200000,3,5.5,1,1,215,125,
Darebin,57A Derby St,3070,10/1/2024,1382500,3,5.5,2,2,286,188,2007
Darebin,24 Jessie St,3070,,1600000,4,5.5,2,1,464,179,
Darebin,39 Barry St,3070,10/1/2024,1710000,3,5.5,1,1,247,160,
Darebin,12 Simpson St,3070,10/1/2024,2000000,6,5.5,2,2,772,257,1992
Darebin,11/94 Union St,3070,10/1/2024,583000,2,5.5,2,1,0,69,2011
Darebin,4/75 Gadd St,3070,11/1/2024,650000,2,5.5,2,2,55,100,2013
Darebin,29 Westgarth St,3070,10/1/2024,1700000,4,5.5,2,1,415,218,
Darebin,99 Christmas St,3070,12/1/2024,,2,5.5,1,3,607,126,
Darebin,58 Herbert St,3070,10/1/2024,950000,2,5.5,1,1,191,73,
Darebin,6 Brooke St,3070,10/1/2024,1655000,3,5.5,1,3,472,101,
Darebin,91 Arthurton Rd,3070,10/1/2024,1255000,3,5.5,2,1,259,156,
Darebin,122 Emmaline St,3070,12/1/2024,,2,5.5,1,2,347,115,
Darebin,12/20 Ross St,3070,10/1/2024,,1,5.5,1,2,0,55,1970
Darebin,20 Salisbury Gr,3070,,790000,2,5.5,1,1,136,78,2000
Darebin,3/162 Westgarth St,3070,11/1/2024,605000,2,5.5,1,2,0,65,2000
Darebin,2/62 Cunningham St,3070,,,1,5.5,1,0,0,41,1970
Darebin,238 Victoria Rd,3070,11/1/2024,1190000,3,5.5,1,1,445,125,
Darebin,1/221 Westgarth St,3070,,,3,5.5,1,2,184,108,2006
Darebin,13 Hawthorn Rd,3070,,2175000,4,5.5,2,1,573,186,
Darebin,1/68 Bridge St,3070,10/1/2024,312000,1,5.5,1,1,0,39,1960
Darebin,19 Hunter St,3070,10/1/2024,890000,2,5.5,1,1,225,92,
Darebin,81 Mitchell St,3070,10/1/2024,2700000,5,5.5,3,3,490,331,
Darebin,118 Roberts St,3070,,1101000,2,5.5,1,0,229,99,
Darebin,6 Clarke St,3070,12/1/2024,1050000,3,5.5,1,0,158,106,
Darebin,1/78 Helen St,3070,12/1/2024,1010000,3,5.5,1,1,178,124,2000
Darebin,13 Andrew St,3070,,1900000,3,5.5,1,1,522,174,
Darebin,121 Bent St,3070,10/1/2024,,2,5.5,1,1,190,102,1985
Darebin,45 Emmaline St,3070,12/1/2024,1020000,2,5.5,1,1,354,97,
Darebin,2/13 Spencer St,3070,10/1/2024,844000,2,5.5,1,1,174,106,1995
Darebin,10 Campbell Gr,3070,,,3,5.5,2,2,608,138,2012
Darebin,83 Bastings St,3070,12/1/2024,1300000,3,5.5,1,1,328,135,
Darebin,4/140 Darebin Rd,3070,10/1/2024,810000,3,5.5,1,2,150,119,2000
Darebin,338 Separation St,3070,11/1/2024,701000,2,5.5,1,1,0,109,2000
Darebin,9 Brooke St,3070,11/1/2024,1255000,2,5.5,1,2,314,120,
Darebin,2/19 Glanfield St,3070,,665000,2,5.5,1,1,120,76,1975
Darebin,17B McFarlane St,3070,11/1/2024,1085000,2,5.5,2,1,152,120,
Darebin,7 McLachlan St,3070,10/1/2024,2315000,3,5.5,1,2,899,143,1960
Darebin,79 Christmas St,3070,12/1/2024,1170000,2,5.5,1,3,453,93,
Darebin,24 Barry St,3070,10/1/2024,1715000,3,5.5,1,1,407,143,
Darebin,16/62 Cunningham St,3070,12/1/2024,422000,1,5.5,1,1,0,40,1970
Darebin,26 Hayes St,3070,10/1/2024,1474000,3,5.5,1,0,304,131,
Darebin,6 Dally St,3070,11/1/2024,1035000,2,5.5,1,2,243,102,
Darebin,1/5 Emmaline St,3070,12/1/2024,460000,2,5.5,1,1,0,65,2009
Darebin,42 Kellett St,3070,10/1/2024,,3,5.5,2,2,403,180,
Darebin,8 Reid St,3070,10/1/2024,1095000,2,5.5,1,2,306,86,
Darebin,12 Stott St,3070,10/1/2024,1225000,3,5.5,1,2,307,135,
Darebin,52 Charles St,3070,10/1/2024,1211000,2,5.5,1,1,178,100,
Darebin,1/13 Kellett St,3070,12/1/2024,770000,2,5.5,1,1,129,115,1975
Darebin,239 Victoria Rd,3070,,1000000,3,5.5,1,1,440,131,
Darebin,14 Northcote St,3070,,1050000,2,5.5,1,2,301,100,
Darebin,29 Traill St,3070,,1700000,5,5.5,3,1,450,265,
Darebin,162 Bastings St,3070,10/1/2024,2160000,3,5.5,2,1,338,90,
Darebin,13/200 Westgarth St,3070,10/1/2024,400000,1,5.5,1,1,0,43,2014
Darebin,160 Bent St,3070,12/1/2024,,4,5.5,1,1,465,137,
Darebin,3 Brooke St,3070,12/1/2024,1950000,4,5.5,2,1,489,140,
Darebin,4 Clifton St,3070,10/1/2024,1820000,5,5.5,3,2,344,230,
Darebin,3 Atkinson St,3070,10/1/2024,1080000,3,5.5,1,1,348,130,
Darebin,17/203 Clarke St,3070,,570000,2,5.5,1,1,0,10,1970
Darebin,41 Johnson St,3070,11/1/2024,1340000,2,5.5,1,1,297,108,
Darebin,25 Simpson St,3070,12/1/2024,2340000,4,5.5,2,3,824,231,
Darebin,77 Union St,3070,10/1/2024,1634000,2,5.5,1,2,376,109,
Darebin,51 Beavers Rd,3070,10/1/2024,910000,2,5.5,1,1,150,81,1995
Darebin,78 Bridge St,3070,,1650000,4,5.5,1,1,382,168,1970
Darebin,155 Westbourne Gr,3070,10/1/2024,1510000,3,5.5,1,3,327,165,
Moreland,40 Winifred St,3046,10/1/2024,865000,4,11.5,1,2,696,160,1955
Moreland,7 Cartwright St,3046,10/1/2024,1350000,4,11.5,2,2,590,237,
Moreland,1/9 Cartwright St,3046,11/1/2024,476000,2,11.5,1,1,189,85,1995
Moreland,44 Devereaux St,3046,10/1/2024,706000,3,11.5,1,0,715,111,1960
Moreland,11 Murphy St,3046,10/1/2024,920000,4,11.5,2,2,780,179,1965
Moreland,4/13 Sylvester St,3046,10/1/2024,522000,2,11.5,1,1,161,91,2012
Moreland,7 Pines Gr,3046,10/1/2024,690000,4,11.5,1,1,553,137,1960
Moreland,1/22 Lex Gr,3046,11/1/2024,770000,3,11.5,2,2,272,138,2012
Moreland,10 Grevillia Rd,3046,,1100000,5,11.5,2,4,783,223,1950
Moreland,2/8 Gregory St,3046,11/1/2024,475000,2,11.5,1,1,118,113,2010
Moreland,5/25 Ethel St,3046,,651000,3,11.5,2,2,198,113,2009
Moreland,96 Winifred St,3046,,,3,11.5,2,2,790,165,
Moreland,1 Jacaranda St,3046,11/1/2024,770000,3,11.5,2,2,382,173,1960
Moreland,4/29 Margaret St,3046,11/1/2024,585500,2,11.5,1,1,161,86,2013
Moreland,40 Devereaux St,3046,11/1/2024,840000,4,11.5,1,2,704,196,1960
Moreland,2/16 Winifred St,3046,12/1/2024,470000,2,11.5,1,1,138,76,2009
Moreland,100 Winifred St,3046,12/1/2024,810000,3,11.5,1,3,763,93,1960
Moreland,68 Vincent St,3046,12/1/2024,855333,4,11.5,1,2,694,183,1974
Moreland,11 Hillcrest Rd,3046,10/1/2024,900000,5,11.5,2,2,568,260,1995
Monash,2/232 Warrigal Rd,3167,11/1/2024,680000,3,14.7,2,1,189,123,
Monash,16 Alleford St,3167,11/1/2024,875000,3,14.7,2,1,258,105,1999
Kingston,2/1073 Centre Rd,3167,,651000,4,14.7,2,2,214,189,2010
Kingston,14 Columbia St,3167,10/1/2024,802000,3,14.7,1,2,533,120,1960
Kingston,4 Cascade St,3167,10/1/2024,900000,5,14.7,2,2,558,239,1987
Monash,8 Riley St,3167,,1000000,3,14.7,2,2,575,120,1960
Kingston,7 Robyn Ct,3167,10/1/2024,801347,4,14.7,2,1,567,164,1970
Kingston,9 Emerald St,3167,11/1/2024,921000,3,14.7,1,2,535,129,1970
Monash,1172 North Rd,3167,11/1/2024,1900000,6,14.7,2,6,1200,181,1970
Monash,1/19 Dermot St,3167,12/1/2024,752500,2,14.7,1,1,308,112,1950
Monash,107 Golf Rd,3167,10/1/2024,1067000,3,14.7,1,2,648,122,
Monash,28 Devoy St,3167,11/1/2024,1260500,3,14.7,1,1,774,107,1950
Kingston,15 Druitt St,3167,12/1/2024,850500,3,14.7,1,2,531,118,1962
Monash,22 Pitt St,3167,12/1/2024,1068000,3,14.7,2,2,609,172,1970
Kingston,20 Vanessa Ct,3167,12/1/2024,937500,4,14.7,2,2,539,226,1993
Kingston,15 Yarra Ct,3167,11/1/2024,1126000,4,14.7,2,2,530,242,1980
Monash,19 Reid St,3167,10/1/2024,778000,2,14.7,1,1,806,89,1965
Melbourne,50 Strickland Rd,3052,,1230000,4,2.6,2,2,357,249,2009
Melbourne,12/238 The Avenue,3052,12/1/2024,1360000,3,2.6,2,1,0,139,
Melbourne,92 Fitzgibbon St,3052,11/1/2024,1805000,2,2.6,1,1,187,102,
Melbourne,152 Park Dr,3052,10/1/2024,,2,2.6,2,1,190,172,
Melbourne,199 Park Dr,3052,12/1/2024,1265000,2,2.6,1,0,70,102,
Melbourne,110 Gatehouse St,3052,12/1/2024,1928000,4,2.6,1,0,194,186,
Melbourne,12/196 The Avenue,3052,12/1/2024,526000,1,2.6,1,1,2488,50,1995
Melbourne,187 Park Dr,3052,12/1/2024,2236000,3,2.6,2,1,154,196,
Melbourne,28/238 The Avenue,3052,11/1/2024,1403000,3,2.6,2,2,2401,132,1980
Moreland,9 Irvine St,3044,11/1/2024,1120000,3,9.9,1,2,50,141,1950
Moreland,7 Virginia St,3044,11/1/2024,770000,3,9.9,1,4,560,120,1960
Moreland,27 Quick St,3044,10/1/2024,975000,4,9.9,1,1,733,159,1960
Moreland,23 Alexandra St,3044,10/1/2024,780000,3,9.9,1,1,446,115,1950
Moreland,5/10 Dorset Rd,3044,,600000,3,9.9,1,1,204,124,2008
Moreland,16 Stennis St,3044,10/1/2024,955000,4,9.9,2,2,686,135,1950
Moreland,31 Zenith St,3044,12/1/2024,1196000,4,9.9,2,2,559,281,1997
Moreland,24 Alexandra St,3044,11/1/2024,,3,9.9,1,2,568,111,1960
Moreland,2/22 Joffre Rd,3044,10/1/2024,585000,3,9.9,1,1,180,98,2009
Moreland,2/58 Railway Pde,3044,10/1/2024,480000,2,9.9,1,1,113,94,1988
Moreland,1/94 Railway Pde,3044,10/1/2024,605000,4,9.9,2,1,215,157,1990
Moreland,2 Donnelly Ct,3044,10/1/2024,738000,3,9.9,1,1,821,106,1974
Moreland,9/12 Pascoe St,3044,10/1/2024,386000,2,9.9,1,1,111,67,1987
Moreland,5/19 Raeburn St,3044,11/1/2024,452000,2,9.9,1,1,159,87,1990
Moreland,3/30 Snell Gr,3044,10/1/2024,522500,3,9.9,1,1,192,121,2005
Moreland,60 Kent Rd,3044,12/1/2024,741000,2,9.9,1,2,520,300,2006
Moreland,1c Hazel Gr,3044,12/1/2024,530000,2,9.9,1,1,156,98,2004
Moreland,9 Kevin St,3044,12/1/2024,,3,9.9,1,1,438,94,1960
Moreland,34 Essex St,3044,10/1/2024,775000,3,9.9,1,1,406,103,1960
Moreland,16 Hayes Pde,3044,11/1/2024,950000,5,9.9,2,2,705,166,1950
Moreland,54 Railway Pde,3044,10/1/2024,,3,9.9,1,1,570,139,1950
Moreland,22 Derby St,3044,11/1/2024,835000,3,9.9,1,2,422,132,1950
Moreland,1/5 Farringdon St,3044,12/1/2024,790000,3,9.9,3,1,291,175,2009
Moreland,229 Sussex St,3044,12/1/2024,810000,4,9.9,2,1,455,147,1950
Moreland,4/37 Arndt Rd,3044,,500000,2,9.9,1,1,147,109,2012
Moreland,2/60 Bolingbroke St,3044,10/1/2024,485000,2,9.9,1,1,139,74,1975
Moreland,1/30 Archibald St,3044,10/1/2024,488000,2,9.9,1,2,219,84,2001
Moreland,199 Cumberland Rd,3044,11/1/2024,900000,3,9.9,2,2,608,168,
Moreland,6 Merbein St,3044,10/1/2024,680000,2,9.9,1,2,590,95,
Moreland,2/6 Devon Rd,3044,10/1/2024,590000,3,9.9,2,2,191,142,2000
Moreland,7 Dorothy St,3044,12/1/2024,770000,3,9.9,1,3,464,124,1955
Moreland,27 Sefton St,3044,10/1/2024,975000,3,9.9,1,3,686,151,1970
Moreland,109 Derby St,3044,,970000,4,9.9,2,1,535,154,
Moreland,101 Northumberland Rd,3044,12/1/2024,600000,3,9.9,3,1,205,107,
Moreland,2/42 Railway Pde,3044,10/1/2024,,2,9.9,1,1,110,91,2013
Moreland,282 Cumberland Rd,3044,10/1/2024,750000,3,9.9,2,2,540,146,1999
Moreland,48 Derby St,3044,,822000,4,9.9,2,2,250,194,1983
Moreland,8/16 Pascoe St,3044,11/1/2024,430000,3,9.9,2,1,146,106,2006
Moreland,7 Coane St,3044,12/1/2024,1350000,4,9.9,2,2,646,287,1995
Moreland,6 Collings Ct,3044,10/1/2024,810000,2,9.9,1,1,783,94,1950
Moreland,30 Downs St,3044,11/1/2024,550500,2,9.9,1,2,135,100,2012
Moreland,1/10 Callander Rd,3044,10/1/2024,,2,9.9,1,1,169,109,1995
Moreland,4/143 Sussex St,3044,11/1/2024,533000,3,9.9,2,2,197,111,2007
Moreland,3/191 Sussex St,3044,11/1/2024,410000,2,9.9,1,1,105,88,2014
Moreland,5 Virginia St,3044,10/1/2024,600000,3,9.9,1,4,557,111,1955
Moreland,2a Kent Rd,3044,11/1/2024,616000,3,9.9,1,1,190,108,1970
Moreland,12 Coane St,3044,12/1/2024,960000,3,9.9,1,2,641,111,1950
Moreland,95 Essex St,3044,12/1/2024,985000,4,9.9,2,2,511,182,2007
Moreland,272 Sussex St,3044,,670000,3,9.9,1,1,596,145,
Moreland,4/47 Surrey St,3044,12/1/2024,,4,9.9,2,2,148,141,2001
Moreland,17 Prospect St,3044,10/1/2024,880000,3,9.9,2,2,588,106,1960
Moreland,4 Raeburn St,3044,10/1/2024,700000,3,9.9,1,2,449,104,1950
Moreland,2/36 Alpine Gr,3044,11/1/2024,600000,3,9.9,2,1,122,139,1998
Moreland,103 Sussex St,3044,11/1/2024,1570000,2,9.9,1,1,746,265,1950
Moreland,2/153 Essex St,3044,,525500,2,9.9,1,1,111,84,2000
Moreland,259 Sussex St,3044,12/1/2024,612500,3,9.9,1,1,522,132,1950
Moreland,4/305 Cumberland Rd,3044,12/1/2024,,1,9.9,1,1,49,49,1970
Moreland,130 Essex St,3044,12/1/2024,960000,3,9.9,2,2,501,501,1960
Moreland,12 Derby St,3044,11/1/2024,650000,4,9.9,1,2,410,141,
Moreland,4/1 Rhodes Pde,3044,10/1/2024,500000,3,9.9,1,2,191,92,2013
Moreland,217 Sussex St,3044,10/1/2024,599000,3,9.9,1,1,534,100,1950
Port Phillip,40 Nelson St,3207,11/1/2024,1150000,3,3.8,2,1,0,134,1990
Port Phillip,130 Nott St,3207,12/1/2024,985000,3,3.8,1,0,171,167,
Port Phillip,106/216 Rouse St,3207,,1200000,3,3.8,2,2,0,139,2012
Port Phillip,175 Stokes St,3207,12/1/2024,2200000,3,3.8,2,0,250,280,
Port Phillip,366 Williamstown Rd,3207,11/1/2024,2105000,4,3.8,2,3,611,181,
Port Phillip,404/101 Bay St,3207,10/1/2024,550000,2,3.8,1,1,0,57,2012
Port Phillip,66 Dunstan Pde,3207,11/1/2024,1915000,4,3.8,3,1,323,237,
Port Phillip,22 Park Sq,3207,12/1/2024,1630000,3,3.8,2,2,135,135,1997
Melbourne,467 Bay St,3207,12/1/2024,1000000,2,3.8,2,0,96,108,
Port Phillip,89 Cruikshank St,3207,12/1/2024,,3,3.8,1,0,153,109,
Port Phillip,212/50 Dow St,3207,12/1/2024,725000,2,3.8,2,2,0,87,2010
Port Phillip,175 Farrell St,3207,11/1/2024,1234500,2,3.8,1,0,183,185,
Melbourne,2/2 Graham St,3207,12/1/2024,600000,2,3.8,1,1,0,74,2005
Port Phillip,164 Liardet St,3207,12/1/2024,1342000,3,3.8,2,2,173,137,
Port Phillip,510/166 Rouse St,3207,10/1/2024,500000,1,3.8,1,1,0,60,2006
Melbourne,304/38 Nott St,3207,11/1/2024,795000,2,3.8,2,1,579,84,2013
Melbourne,130/70 Nott St,3207,,590000,2,3.8,2,1,0,70,2012
Port Phillip,6/157 Beach St,3207,12/1/2024,1100000,2,3.8,2,1,0,110,2006
Melbourne,218 Nott St,3207,10/1/2024,1275000,2,3.8,2,1,115,115,2015
Melbourne,106 Ross St,3207,10/1/2024,1000000,2,3.8,1,1,90,106,2007
Melbourne,255 Ross St,3207,12/1/2024,1820000,4,3.8,2,1,212,158,
Melbourne,4/200 Bay St,3207,10/1/2024,655000,2,3.8,2,1,0,83,2000
Melbourne,44 Cruikshank St,3207,11/1/2024,1350000,2,3.8,1,1,195,94,
Port Phillip,95 Heath St,3207,12/1/2024,,3,3.8,2,2,241,131,
Port Phillip,172 Albert St,3207,,1060000,2,3.8,1,0,106,70,
Port Phillip,405/155 Beach St,3207,12/1/2024,1610000,2,3.8,2,2,0,104,2007
Melbourne,243 Graham St,3207,11/1/2024,1101000,2,3.8,1,0,152,71,
Port Phillip,2/8 Thomas St,3207,10/1/2024,880000,2,3.8,1,2,163,83,1980
Port Phillip,8 Garton St,3207,12/1/2024,1080000,2,3.8,1,0,105,70,
Port Phillip,205 Heath St,3207,10/1/2024,1115000,2,3.8,1,0,120,76,
Port Phillip,413/54 Nott St,3207,12/1/2024,516000,2,3.8,1,1,0,70,2004
Port Phillip,75 Swallow St,3207,,1753000,3,3.8,2,1,225,153,
Port Phillip,39 Heath St,3207,10/1/2024,,2,3.8,1,0,124,70,
Port Phillip,146 Dow St,3207,11/1/2024,2350000,5,3.8,1,2,350,173,
Port Phillip,59 Heath St,3207,12/1/2024,1670000,3,3.8,2,1,140,169,
Port Phillip,180 Station St,3207,10/1/2024,,3,3.8,1,0,108,106,
Port Phillip,9 The Cove,3207,11/1/2024,1570000,3,3.8,2,1,210,211,1999
Port Phillip,95 Station St,3207,10/1/2024,1150000,2,3.8,1,0,82,90,
Melbourne,230 Nott St,3207,10/1/2024,1384000,3,3.8,1,0,184,100,
Port Phillip,309/166 Rouse St,3207,10/1/2024,655000,2,3.8,1,1,0,86,2006
Port Phillip,503/99 Nott St,3207,12/1/2024,456000,1,3.8,1,1,0,63,2007
Port Phillip,801/65 Beach St,3207,,2260000,3,3.8,2,2,0,450,
Port Phillip,410/54 Nott St,3207,10/1/2024,520000,2,3.8,1,1,0,70,2005
Port Phillip,405/1 Danks St W,3207,10/1/2024,470000,1,3.8,1,1,0,62,2000
Melbourne,4/190 Graham St,3207,12/1/2024,600000,2,3.8,1,1,0,72,1996
Port Phillip,1/3 Liardet St,3207,11/1/2024,670000,2,3.8,1,1,0,71,2006
Port Phillip,98 Heath St,3207,12/1/2024,1400000,2,3.8,1,1,168,102,
Port Phillip,16 Nelson St,3207,12/1/2024,1520000,3,3.8,2,1,0,160,2016
Port Phillip,405/2 Rouse St,3207,,600000,1,3.8,1,1,6866,63,2010
Port Phillip,1001/107 Beach St,3207,12/1/2024,2460000,3,3.8,2,2,5042,102,1995
Port Phillip,126 Heath St,3207,10/1/2024,3705000,3,3.8,2,2,214,241,2014
Port Phillip,137 Ingles St,3207,10/1/2024,950000,3,3.8,2,2,0,134,2012
Melbourne,215 Princes St,3207,10/1/2024,1350000,3,3.8,1,1,114,138,1990
Port Phillip,3/1 Seisman Pl,3207,10/1/2024,735000,2,3.8,1,1,0,100,2000
Melbourne,14/200 Bay St,3207,10/1/2024,400000,1,3.8,1,1,0,64,2000
Port Phillip,56/15 Beach St,3207,10/1/2024,900000,2,3.8,1,2,0,94,1997
Port Phillip,111 Stokes St,3207,10/1/2024,2160000,4,3.8,3,2,232,230,
Port Phillip,213 Stokes St,3207,,1380000,3,3.8,1,0,0,134,
Port Phillip,176 Dow St,3207,10/1/2024,1080000,3,3.8,1,2,116,95,
Stonnington,13/37 Greville St,3181,10/1/2024,342000,1,4.5,1,1,0,34,1960
Stonnington,20a Percy St,3181,12/1/2024,950000,2,4.5,1,1,88,121,2000
Stonnington,3/122 Williams Rd,3181,10/1/2024,781000,2,4.5,1,1,0,73,
Stonnington,907/15 Clifton St,3181,10/1/2024,549800,1,4.5,1,1,0,51,2012
Stonnington,20/67 High St,3181,10/1/2024,492000,1,4.5,1,1,1768,45,
Stonnington,10/4 Rae Ct,3181,10/1/2024,500500,1,4.5,1,1,0,64,
Stonnington,506/220 Commercial Rd,3181,10/1/2024,,3,4.5,2,2,0,136,
Stonnington,76/108 Greville St,3181,11/1/2024,685000,3,4.5,2,1,0,92,1996
Stonnington,203/11 Hillingdon Pl,3181,10/1/2024,710000,3,4.5,1,1,0,114,
Stonnington,4/313 Dandenong Rd,3181,11/1/2024,330000,1,4.5,1,1,0,51,1970
Stonnington,16 Park Rd,3181,11/1/2024,,3,4.5,2,1,128,134,2000
Stonnington,76 Pridham St,3181,,1182500,2,4.5,1,0,141,72,
Stonnington,48 Wrights Tce,3181,12/1/2024,1303000,2,4.5,1,0,288,160,
Stonnington,2/36 Clarke St,3181,11/1/2024,482500,1,4.5,1,1,443,50,1970
Stonnington,4/10 Williams Rd,3181,,585000,2,4.5,1,1,0,87,1960
Stonnington,14 Aberdeen Rd,3181,10/1/2024,1106000,2,4.5,1,1,0,135,2005
Stonnington,57 Clarke St,3181,12/1/2024,1590000,2,4.5,1,2,308,107,
Stonnington,19 Packington Pl,3181,,1055000,2,4.5,1,0,203,85,
Stonnington,20a Park Rd,3181,12/1/2024,1100000,3,4.5,1,1,111,99,2001
Stonnington,12/67 High St,3181,11/1/2024,530000,2,4.5,1,1,0,76,
Stonnington,29 Murray St,3181,10/1/2024,1500000,2,4.5,1,2,222,108,
Stonnington,602/220 Commercial Rd,3181,11/1/2024,841000,2,4.5,2,1,0,101,
Stonnington,2/261 Dandenong Rd,3181,,,2,4.5,1,1,0,78,2004
Stonnington,13/20 St Edmonds Rd,3181,11/1/2024,560000,2,4.5,1,1,0,71,2000
Stonnington,47 Clifton St,3181,11/1/2024,815000,2,4.5,1,0,96,71,
Stonnington,1/70 Williams Rd,3181,,910000,2,4.5,1,1,183,71,
Stonnington,6/21 Wynnstay Rd,3181,10/1/2024,1450000,3,4.5,2,3,1958,98,1995
Stonnington,1/38 Donald St,3181,10/1/2024,1540000,2,4.5,2,1,113,104,
Stonnington,3 Arkle St,3181,11/1/2024,1811000,3,4.5,2,1,273,125,
Stonnington,35 Chomley St,3181,12/1/2024,1180000,2,4.5,1,0,214,215,
Stonnington,56 Packington St,3181,10/1/2024,1720000,3,4.5,2,2,183,200,1999
Stonnington,16A Perth St,3181,10/1/2024,1050000,3,4.5,2,1,8216,130,1995
Stonnington,5 Pickford St,3181,10/1/2024,1582000,2,4.5,1,0,214,122,
Stonnington,5/327 Dandenong Rd,3181,11/1/2024,681000,2,4.5,2,1,0,95,1995
Stonnington,84 York St,3181,11/1/2024,1305000,2,4.5,1,1,131,79,
Stonnington,117 Charles St,3181,,1255000,3,4.5,1,1,231,124,
Stonnington,93 Charles St,3181,11/1/2024,2180000,3,4.5,2,2,238,153,
Stonnington,26 Willis St,3181,12/1/2024,1720000,3,4.5,2,1,272,163,
Stonnington,75 Pridham St,3181,10/1/2024,1220000,3,4.5,2,1,112,100,
Stonnington,62 Pridham St,3181,12/1/2024,1612000,3,4.5,2,0,146,139,
Darebin,6 Dalgety St,3072,10/1/2024,,3,8.8,1,2,644,141,1980
Darebin,370 Gilbert Rd,3072,10/1/2024,930000,4,8.8,2,2,604,180,
Darebin,287 Plenty Rd,3072,10/1/2024,751000,3,8.8,1,0,148,3,1950
Darebin,7 Kenneth St,3072,10/1/2024,1100000,3,8.8,2,3,490,130,
Darebin,27 Olver St,3072,10/1/2024,715000,2,8.8,1,1,132,121,2009
Darebin,672 Plenty Rd,3072,11/1/2024,,5,8.8,5,3,199,5,
Darebin,82 Raglan St,3072,10/1/2024,,2,8.8,1,3,581,96,1950
Darebin,191 Tyler St,3072,12/1/2024,950000,3,8.8,1,2,563,180,
Darebin,2/3 Burkitt Ct,3072,10/1/2024,496000,3,8.8,1,1,266,98,1990
Darebin,94 High St,3072,11/1/2024,,2,8.8,1,1,360,360,
Darebin,227 Murray Rd,3072,12/1/2024,850000,2,8.8,1,1,356,102,
Darebin,131b Albert St,3072,12/1/2024,540000,2,8.8,1,2,250,97,2005
Darebin,91 Bruce St,3072,10/1/2024,1150000,3,8.8,1,2,566,143,
Darebin,65 Albert St,3072,12/1/2024,615000,3,8.8,1,2,493,87,1950
Darebin,1 George St,3072,11/1/2024,735000,3,8.8,1,2,369,94,1950
Banyule,35 James St,3072,10/1/2024,810000,4,8.8,2,2,1034,151,1950
Darebin,16 Opal St,3072,12/1/2024,600000,2,8.8,1,2,220,106,2005
Darebin,439 Plenty Rd,3072,,1000000,3,8.8,2,2,143,3,
Darebin,287 Tyler St,3072,,1650000,3,8.8,1,2,452,129,
Darebin,126 Albert St,3072,10/1/2024,600000,3,8.8,1,3,503,101,1950
Darebin,13 George St,3072,10/1/2024,722000,2,8.8,1,1,400,88,1955
Darebin,23 Dean St,3072,10/1/2024,1260000,4,8.8,3,2,654,150,1950
Darebin,4/22 Newcastle St,3072,11/1/2024,485000,2,8.8,1,1,117,73,1965
Darebin,7 Tiernan St,3072,12/1/2024,690000,3,8.8,1,1,594,92,1960
Darebin,14 Arthur St,3072,10/1/2024,1065000,2,8.8,1,3,507,114,
Darebin,22 Furzer St,3072,12/1/2024,1200000,3,8.8,1,1,847,120,1965
Darebin,4/55 Regent St,3072,12/1/2024,530000,2,8.8,1,1,106,74,1970
Darebin,15 Watson St,3072,10/1/2024,900000,3,8.8,1,1,472,147,1965
Darebin,13 Garnet St,3072,10/1/2024,700000,2,8.8,1,1,214,85,
Darebin,178 Raglan St,3072,10/1/2024,920000,2,8.8,2,2,516,97,
Darebin,3 Avondale Rd,3072,10/1/2024,980000,3,8.8,2,1,479,121,
Darebin,3 Leopold St,3072,,886000,2,8.8,1,2,467,92,1950
Darebin,78 Miller St,3072,12/1/2024,1080000,3,8.8,1,1,487,189,
Darebin,1 Bellarine St,3072,12/1/2024,1400000,4,8.8,2,2,559,217,
Darebin,3/9 Cormac St,3072,11/1/2024,,2,8.8,1,1,113,90,2013
Darebin,6/383 Gilbert Rd,3072,,436000,2,8.8,1,1,0,65,1980
Darebin,43 May St,3072,11/1/2024,876000,2,8.8,1,2,479,85,1950
Darebin,198 Raglan St,3072,,,2,8.8,2,1,352,103,1950
Darebin,4/1 Furzer St,3072,12/1/2024,714000,3,8.8,2,2,185,115,2005
Darebin,1c Mary St,3072,10/1/2024,770000,2,8.8,2,1,76,129,2013
Darebin,246 Murray Rd,3072,10/1/2024,810000,3,8.8,1,1,421,97,
Darebin,26 Paywit St,3072,11/1/2024,1127000,3,8.8,2,2,590,140,
Darebin,44 Stokes St,3072,11/1/2024,780000,2,8.8,1,1,310,72,1950
Darebin,92 Gilbert Rd,3072,11/1/2024,986000,2,8.8,1,1,472,139,
Darebin,421 Murray Rd,3072,11/1/2024,760000,4,8.8,8,7,1254,280,
Darebin,187 Gilbert Rd,3072,11/1/2024,850000,3,8.8,2,1,0,142,
Darebin,5 Ventnor St,3072,10/1/2024,,3,8.8,1,2,504,506,1950
Darebin,22/2 Arthur St,3072,,300000,1,8.8,1,1,0,67,2005
Darebin,34 Booth St,3072,12/1/2024,890000,2,8.8,1,3,493,95,1950
Darebin,5 Bischoff St,3072,11/1/2024,900000,2,8.8,1,1,529,528,
Darebin,28/122 High St,3072,11/1/2024,425000,2,8.8,2,1,1485,69,2010
Darebin,1c Oak St,3072,10/1/2024,515000,2,8.8,1,1,187,60,2005
Darebin,74 Pender St,3072,12/1/2024,1040000,3,8.8,1,2,399,121,
Darebin,12 Newcastle St,3072,10/1/2024,890000,3,8.8,1,2,495,100,1950
Darebin,13 Patterson St,3072,12/1/2024,790000,2,8.8,1,1,266,100,
Darebin,2 Esther St,3072,12/1/2024,860000,2,8.8,2,1,415,138,
Darebin,21 George St,3072,12/1/2024,630000,2,8.8,1,1,372,82,
Darebin,10 Pender St,3072,10/1/2024,875000,4,8.8,1,2,400,147,
Darebin,27 South St,3072,,923000,3,8.8,1,0,333,118,
Darebin,38 Wilcox St,3072,11/1/2024,920000,4,8.8,1,1,396,184,
Darebin,33 Gordon Gr,3072,11/1/2024,871000,4,8.8,2,1,561,150,1950
Darebin,194 Miller St,3072,11/1/2024,950000,4,8.8,2,1,243,140,2005
Darebin,192 Wood St,3072,11/1/2024,870000,4,8.8,1,2,400,117,
Darebin,31 Belgrove St,3072,12/1/2024,1186000,3,8.8,1,1,713,83,1960
Darebin,1/28 Carlisle St,3072,11/1/2024,,2,8.8,1,1,126,79,1970
Darebin,21 Gillingham St,3072,12/1/2024,1162500,3,8.8,2,2,463,123,
Darebin,62 Leicester St,3072,11/1/2024,,4,8.8,1,2,560,160,1970
Darebin,140 Murray Rd,3072,10/1/2024,930000,3,8.8,1,2,679,143,1950
Darebin,67 Regent St,3072,10/1/2024,875000,3,8.8,2,1,650,119,1950
Darebin,4 Raymond St,3072,10/1/2024,840000,4,8.8,1,2,390,120,1950
Darebin,13 The Mews,3072,11/1/2024,750000,3,8.8,3,2,0,127,2005
Darebin,171 Tyler St,3072,10/1/2024,,4,8.8,2,2,500,150,1950
Darebin,1/21 Dumbarton St,3073,12/1/2024,475000,3,11.2,1,1,191,107,1990
Darebin,1/147 Purinuan Rd,3073,12/1/2024,415000,2,11.2,1,1,189,84,2012
Darebin,30 Ashton St,3073,12/1/2024,731000,3,11.2,1,2,779,138,1950
Darebin,2/20 Crookston Rd,3073,,352000,2,11.2,1,1,117,62,2012
Darebin,19 Drysdale St,3073,12/1/2024,723000,3,11.2,1,1,535,86,1950
Darebin,8/211 Edwardes St,3073,10/1/2024,336000,2,11.2,1,1,99,67,1970
Darebin,53 Fordham Rd,3073,,,3,11.2,1,1,1262,85,1955
Darebin,19 Wilkinson St,3073,12/1/2024,1025000,3,11.2,2,2,676,272,1950
Darebin,2/16 Cheddar Rd,3073,10/1/2024,490000,2,11.2,1,1,91,84,2014
Darebin,686 High St,3073,,805000,3,11.2,1,2,227,118,
Darebin,31 Powell St,3073,12/1/2024,1005000,3,11.2,2,4,466,467,
Darebin,17 Odowd St,3073,10/1/2024,,2,11.2,1,1,234,92,2014
Darebin,57 Barry St,3073,10/1/2024,800000,3,11.2,1,5,4679,170,1975
Darebin,29 Dredge St,3073,10/1/2024,510000,3,11.2,1,2,543,135,1965
Darebin,86 Hickford St,3073,12/1/2024,651000,3,11.2,2,3,649,114,1950
Darebin,197 Albert St,3073,11/1/2024,365000,2,11.2,1,1,360,83,1960
Darebin,3/38 Barton St,3073,12/1/2024,405000,2,11.2,1,1,171,94,2009
Darebin,40b Drysdale St,3073,11/1/2024,620500,3,11.2,2,1,158,117,2011
Darebin,1/40 Godley St,3073,12/1/2024,260000,1,11.2,1,1,141,80,2000
Darebin,1/1 Leamington St,3073,11/1/2024,625000,3,11.2,2,1,267,186,2003
Darebin,4/1 Ashley St,3073,,427500,2,11.2,1,1,146,84,1980
Darebin,5 Bluebell Pl,3073,12/1/2024,851000,4,11.2,2,2,581,244,2006
Darebin,41 Cameron St,3073,12/1/2024,998000,3,11.2,2,3,479,153,1950
Darebin,39 Kinsale St,3073,11/1/2024,1030000,4,11.2,2,3,630,190,
Darebin,1/40 McComas St,3073,12/1/2024,410000,2,11.2,1,1,180,61,2004
Darebin,13 Crawley St,3073,10/1/2024,1015000,4,11.2,1,1,518,135,
Darebin,193 Edwardes St,3073,11/1/2024,,3,11.2,3,2,618,153,1960
Darebin,4/60 Henty St,3073,,380000,2,11.2,1,1,149,70,1980
Darebin,6/137 Hickford St,3073,10/1/2024,530000,3,11.2,2,1,229,130,2008
Darebin,3/14 MacK St,3073,10/1/2024,592000,3,11.2,1,1,270,160,2016
Darebin,2/102 Rathcown Rd,3073,10/1/2024,440000,2,11.2,1,2,132,83,1980
Darebin,3 Colthur St,3073,,650000,3,11.2,1,3,620,114,1960
Darebin,6/13 Fyfe St,3073,10/1/2024,416000,2,11.2,1,1,159,70,2000
Darebin,6/833 High St,3073,10/1/2024,301000,3,11.2,1,1,0,63,1970
Darebin,43 Kingsley Rd,3073,11/1/2024,865000,3,11.2,1,3,560,110,1950
Darebin,96 Whitelaw St,3073,12/1/2024,650000,3,11.2,1,1,700,98,1950
Darebin,3/66 Darebin Bvd,3073,12/1/2024,,2,11.2,1,1,184,77,1965
Darebin,1/35 George St,3073,12/1/2024,491000,2,11.2,1,1,168,93,1970
Darebin,3 Hillcroft St,3073,12/1/2024,810000,3,11.2,1,2,564,558,1960
Darebin,2/953 High St,3073,11/1/2024,555000,2,11.2,1,2,229,92,1970
Darebin,2/89 Purinuan Rd,3073,11/1/2024,350000,2,11.2,1,1,0,72,2016
Darebin,2/116 Summerhill Rd,3073,12/1/2024,540000,3,11.2,2,2,215,146,2003
Darebin,31 Rathcown Rd,3073,10/1/2024,682000,3,11.2,1,1,750,103,1970
Darebin,2/33 Ashley St,3073,11/1/2024,380000,2,11.2,1,1,83,85,2010
Darebin,3/18 Bedford St,3073,12/1/2024,350000,1,11.2,1,2,96,45,2009
Darebin,8 Bedwell St,3073,11/1/2024,750000,4,11.2,2,4,820,197,1965
Darebin,3/41 Fordham Rd,3073,12/1/2024,495000,2,11.2,1,1,96,73,2013
Darebin,1/65 Keon Pde,3073,12/1/2024,500000,3,11.2,1,1,359,109,1960
Darebin,4/62 St Vigeons Rd,3073,11/1/2024,350000,2,11.2,1,1,102,67,1970
Darebin,9/99 Barton St,3073,10/1/2024,,2,11.2,1,1,0,54,2012
Darebin,12 Nisbett St,3073,10/1/2024,546000,3,11.2,1,2,592,84,1960
Darebin,1/73 Purinuan Rd,3073,11/1/2024,400000,3,11.2,1,1,172,97,1970
Darebin,3/94 Purinuan Rd,3073,11/1/2024,360000,2,11.2,1,1,132,65,2010
Darebin,1/104 Cheddar Rd,3073,10/1/2024,410000,3,11.2,1,1,250,105,1960
Darebin,115 Cheddar Rd,3073,11/1/2024,836000,2,11.2,1,1,931,121,1970
Darebin,117 Darebin Bvd,3073,12/1/2024,811000,4,11.2,2,3,525,525,
Darebin,2/102 Rathcown Rd,3073,12/1/2024,440000,2,11.2,1,2,132,83,1980
Darebin,1/18 Duffy St,3073,10/1/2024,376000,2,11.2,1,1,104,77,1970
Darebin,2/963 High St,3073,11/1/2024,323000,2,11.2,1,1,0,65,1960
Darebin,119 Hughes Pde,3073,,680000,3,11.2,1,4,527,146,1965
Darebin,2/27 Kenilworth St,3073,12/1/2024,530000,2,11.2,1,1,0,106,2007
Darebin,39 Mason St,3073,10/1/2024,786000,4,11.2,3,1,595,174,2013
Darebin,4/7 Pershing St,3073,10/1/2024,390000,2,11.2,1,1,122,74,1980
Darebin,8 Willoughby St,3073,,650000,3,11.2,1,2,468,92,1960
Darebin,2 Carrington Rd,3073,10/1/2024,800000,3,11.2,2,3,574,159,1955
Darebin,2/14 Drysdale St,3073,,330000,2,11.2,1,1,90,64,1970
Darebin,12 Ida Ct,3073,10/1/2024,539000,3,11.2,1,1,474,114,1960
Darebin,79 Darebin Bvd,3073,11/1/2024,622500,3,11.2,1,1,456,94,1960
Darebin,89 Darebin Bvd,3073,11/1/2024,767500,4,11.2,2,2,834,129,2017
Darebin,15 Down St,3073,10/1/2024,780000,3,11.2,1,2,464,125,
Darebin,18 Elizabeth Ct,3073,12/1/2024,668000,3,11.2,2,1,618,149,1965
Darebin,1/26 Chaleyer St,3073,11/1/2024,470000,3,11.2,1,2,159,97,1970
Darebin,4 Hickford St,3073,11/1/2024,655000,3,11.2,2,2,456,137,1970
Darebin,1/12 Merino St,3073,12/1/2024,440000,2,11.2,1,1,183,93,1980
Darebin,12 Borrie St,3073,10/1/2024,703000,3,11.2,2,1,597,120,1960
Darebin,1/5 Daventry St,3073,,,2,11.2,1,1,141,81,1980
Darebin,25 Florence Cl,3073,10/1/2024,,3,11.2,1,2,745,149,1985
Darebin,1 Nisbett St,3073,10/1/2024,425000,2,11.2,1,1,145,100,
Darebin,3 Sheargold Ct,3073,12/1/2024,475000,3,11.2,1,1,535,133,1970
Darebin,50 Gloucester St,3073,10/1/2024,950000,3,11.2,2,2,565,120,
Darebin,24 Ludeman Ct,3073,12/1/2024,730000,4,11.2,1,2,770,152,1970
Darebin,6 Rodman St,3073,10/1/2024,905000,3,11.2,1,2,950,121,1960
Darebin,2/152 St Vigeons Rd,3073,,480000,2,11.2,2,1,145,145,2010
Darebin,13 Whitby St,3073,12/1/2024,767000,3,11.2,1,2,561,96,1950
Darebin,1/15 Chenies St,3073,12/1/2024,450000,3,11.2,1,2,179,108,2002
Darebin,10 Gilbank St,3073,12/1/2024,921500,3,11.2,2,1,527,177,1950
Darebin,2/10 Odowd St,3073,10/1/2024,490000,2,11.2,1,1,126,91,2013
Darebin,13 Southernhay St,3073,12/1/2024,787000,3,11.2,1,1,563,118,
Darebin,8/99 Barton St,3073,10/1/2024,,2,11.2,1,1,0,55,2014
Darebin,9/99 Barton St,3073,11/1/2024,335000,2,11.2,1,1,0,54,2012
Darebin,2/7 Colthur St,3073,10/1/2024,475000,3,11.2,1,2,521,100,2010
Darebin,4/32 Crookston Rd,3073,12/1/2024,440000,2,11.2,1,1,153,87,2007
Darebin,1/164 Leamington St,3073,11/1/2024,216000,1,11.2,1,1,0,45,1970
Darebin,2/164 Leamington St,3073,11/1/2024,220000,1,11.2,1,1,0,45,1970
Darebin,6/5 Seaver Gr,3073,10/1/2024,,2,11.2,1,1,151,80,1975
Darebin,2/1 Clark St,3073,,395000,1,11.2,1,1,94,50,2014
Darebin,89 Henty St,3073,10/1/2024,790000,2,11.2,1,1,585,97,1950
Darebin,273 Mahoneys Rd,3073,10/1/2024,,3,11.2,1,2,460,102,1965
Darebin,5/25 Ashley St,3073,12/1/2024,300000,2,11.2,1,1,87,62,1970
Darebin,4/18 Gourock St,3073,10/1/2024,420000,2,11.2,1,2,153,107,2003
Darebin,1 Harmer St,3073,,885000,4,11.2,2,3,936,262,1985
Darebin,42 Kingsley Rd,3073,10/1/2024,815000,3,11.2,1,2,550,557,1965
Darebin,28 Mendip Rd,3073,10/1/2024,882500,3,11.2,2,2,681,135,
Darebin,54 Pine St,3073,10/1/2024,793000,3,11.2,1,2,589,128,1950
Darebin,1/21 Crookston Rd,3073,12/1/2024,550000,3,11.2,2,2,260,128,2006
Darebin,1/14 Ludeman Ct,3073,10/1/2024,433000,2,11.2,1,1,236,72,2012
Darebin,124 Rathcown Rd,3073,11/1/2024,680000,2,11.2,1,1,750,92,1960
Darebin,10 Dumbarton St,3073,,851000,3,11.2,1,1,826,101,1960
Darebin,1 Mendip Rd,3073,10/1/2024,1025000,3,11.2,1,4,670,134,
Darebin,17 Steane St,3073,10/1/2024,820000,5,11.2,2,2,737,150,
Darebin,81 Barton St,3073,10/1/2024,784000,3,11.2,1,2,602,162,1970
Darebin,16 Birdwood St,3073,10/1/2024,1186000,4,11.2,1,2,895,188,
Darebin,39 Leamington St,3073,10/1/2024,885000,4,11.2,2,2,508,141,1950
Darebin,6 MacKenzie St,3073,11/1/2024,718500,3,11.2,1,6,807,133,1975
Darebin,12 Nutwood St,3073,12/1/2024,,5,11.2,2,2,548,285,1990
Darebin,42 Oconnor St,3073,11/1/2024,610000,2,11.2,1,2,383,103,1970
Darebin,183 Wilson Bvd,3073,11/1/2024,680000,4,11.2,1,2,561,134,1960
Darebin,2/14 Ludeman Ct,3073,12/1/2024,390000,2,11.2,1,1,133,65,2012
Yarra,24 Butler St,3121,10/1/2024,937000,2,2.6,1,1,125,103,1950
Yarra,81 Erin St,3121,10/1/2024,1260000,3,2.6,1,0,203,81,
Yarra,6/25 River St,3121,12/1/2024,795250,2,2.6,1,2,0,85,1997
Yarra,29/9 Tennyson St,3121,11/1/2024,582000,2,2.6,1,1,0,75,2001
Yarra,3/11 Brougham St,3121,12/1/2024,370000,1,2.6,1,1,502,38,1950
Yarra,412/10 Burnley St,3121,12/1/2024,421000,1,2.6,1,1,8223,57,2012
Yarra,78 Davison St,3121,10/1/2024,3200000,5,2.6,3,3,618,260,
Yarra,28/81 Edinburgh St,3121,12/1/2024,479000,2,2.6,1,1,0,62,1970
Yarra,318/185 Lennox St,3121,,655000,2,2.6,1,1,1725,69,2005
Yarra,414/6 Lord St,3121,,561000,2,2.6,1,1,2571,66,2013
Yarra,101/18 Tanner St,3121,12/1/2024,635000,2,2.6,2,1,2740,76,2003
Yarra,247 Church St,3121,12/1/2024,1010000,3,2.6,1,1,199,105,
Yarra,32 Duke St,3121,11/1/2024,1025000,2,2.6,1,1,169,92,
Yarra,36/86 Burnley St,3121,10/1/2024,550000,2,2.6,1,2,0,68,2000
Yarra,33a River St,3121,12/1/2024,1375000,4,2.6,2,2,58,158,2007
Yarra,52 Brighton St,3121,10/1/2024,1506000,2,2.6,2,1,220,131,
Yarra,31 Johnson St,3121,12/1/2024,1350000,3,2.6,1,2,332,116,
Yarra,110/61 Stawell St,3121,11/1/2024,405000,1,2.6,1,1,7455,53,2005
Yarra,305/28 Burnley St,3121,10/1/2024,327000,1,2.6,1,1,0,43,2012
Yarra,30 Cameron St,3121,12/1/2024,1474000,3,2.6,1,0,238,94,
Yarra,32 Cameron St,3121,,,3,2.6,1,0,250,115,
Yarra,315/6 Lord St,3121,12/1/2024,500000,1,2.6,1,1,0,52,2013
Yarra,406/20 Burnley St,3121,12/1/2024,345000,1,2.6,1,1,8223,45,2012
Yarra,255 Coppin St,3121,12/1/2024,1275000,3,2.6,1,2,204,128,
Yarra,13 McKay St,3121,10/1/2024,1150000,3,2.6,1,0,176,92,
Yarra,249 Punt Rd,3121,11/1/2024,950000,4,2.6,1,0,254,124,
Yarra,303/18 Tanner St,3121,,270000,2,2.6,1,1,0,60,2004
Yarra,229/253 Bridge Rd,3121,10/1/2024,439000,1,2.6,1,1,3516,56,2011
Yarra,12/200 Brighton St,3121,12/1/2024,695000,2,2.6,1,2,0,68,1997
Yarra,6/33 Goodwood St,3121,12/1/2024,512000,2,2.6,1,1,0,61,1970
Yarra,2/175 Kent St,3121,11/1/2024,855000,2,2.6,1,1,92,115,1970
Yarra,503/6 Lord St,3121,11/1/2024,1040000,2,2.6,2,2,0,95,2013
Yarra,5/285 Punt Rd,3121,12/1/2024,,1,2.6,1,1,0,1,1970
Yarra,508/18 Tanner St,3121,,681000,1,2.6,1,1,0,50,2004
Yarra,6 Berry St,3121,10/1/2024,900000,2,2.6,1,0,95,63,
Yarra,50B Duke St,3121,12/1/2024,1250000,3,2.6,2,1,120,126,2010
Yarra,22 Garfield St,3121,12/1/2024,990000,2,2.6,1,1,117,75,
Yarra,8 George St,3121,11/1/2024,1189000,2,2.6,1,0,158,110,
Yarra,308 Lennox St,3121,10/1/2024,1220000,2,2.6,1,1,166,88,
Yarra,149 Mary St,3121,11/1/2024,1100000,3,2.6,1,0,162,81,
Yarra,28/8 Hull St,3121,11/1/2024,450000,2,2.6,1,1,0,66,2000
Yarra,25 Egan St,3121,11/1/2024,1074000,3,2.6,1,0,245,140,
Yarra,35A Hunter St,3121,10/1/2024,1430000,2,2.6,2,2,153,125,2004
Yarra,41 Shelley St,3121,10/1/2024,1465000,3,2.6,2,2,233,170,1993
Yarra,7/42 Baker St,3121,10/1/2024,391000,2,2.6,1,1,0,51,1965
Yarra,38a Buckingham St,3121,10/1/2024,930000,2,2.6,1,1,97,85,2004
Yarra,77 Buckingham St,3121,11/1/2024,1182000,3,2.6,1,1,199,110,
Yarra,143 Burnley St,3121,10/1/2024,777500,2,2.6,1,1,151,76,
Yarra,27 Glass St,3121,,,3,2.6,2,2,129,120,1980
Yarra,704/8 Howard St,3121,,760000,3,2.6,2,1,0,120,2005
Yarra,10/8 Hull St,3121,12/1/2024,640000,2,2.6,1,2,0,69,2000
Yarra,8 Malleson St,3121,10/1/2024,1420000,3,2.6,1,0,198,119,
Yarra,603/120 Palmer St,3121,12/1/2024,390000,1,2.6,1,1,0,40,2011
Yarra,106/28 Burnley St,3121,12/1/2024,380000,1,2.6,1,1,0,44,2012
Yarra,6/366 Church St,3121,,680000,2,2.6,1,1,0,52,2012
Yarra,4a Gardner St,3121,12/1/2024,1081000,2,2.6,1,1,126,115,1995
Yarra,42 Hunter St,3121,12/1/2024,860000,2,2.6,2,0,74,95,2000
Yarra,35 Shelley St,3121,10/1/2024,905000,2,2.6,1,0,139,54,
Yarra,401/18 Tanner St,3121,11/1/2024,,2,2.6,2,1,0,85,2008
Yarra,29 Bennett St,3121,10/1/2024,1088000,3,2.6,3,2,168,120,
Yarra,2/310 Burnley St,3121,11/1/2024,911000,3,2.6,2,1,0,110,2000
Yarra,30 Highett St,3121,12/1/2024,3001000,4,2.6,3,1,544,241,
Yarra,9/63 Stawell St,3121,12/1/2024,638000,2,2.6,2,1,0,77,2008
Yarra,18 Buckingham St,3121,,900000,3,2.6,3,1,58,60,2009
Yarra,36 Elm Gr,3121,12/1/2024,1695000,3,2.6,1,3,210,118,
Yarra,6 Kennedy St,3121,,1365000,3,2.6,1,1,301,110,
Yarra,58 Rooney St,3121,12/1/2024,1045000,2,2.6,1,2,200,90,
Yarra,8 Survey St,3121,11/1/2024,1591000,4,2.6,2,1,263,145,
Yarra,6 Brady St,3121,,1275000,3,2.6,2,1,132,95,
Yarra,21A Kent St,3121,11/1/2024,842000,2,2.6,2,1,0,2,
Yarra,9 Type St,3121,12/1/2024,1510000,4,2.6,2,0,0,171,
Yarra,40 York St,3121,11/1/2024,1550000,3,2.6,2,1,131,76,
Yarra,134 Coppin St,3121,11/1/2024,1456000,3,2.6,2,1,157,141,
Yarra,5 Koorang La,3121,12/1/2024,1100000,3,2.6,2,1,66,118,2013
Yarra,45 Westbank Tce,3121,,1045000,2,2.6,1,1,138,81,
Yarra,7 Bowen St,3121,11/1/2024,2000000,3,2.6,2,1,217,180,
Yarra,10/200 Brighton St,3121,,646000,2,2.6,1,1,0,70,1993
Yarra,207/12 Coppin St,3121,12/1/2024,660000,2,2.6,2,1,0,76,2013
Yarra,51 Hunter St,3121,12/1/2024,1145000,2,2.6,1,1,197,80,1960
Yarra,249 Punt Rd,3121,10/1/2024,905000,4,2.6,1,0,254,124,
Yarra,31/15 River Bvd,3121,12/1/2024,750000,2,2.6,2,1,0,104,2000
Yarra,140/73 River St,3121,,604000,2,2.6,2,2,0,75,2009
Yarra,176 Buckingham St,3121,10/1/2024,1645000,4,2.6,2,1,249,214,1970
Yarra,7/182 Coppin St,3121,12/1/2024,306000,1,2.6,1,1,0,40,1965
Yarra,19 Dickens St,3121,10/1/2024,1270000,3,2.6,1,1,181,102,
Yarra,29 Westbank Tce,3121,10/1/2024,,3,2.6,2,1,203,112,
Yarra,57 Neptune St,3121,10/1/2024,1650000,3,2.6,2,1,312,141,
Yarra,41 Cameron St,3121,10/1/2024,1320000,3,2.6,2,2,171,118,
Yarra,320 Church St,3121,10/1/2024,1651000,3,2.6,2,1,192,111,
Yarra,46 Park Gr,3121,,,4,2.6,2,0,288,193,
Yarra,3/77 River St,3121,11/1/2024,791500,3,2.6,2,2,0,104,2005
Yarra,22a Stanley St,3121,,1600000,3,2.6,2,2,80,144,
Yarra,10 Botherambo St,3121,12/1/2024,1200000,2,2.6,2,1,170,89,
Yarra,288 Church St,3121,12/1/2024,1555000,3,2.6,2,1,189,164,
Yarra,25 Dickmann St,3121,10/1/2024,1361000,3,2.6,2,1,99,102,
Yarra,1/7 Sanders Pl,3121,12/1/2024,1582000,3,2.6,3,2,119,184,2005
Yarra,28 Farmer St,3121,,2055000,3,2.6,1,1,331,121,1960
Yarra,30 Rowena Pde,3121,12/1/2024,1345000,3,2.6,1,1,209,128,
Yarra,201/61 Stawell St,3121,10/1/2024,410000,1,2.6,1,1,0,60,2008
Yarra,3/61 Stawell St,3121,11/1/2024,696000,2,2.6,2,1,0,68,2008
Yarra,5 Birch Sq,3121,11/1/2024,1350000,3,2.6,2,2,133,174,2000
Yarra,5/10 Elaine Ct,3121,11/1/2024,807000,2,2.6,2,2,0,106,2000
Yarra,104/8 Howard St,3121,12/1/2024,385000,1,2.6,1,1,0,50,2005
Yarra,52 Hunter St,3121,11/1/2024,,2,2.6,1,0,156,80,
Yarra,25 Palmer St,3121,10/1/2024,1775000,4,2.6,1,0,434,144,
Yarra,43 Type St,3121,11/1/2024,1270000,3,2.6,1,1,152,92,
Yarra,50 Canterbury St,3121,11/1/2024,827500,2,2.6,1,0,127,72,
Yarra,183 Mary St,3121,10/1/2024,1500000,4,2.6,2,1,162,89,
Yarra,153/73 River St,3121,12/1/2024,560000,2,2.6,2,1,0,70,2004
Yarra,21 Crown St,3121,10/1/2024,1165000,3,2.6,1,1,167,170,
Yarra,219/6 Lord St,3121,11/1/2024,790000,2,2.6,2,1,0,91,2013
Yarra,20 Lincoln St,3121,11/1/2024,1212500,4,2.6,3,2,108,108,2010
Yarra,24 The Crofts,3121,10/1/2024,1125000,2,2.6,1,0,103,74,
Yarra,5 Union St,3121,11/1/2024,1520000,3,2.6,1,2,248,100,
Banyule,20 Rowell St,3084,10/1/2024,1101500,5,11.4,2,1,629,207,1960
Banyule,101 Ellesmere Pde,3084,10/1/2024,1020000,4,11.4,2,2,843,181,
Banyule,2/236 Lower Plenty Rd,3084,,560000,3,11.4,1,1,213,112,2000
Banyule,21 Ruthven St,3084,12/1/2024,1050000,3,11.4,1,2,1016,205,1950
Banyule,16/77 St James Rd,3084,11/1/2024,531000,2,11.4,1,1,83,89,1990
Banyule,166 Rosanna Rd,3084,12/1/2024,620000,3,11.4,1,0,454,134,
Banyule,70 McCrae Rd,3084,11/1/2024,,3,11.4,1,2,627,154,1970
Banyule,1/73 Lower Plenty Rd,3084,10/1/2024,821000,4,11.4,1,2,403,148,1950
Banyule,3/9 Mountain View Pde,3084,10/1/2024,915000,4,11.4,3,2,0,185,2008
Banyule,27 Thomson Dr,3084,11/1/2024,890000,4,11.4,3,2,583,182,1970
Banyule,11/77 McCrae Rd,3084,11/1/2024,430000,2,11.4,1,1,164,83,1980
Banyule,51 Davies St,3084,11/1/2024,1012000,3,11.4,2,1,323,142,2015
Banyule,109 Ellesmere Pde,3084,10/1/2024,,3,11.4,1,2,927,141,1960
Banyule,54 Grove Rd,3084,,1270000,4,11.4,2,4,604,230,1950
Banyule,9 Greensborough Rd,3084,10/1/2024,515000,3,11.4,2,1,606,99,1955
Banyule,1/8 Stokes St,3084,12/1/2024,867000,3,11.4,1,1,355,51,1960
Banyule,14 Invermay Gr,3084,10/1/2024,945000,3,11.4,1,1,625,135,1960
Banyule,4/32 Lower Plenty Rd,3084,11/1/2024,,2,11.4,1,1,151,96,1980
Banyule,2/237 Rosanna Rd,3084,12/1/2024,601000,3,11.4,2,1,217,142,2006
Banyule,23 Silk St,3084,10/1/2024,908000,3,11.4,1,2,692,125,1950
Maribyrnong,56 Hamilton St,3011,11/1/2024,1145000,3,6.6,1,1,350,116,
Maribyrnong,14 Pole St,3011,11/1/2024,970000,3,6.6,1,0,137,98,
Maribyrnong,38 Lily St,3011,11/1/2024,1325000,3,6.6,3,2,227,211,2015
Maribyrnong,24/294 Nicholson St,3011,11/1/2024,450000,2,6.6,1,2,0,65,1970
Maribyrnong,58 Station Rd,3011,11/1/2024,1330000,3,6.6,3,2,168,187,2012
Maribyrnong,44 Alexander St,3011,11/1/2024,1075000,3,6.6,2,1,306,140,
Maribyrnong,38 Lily St,3011,12/1/2024,1350000,3,6.6,3,2,227,211,2015
Maribyrnong,15 Pentland Pde,3011,11/1/2024,1201000,4,6.6,2,1,299,158,
Maribyrnong,61 Station Rd,3011,10/1/2024,990000,3,6.6,1,0,371,134,
Maribyrnong,1/26 emma St,3011,11/1/2024,720000,2,6.6,1,1,126,127,2011
Maribyrnong,64 Pilgrim St,3011,10/1/2024,880000,3,6.6,1,0,216,125,
Maribyrnong,38 Alfred St,3011,12/1/2024,920000,3,6.6,2,2,0,132,2000
Maribyrnong,11 Hotham St,3011,10/1/2024,1395000,3,6.6,1,2,467,155,
Maribyrnong,16 Margaret St,3011,10/1/2024,965000,3,6.6,1,0,217,104,
Maribyrnong,258 Nicholson St,3011,10/1/2024,920000,3,6.6,2,1,309,149,
Maribyrnong,70 Station Rd,3011,11/1/2024,875000,3,6.6,2,2,193,154,2000
Maribyrnong,5 Williamstown Rd,3011,10/1/2024,822500,2,6.6,2,1,228,111,
Maribyrnong,22 Alfred St,3011,10/1/2024,1080000,3,6.6,1,0,234,111,
Maribyrnong,93 Williamstown Rd,3011,10/1/2024,1275000,5,6.6,3,1,386,218,
Maribyrnong,27 thomson St,3011,12/1/2024,955000,2,6.6,1,0,148,72,
Maribyrnong,4 webster St,3011,11/1/2024,1455000,4,6.6,2,3,571,198,
Maribyrnong,204/2 Alexander St,3011,12/1/2024,533000,2,6.6,1,1,0,62,2012
Maribyrnong,32 Walter St,3011,10/1/2024,970000,4,6.6,2,1,149,127,
Maribyrnong,10/117 Albert St,3011,11/1/2024,355000,2,6.6,1,1,0,71,1975
Maribyrnong,54 Charles St,3011,12/1/2024,,3,6.6,1,0,224,136,
Maribyrnong,18 William St,3011,10/1/2024,1270000,4,6.6,1,1,352,150,
Maribyrnong,80 Gamon St,3011,,815000,2,6.6,1,0,172,81,
Port Phillip,806/50 Albert Rd,3205,12/1/2024,593000,2,2.1,2,1,0,83,2012
Port Phillip,157 Napier St,3205,11/1/2024,,3,2.1,2,1,88,93,
Port Phillip,396 Dorcas St,3205,10/1/2024,1620000,4,2.1,2,0,163,153,
Port Phillip,25 Mountain St,3205,11/1/2024,1270000,3,2.1,1,0,149,104,
Port Phillip,38 Tribe St,3205,11/1/2024,2633000,3,2.1,1,0,276,119,
Port Phillip,144 Cobden St,3205,10/1/2024,1405000,3,2.1,1,1,181,117,
Port Phillip,352 Moray St,3205,11/1/2024,,4,2.1,3,0,190,232,
Port Phillip,72 Smith St,3205,10/1/2024,1595000,3,2.1,2,0,171,126,
Port Phillip,13/182 Albert Rd,3205,10/1/2024,595000,2,2.1,1,1,0,76,2004
Port Phillip,1901/50 Albert Rd,3205,11/1/2024,490000,2,2.1,1,1,0,56,2013
Port Phillip,247 York St,3205,12/1/2024,1250000,3,2.1,2,0,224,113,
Port Phillip,315 Moray St,3205,12/1/2024,2180000,4,2.1,3,1,200,153,
Port Phillip,22A Cobden St,3205,11/1/2024,930000,2,2.1,1,0,115,76,
Port Phillip,25 Cobden St,3205,,1200000,3,2.1,2,0,113,120,
Port Phillip,16 Tribe St,3205,10/1/2024,2000000,3,2.1,2,1,161,141,
Port Phillip,50 Bridport St,3205,12/1/2024,2000000,2,2.1,2,1,141,150,
Port Phillip,203/196 Albert Rd,3205,,1050000,2,2.1,2,2,0,122,2001
Port Phillip,24 Lyell St,3205,12/1/2024,1250000,3,2.1,2,1,108,125,
Port Phillip,248 Montague St,3205,12/1/2024,1650000,3,2.1,2,0,204,195,
Port Phillip,1009/148 Wells St,3205,10/1/2024,561000,2,2.1,1,1,0,78,2001
Port Phillip,296 Albert Rd,3205,10/1/2024,,3,2.1,2,2,151,153,
Port Phillip,48 Glover St,3205,10/1/2024,1200000,2,2.1,2,1,131,79,
Port Phillip,301/142 Park St,3205,12/1/2024,1550000,3,2.1,4,2,0,230,
Port Phillip,46 Cobden St,3205,12/1/2024,1390000,3,2.1,2,1,138,138,1998
Port Phillip,18a Iffla St,3205,12/1/2024,1615000,4,2.1,3,2,577,220,2009
Port Phillip,10 Coote St,3205,12/1/2024,1185000,3,2.1,2,1,111,3,
Port Phillip,372 Dorcas St,3205,11/1/2024,2300000,3,2.1,2,2,0,260,
Port Phillip,5/38 Bank St,3205,12/1/2024,742000,3,2.1,2,2,0,90,2003
Port Phillip,164 Cecil St,3205,12/1/2024,2075000,3,2.1,2,0,141,163,
Stonnington,5/38 MacFarlan St,3141,10/1/2024,722000,2,3.3,1,1,0,86,2003
Stonnington,202/8 Bond St,3141,10/1/2024,,2,3.3,2,2,0,86,2014
Melbourne,43/100 Commercial Rd,3141,10/1/2024,1230000,3,3.3,2,2,0,138,1998
Stonnington,8/18 Darling St,3141,,535000,2,3.3,1,1,0,64,1970
Stonnington,15/9 Darling St,3141,10/1/2024,990000,2,3.3,2,2,0,38,2015
Melbourne,7/32 Marne St,3141,11/1/2024,695000,2,3.3,1,0,0,79,
Stonnington,10/34 MacFarlan St,3141,11/1/2024,,2,3.3,1,1,0,103,2000
Melbourne,20/30 Mona Pl,3141,10/1/2024,572000,2,3.3,1,1,0,73,1960
Melbourne,12 Witchwood Cl,3141,11/1/2024,1460000,3,3.3,2,1,181,148,1990
Stonnington,8/24 Fitzgerald St,3141,10/1/2024,,2,3.3,1,1,0,75,1970
Stonnington,8/99 Osborne St,3141,11/1/2024,409000,1,3.3,1,1,0,45,1970
Stonnington,1/14 Arthur St,3141,11/1/2024,1250000,3,3.3,2,1,80,118,2003
Melbourne,4/957 Punt Rd,3141,10/1/2024,659000,2,3.3,1,1,0,77,
Stonnington,19/110 Caroline St,3141,12/1/2024,780000,2,3.3,1,1,0,75,1960
Stonnington,26 Fawkner St,3141,,1455000,2,3.3,1,0,225,94,
Stonnington,2/403 Toorak Rd,3141,10/1/2024,360500,1,3.3,1,1,0,44,1960
Melbourne,2/1 Walsh St,3141,12/1/2024,1300000,2,3.3,2,2,0,107,1986
Melbourne,6/1 Walsh St,3141,,,2,3.3,2,1,0,107,1980
Melbourne,1/35 Marne St,3141,10/1/2024,1630000,3,3.3,1,1,0,,
Stonnington,8/44 Murphy St,3141,10/1/2024,955000,1,3.3,1,1,0,85,
Stonnington,6/97 Osborne St,3141,10/1/2024,380000,1,3.3,1,1,0,41,1980
Stonnington,91/390 Toorak Rd,3141,12/1/2024,1030000,2,3.3,2,1,0,,
Stonnington,18 Avoca St,3141,11/1/2024,,4,3.3,2,0,292,272,
Stonnington,18/33 Kensington Rd,3141,11/1/2024,,1,3.3,1,1,0,44,1970
Melbourne,76 Leopold St,3141,11/1/2024,2695000,3,3.3,2,1,215,200,
Melbourne,1/63 Millswyn St,3141,11/1/2024,805000,2,3.3,1,1,0,,
Melbourne,19/877 Punt Rd,3141,12/1/2024,360000,1,3.3,1,1,0,46,
Stonnington,12/219 Williams Rd,3141,10/1/2024,310000,1,3.3,1,1,0,40,1950
Stonnington,25/388 Toorak Rd,3141,12/1/2024,627500,2,3.3,1,1,0,85,1970
Stonnington,1107/12 Yarra St,3141,,425000,1,3.3,1,1,0,56,2007
Stonnington,3/49 Osborne St,3141,12/1/2024,330000,1,3.3,1,1,0,47,1970
Stonnington,9/18 Kensington Rd,3141,12/1/2024,693000,2,3.3,1,1,2122,64,1960
Stonnington,7/31 Kensington Rd,3141,12/1/2024,740000,3,3.3,1,1,0,,1970
Stonnington,3 Palermo St,3141,12/1/2024,2285000,3,3.3,2,2,221,135,
Melbourne,70 Park St,3141,11/1/2024,3000000,3,3.3,3,2,191,175,
Stonnington,608/20 Garden St,3141,10/1/2024,515000,2,3.3,1,1,734,65,2013
Stonnington,15/2 Gordon Gr,3141,11/1/2024,600000,2,3.3,1,2,0,72,1970
Melbourne,49 Leopold St,3141,11/1/2024,2600000,4,3.3,2,2,141,127,
Stonnington,6/49 Osborne St,3141,10/1/2024,320000,1,3.3,1,0,0,47,1970
Stonnington,103/334 Toorak Rd,3141,11/1/2024,920000,2,3.3,2,0,0,,
Stonnington,14/85 Caroline St,3141,10/1/2024,,1,3.3,1,1,0,45,1960
Stonnington,37 Grosvenor St,3141,11/1/2024,1810000,3,3.3,1,1,211,18,
Melbourne,22/49 Walsh St,3141,10/1/2024,567500,1,3.3,1,1,0,56,1970
Melbourne,3/38 Arnold St,3141,10/1/2024,540000,1,3.3,1,1,480,53,
Stonnington,29 Nicholson St,3141,12/1/2024,2010000,3,3.3,2,1,163,207,2016
Stonnington,62 Powell St,3141,12/1/2024,1945000,3,3.3,2,1,194,148,
Stonnington,21 Ralston St,3141,11/1/2024,906000,3,3.3,1,0,154,88,
Stonnington,24/384 Toorak Rd,3141,10/1/2024,367000,1,3.3,1,0,0,42,1950
Stonnington,39 Hardy St,3141,12/1/2024,1130000,2,3.3,1,1,132,77,
Stonnington,19/47 Rockley Rd,3141,10/1/2024,500000,2,3.3,1,1,0,73,1980
Melbourne,1/949 Punt Rd,3141,10/1/2024,310000,1,3.3,1,1,0,37,1970
Stonnington,8 Cliff St,3141,10/1/2024,1100000,2,3.3,1,0,176,81,
Stonnington,7/48 Cromwell Rd,3141,10/1/2024,410000,1,3.3,1,0,0,48,1960
Stonnington,9 Moore St,3141,10/1/2024,1125000,3,3.3,1,0,146,89,
Stonnington,202/800 Chapel St,3141,12/1/2024,,2,3.3,2,1,0,92,2002
Stonnington,1/35 Cromwell Rd,3141,12/1/2024,1400000,3,3.3,2,2,0,172,2005
Stonnington,4/30 Murphy St,3141,10/1/2024,680500,2,3.3,1,1,0,70,1970
Stonnington,16h Stables La,3141,10/1/2024,280000,1,3.3,1,0,0,35,
Melbourne,4/943 Punt Rd,3141,10/1/2024,520000,2,3.3,1,1,0,62,
Stonnington,504/79 River St,3141,10/1/2024,827000,2,3.3,2,2,17200,,2000
Stonnington,6 Cliff St,3141,11/1/2024,1200000,2,3.3,1,0,176,84,
Stonnington,13/4 Gordon Gr,3141,12/1/2024,480000,2,3.3,1,1,0,61,1965
Stonnington,68 Oban St,3141,10/1/2024,2200000,3,3.3,2,0,358,238,
Stonnington,366 Toorak Rd,3141,11/1/2024,1700000,3,3.3,1,1,178,172,
Stonnington,33 Tyrone St,3141,11/1/2024,1200000,2,3.3,1,1,163,86,
Stonnington,36 Tyrone St,3141,10/1/2024,1540000,3,3.3,2,1,149,140,2003
Melbourne,9/210 Domain Rd,3141,,826000,2,3.3,1,1,0,79,1970
Melbourne,12 Witchwood Cl,3141,10/1/2024,1700000,3,3.3,2,1,181,148,1990
Stonnington,8/3 Barnsbury Rd,3141,11/1/2024,,2,3.3,1,1,0,72,1969
Stonnington,11/56 Darling St,3141,10/1/2024,687000,1,3.3,1,2,0,,
Melbourne,41/106 Southbank Bvd,3006,10/1/2024,720000,3,1.2,1,1,0,106,1993
Melbourne,9/81 Dodds St,3006,,868000,3,1.2,2,1,0,114,1995
Melbourne,4/55 Kavanagh St,3006,11/1/2024,590000,2,1.2,1,1,0,75,
Melbourne,293/88 Kavanagh St,3006,12/1/2024,530000,2,1.2,1,1,0,84,2003
Melbourne,92/99 Whiteman St,3006,12/1/2024,650000,2,1.2,2,1,0,110,2000
Melbourne,6/77 Dodds St,3006,11/1/2024,990000,4,1.2,3,1,0,172,1995
Melbourne,1605/14 Kavanagh St,3006,10/1/2024,592500,2,1.2,2,1,0,100,2000
Melbourne,208/102 Wells St,3006,10/1/2024,600000,2,1.2,2,1,0,99,1995
Melbourne,308/18 Kavanagh St,3006,12/1/2024,455000,1,1.2,1,0,760,70,2007
Melbourne,1509/152 Sturt St,3006,12/1/2024,569000,2,1.2,2,1,3878,,2012
Melbourne,80 Coventry St,3006,11/1/2024,1220000,3,1.2,1,1,0,,
Melbourne,6/85 Dodds St,3006,10/1/2024,1250000,4,1.2,3,1,0,176,2000
Melbourne,125/173 City Rd,3006,11/1/2024,425000,1,1.2,1,1,0,57,2004
Melbourne,114 Gladstone St,3006,10/1/2024,,2,1.2,1,0,0,,
Port Phillip,7/100 Wells St,3006,12/1/2024,740000,3,1.2,2,1,0,105,1994
Melbourne,808/8 Kavanagh St,3006,12/1/2024,580000,2,1.2,1,1,0,,2010
Melbourne,85 Montague St,3006,12/1/2024,700000,3,1.2,1,0,199,,
Melbourne,2/66 Coventry St,3006,12/1/2024,660000,2,1.2,1,1,0,77,2000
Melbourne,601/65 Coventry St,3006,12/1/2024,622500,2,1.2,2,1,2955,67,2013
Melbourne,3303/9 Power St,3006,11/1/2024,800000,2,1.2,2,2,0,73,2014
Melbourne,73/1 Riverside Qy,3006,12/1/2024,540000,2,1.2,2,1,0,93,1994
Melbourne,75/285 City Rd,3006,,370000,1,1.2,1,1,546,51,2000
Melbourne,61/88 Wells St,3006,12/1/2024,720000,3,1.2,2,1,0,112,
Hobsons Bay,10 Raleigh St,3015,11/1/2024,855000,3,7.7,1,1,326,112,1991
Hobsons Bay,6 McNeilage St,3015,11/1/2024,832500,2,7.7,1,2,562,116,1950
Hobsons Bay,18 Vernier St,3015,10/1/2024,850000,2,7.7,1,2,502,104,1950
Hobsons Bay,47 Hudsons Rd,3015,11/1/2024,1080000,3,7.7,1,2,472,95,1950
Hobsons Bay,24 Forrest St,3015,,927000,3,7.7,1,0,274,131,
Hobsons Bay,59 Hope St,3015,10/1/2024,,4,7.7,2,0,389,158,1990
Hobsons Bay,13 Robb St,3015,12/1/2024,831000,3,7.7,1,0,353,109,
Hobsons Bay,118 The Avenue,3015,11/1/2024,840000,4,7.7,3,2,278,277,2015
Hobsons Bay,154 Hudsons Rd,3015,10/1/2024,1315000,4,7.7,2,3,830,134,
Hobsons Bay,6 Abbott St,3015,10/1/2024,1161000,4,7.7,2,5,742,236,2000
Hobsons Bay,27 The Avenue,3015,12/1/2024,1016000,3,7.7,1,1,320,134,
Hobsons Bay,4 Steel St,3015,11/1/2024,,3,7.7,1,2,532,518,1965
Hobsons Bay,66 The Avenue,3015,12/1/2024,1070000,3,7.7,1,2,526,127,1950
Hobsons Bay,59 Hope St,3015,11/1/2024,871500,4,7.7,2,0,389,158,1990
Port Phillip,31/12 Clyde St,3182,11/1/2024,380000,1,6.1,1,1,0,50,1960
Port Phillip,1/76 Carlisle St,3182,12/1/2024,430000,2,6.1,1,1,0,71,1970
Port Phillip,5/18 Marine Pde,3182,12/1/2024,602000,2,6.1,1,0,0,66,
Port Phillip,33/1 St Kilda Rd,3182,10/1/2024,575000,2,6.1,1,1,0,75,1970
Port Phillip,10/81 Alma Rd,3182,,495000,2,6.1,1,1,0,74,1970
Port Phillip,10/352 Canterbury Rd,3182,12/1/2024,500000,2,6.1,1,1,5530,70,2001
Port Phillip,59 Clyde St,3182,12/1/2024,1891000,3,6.1,2,3,384,123,
Port Phillip,48 Greeves St,3182,11/1/2024,2000000,4,6.1,2,3,420,160,
Port Phillip,3/33 Robe St,3182,10/1/2024,1500000,3,6.1,1,1,1669,176,
Port Phillip,7 Victoria St,3182,10/1/2024,2000000,3,6.1,2,2,176,192,
Port Phillip,1/62 Wellington St,3182,10/1/2024,500000,1,6.1,1,1,2335,58,2002
Port Phillip,10/69 Wellington St,3182,10/1/2024,685000,2,6.1,2,2,0,102,1999
Port Phillip,32/10 Acland St,3182,11/1/2024,,1,6.1,1,1,2879,49,1967
Port Phillip,2/63 Carlisle St,3182,12/1/2024,465000,2,6.1,1,1,0,,1960
Port Phillip,7/1 St Kilda Rd,3182,10/1/2024,616000,3,6.1,2,2,0,115,1995
Port Phillip,14/89 Fitzroy St,3182,11/1/2024,400000,1,6.1,1,1,0,53,1998
Port Phillip,4/285 Barkly St,3182,11/1/2024,,1,6.1,1,1,0,41,2009
Port Phillip,2/19 Eildon Rd,3182,,1400000,3,6.1,2,2,128,183,2002
Port Phillip,26/69 Wellington St,3182,12/1/2024,459000,1,6.1,1,1,0,59,1995
Port Phillip,3/19 Herbert St,3182,12/1/2024,520000,2,6.1,1,1,1034,55,1950
Port Phillip,5/240 Barkly St,3182,10/1/2024,370500,1,6.1,1,1,0,46,1960
Port Phillip,18 Crimea St,3182,,5046000,5,6.1,3,3,1294,378,
Port Phillip,26/12 Fitzroy St,3182,,,1,6.1,1,1,0,53,2005
Port Phillip,77 Spenser St,3182,11/1/2024,1900000,3,6.1,2,2,289,122,1979
Port Phillip,12/352 Canterbury Rd,3182,11/1/2024,390000,2,6.1,1,1,0,73,2000
Port Phillip,11/10 Carlisle St,3182,10/1/2024,,1,6.1,1,1,0,57,2001
Port Phillip,5/171 Fitzroy St,3182,11/1/2024,690000,2,6.1,1,0,0,100,
Port Phillip,201/63 Acland St,3182,11/1/2024,430000,1,6.1,1,1,1409,63,2000
Port Phillip,3/11 Burnett St,3182,12/1/2024,420000,1,6.1,1,0,954,,
Port Phillip,25/52 Fitzroy St,3182,10/1/2024,392000,1,6.1,1,1,0,43,2002
Port Phillip,12 Gurner St,3182,10/1/2024,1900000,4,6.1,2,2,507,202,
Port Phillip,301/8 Blanche St,3182,11/1/2024,540000,2,6.1,1,1,0,70,2003
Port Phillip,14/31 Burnett St,3182,12/1/2024,475000,2,6.1,1,1,0,83,1970
Port Phillip,20/220 Barkly St,3182,11/1/2024,570000,2,6.1,2,1,0,70,2000
Port Phillip,4/25 Jackson St,3182,,400000,2,6.1,1,1,0,65,1970
Port Phillip,52 Blanche St,3182,12/1/2024,920000,3,6.1,2,2,124,134,2000
Port Phillip,3/38 Barkly St,3182,10/1/2024,503500,2,6.1,1,1,683,72,
Port Phillip,4/58 Grey St,3182,12/1/2024,580000,2,6.1,1,0,0,95,
Port Phillip,52/167 Fitzroy St,3182,10/1/2024,1295000,3,6.1,2,2,0,200,2000
Port Phillip,2/6 Redan St,3182,10/1/2024,481000,2,6.1,1,1,0,61,1966
Port Phillip,8/98 Barkly St,3182,12/1/2024,1120000,3,6.1,2,2,1039,133,2006
Port Phillip,203/43 Duke St,3182,,400000,1,6.1,1,1,0,52,2012
Port Phillip,7/17 Herbert St,3182,12/1/2024,1210000,1,6.1,1,1,0,49,1970
Port Phillip,7/104 Barkly St,3182,10/1/2024,785000,2,6.1,2,2,0,98,2006
Port Phillip,6/285 Barkly St,3182,,450000,1,6.1,1,1,0,61,2009
Port Phillip,27 Bath St,3182,11/1/2024,875000,2,6.1,1,1,123,68,
Port Phillip,2/16 Charnwood Rd,3182,11/1/2024,650000,2,6.1,1,0,822,70,
Port Phillip,5/46 Greeves St,3182,,431000,2,6.1,1,1,0,71,
Port Phillip,4/27 Robe St,3182,11/1/2024,385000,2,6.1,1,1,0,46,1970
Port Phillip,104/13 Wellington St,3182,10/1/2024,,2,6.1,2,1,0,78,2013
Port Phillip,5/47 Acland St,3182,11/1/2024,757500,2,6.1,1,1,0,,
Port Phillip,10 Charlotte Pl,3182,10/1/2024,4400000,5,6.1,4,4,657,312,
Port Phillip,5/42 Grey St,3182,10/1/2024,535000,2,6.1,1,1,0,70,
Port Phillip,64 Havelock St,3182,11/1/2024,1200500,2,6.1,1,0,201,83,
Port Phillip,602/13 Wellington St,3182,,565000,2,6.1,2,1,0,76,2013
Port Phillip,21/7 Alfred Sq,3182,10/1/2024,520000,2,6.1,1,1,1235,63,1980
Port Phillip,1/160 Carlisle St,3182,11/1/2024,902000,2,6.1,1,0,0,108,
Port Phillip,51/167 Fitzroy St,3182,12/1/2024,1600000,3,6.1,2,2,0,3,
Port Phillip,301/182 Barkly St,3182,11/1/2024,750000,2,6.1,2,1,0,105,2009
Port Phillip,66 Clyde St,3182,11/1/2024,1365000,2,6.1,1,1,361,123,
Port Phillip,30 Odessa St,3182,10/1/2024,1950000,4,6.1,2,2,436,211,
Port Phillip,35 Pakington St,3182,,1678000,3,6.1,2,2,361,171,2016
Port Phillip,1/45 Robe St,3182,12/1/2024,,2,6.1,1,1,797,67,1970
Port Phillip,21/352 Canterbury Rd,3182,12/1/2024,500000,2,6.1,2,2,0,104,2000
Port Phillip,4/51 Spenser St,3182,11/1/2024,760000,2,6.1,1,0,0,95,
Port Phillip,5/69 Wellington St,3182,12/1/2024,580000,2,6.1,1,1,1155,102,1995
Port Phillip,48/352 Canterbury Rd,3182,11/1/2024,430000,2,6.1,1,1,0,63,2008
Port Phillip,1/5 Marine Pde,3182,12/1/2024,1100000,2,6.1,1,2,1458,141,
Port Phillip,10/1 St Kilda Rd,3182,12/1/2024,435000,1,6.1,1,1,0,69,1995
Port Phillip,26/11 Marine Pde,3182,12/1/2024,354000,1,6.1,1,1,1659,46,1960
Moonee Valley,43 Woolart St,3041,11/1/2024,1015000,4,9.7,2,1,794,,1970
Moonee Valley,56 Hillsyde Pde,3041,11/1/2024,1025000,3,9.7,2,1,654,180,1950
Moonee Valley,8 Upland Rd,3041,12/1/2024,1430000,3,9.7,1,1,694,158,1950
Moonee Valley,27 Henshall Rd,3041,10/1/2024,1330000,3,9.7,2,1,606,159,1950
Moonee Valley,69 Lloyd St,3041,12/1/2024,1635000,4,9.7,2,3,0,297,1995
Moonee Valley,34 Woodland St,3041,12/1/2024,,3,9.7,1,2,650,143,
Moonee Valley,25 Hayes Rd,3041,10/1/2024,1440000,5,9.7,3,2,617,347,1990
Moonee Valley,355 Napier St,3041,11/1/2024,1300000,4,9.7,3,2,0,160,1970
Moonee Valley,196a Mascoma St,3041,10/1/2024,850000,3,9.7,3,3,250,207,2016
Moonee Valley,61 Mascoma St,3041,12/1/2024,1150000,3,9.7,2,3,696,164,1950
Moonee Valley,13 Woolart St,3041,12/1/2024,910000,3,9.7,1,2,692,117,1960
Moonee Valley,43 Henshall Rd,3041,,1430000,4,9.7,2,1,607,224,1990
Moonee Valley,2/13 Fenacre St,3041,10/1/2024,622500,3,9.7,2,2,254,127,2004
Moonee Valley,124 Woodland St,3041,12/1/2024,1500000,3,9.7,2,4,722,196,1950
Moonee Valley,45 Loeman St,3041,11/1/2024,1280000,4,9.7,2,2,689,25,1977
Moonee Valley,44 Lind St,3041,,1485000,5,9.7,2,4,502,365,2012
Moonee Valley,9 Marks St,3041,11/1/2024,1080000,3,9.7,2,2,211,46,1980
Moonee Valley,6 Prefect St,3041,10/1/2024,1715000,4,9.7,3,2,650,348,2001
Moonee Valley,222 Woodland St,3041,11/1/2024,2650000,5,9.7,3,2,755,365,2009
Moonee Valley,138a Lebanon St,3041,12/1/2024,630000,2,9.7,2,1,378,106,2000
Moonee Valley,59 Glenview Rd,3041,10/1/2024,1205000,3,9.7,1,2,650,,
Moonee Valley,34 Glenview Rd,3041,,1370000,4,9.7,2,2,908,208,1960
Brimbank,142 Cornwall Rd,3020,10/1/2024,800000,3,12.6,2,1,655,165,
Brimbank,32 Matthews St,3020,12/1/2024,950000,3,12.6,1,1,700,145,1960
Brimbank,160 Cornwall Rd,3020,11/1/2024,1001000,3,12.6,1,5,879,,
Brimbank,7 High St,3020,11/1/2024,780000,3,12.6,1,0,486,115,
Brimbank,24 Martin St,3020,10/1/2024,1350500,4,12.6,1,0,726,181,
Brimbank,15 Mellor St,3020,11/1/2024,745000,3,12.6,1,2,518,122,1960
Brimbank,17 Snowden St,3020,,657500,3,12.6,1,1,513,116,1955
Brimbank,1 Walter St,3020,12/1/2024,1030000,4,12.6,2,2,803,309,2002
Brimbank,3/17 Anderson Rd,3020,11/1/2024,460000,3,12.6,2,1,119,110,2009
Brimbank,27 Parsons St,3020,11/1/2024,910000,3,12.6,1,1,725,,
Brimbank,1/164 Cornwall Rd,3020,10/1/2024,490000,3,12.6,1,1,301,115,1950
Brimbank,34 Ernest St,3020,12/1/2024,,4,12.6,1,2,668,127,
Brimbank,4/162 Cornwall Rd,3020,10/1/2024,,2,12.6,1,1,225,80,2000
Brimbank,3 Lynch St,3020,,715000,3,12.6,1,2,558,104,
Brimbank,3 Donald St,3020,10/1/2024,816000,3,12.6,1,1,511,113,1958
Brimbank,59 Hertford Rd,3020,11/1/2024,825000,2,12.6,1,3,580,,
Brimbank,1/10 Norma St,3020,10/1/2024,425500,2,12.6,1,0,153,72,1970
Brimbank,14 Thomson St,3020,11/1/2024,595000,3,12.6,1,1,36,,
Brimbank,1 Boreham St,3020,10/1/2024,610000,3,12.6,1,0,705,118,1965
Brimbank,14 Staughton St,3020,12/1/2024,600000,3,12.6,1,1,0,126,1950
Brimbank,72 Anderson Rd,3020,12/1/2024,595999,3,12.6,1,1,750,,
Brimbank,15 Hampshire Rd,3020,,701000,3,12.6,1,1,550,,
Brimbank,82 Hertford Rd,3020,10/1/2024,688000,2,12.6,1,1,611,,
Brimbank,29 Benjamin St,3020,12/1/2024,611000,2,12.6,1,2,204,77,
Brimbank,94 Couch St,3020,10/1/2024,670000,4,12.6,1,1,603,106,1950
Brimbank,13 Cannon St,3020,10/1/2024,605000,3,12.6,1,1,462,104,1956
Brimbank,16 Couch St,3020,12/1/2024,,4,12.6,2,2,504,174,2005
Brimbank,8 Station Pl,3020,12/1/2024,880000,3,12.6,1,3,463,107,
Brimbank,104 Wright St,3020,10/1/2024,570000,3,12.6,1,2,535,105,1970
Brimbank,18 Barnett St,3020,,700000,3,12.6,1,4,505,75,1960
Brimbank,5 Lorenz St,3020,11/1/2024,625000,3,12.6,1,1,459,120,1955
Brimbank,9 Una St,3020,12/1/2024,695000,3,12.6,1,1,616,117,
Brimbank,30 Chapman St,3020,11/1/2024,890000,3,12.6,1,1,668,,
Brimbank,132 Cornwall Rd,3020,11/1/2024,,3,12.6,2,2,653,650,1992
Brimbank,107 Wright St,3020,11/1/2024,607000,3,12.6,1,2,563,122,1965
Brimbank,11 Brislington St,3020,,679500,3,12.6,1,1,351,125,2002
Brimbank,3/2 Cooper St,3020,11/1/2024,500000,3,12.6,1,2,224,159,1985
Brimbank,68 Chapman St,3020,12/1/2024,895000,4,12.6,2,3,430,144,
Brimbank,2/7 Mayo St,3020,10/1/2024,410000,2,12.6,2,2,204,85,2008
Brimbank,6 Taunton St,3020,10/1/2024,635000,3,12.6,1,1,631,107,1960
Brimbank,2/6 Farnsworth St,3020,11/1/2024,435000,2,12.6,1,1,155,,
Brimbank,5 Jessie St,3020,12/1/2024,1001000,4,12.6,2,2,581,97,
Brimbank,13 Wiltshire St,3020,11/1/2024,620500,3,13.3,1,1,609,,
Brimbank,13 Surman Ct,3020,11/1/2024,480000,3,13.3,1,2,546,99,1978
Brimbank,38 Warwick Rd,3020,12/1/2024,435000,2,13.3,1,4,343,81,1960
Brimbank,119 Warwick Rd,3020,,560000,2,13.3,1,1,615,106,1970
Brimbank,25 Lodden St,3020,,626800,4,13.3,1,2,581,130,1950
Brimbank,61 Meadowbank Dr,3020,12/1/2024,571500,3,13.3,2,2,528,137,1990
Brimbank,22 Lincoln St,3020,12/1/2024,690000,3,13.3,1,3,629,,
Brimbank,49 Metherall St,3020,12/1/2024,605000,5,13.3,2,2,661,133,1960
Brimbank,43 Cary St,3020,12/1/2024,600000,3,13.3,1,2,751,112,1960
Brimbank,8 Hassett St,3020,12/1/2024,650000,3,13.3,1,0,598,112,1950
Brimbank,6 Prince St,3020,11/1/2024,640000,4,13.3,1,1,609,,
Brimbank,18 Simpson St,3020,10/1/2024,736000,4,13.3,1,2,615,133,1955
Brimbank,6 Gresford St,3020,10/1/2024,735000,4,13.3,2,5,635,201,1975
Brimbank,86 Northumberland Rd,3020,10/1/2024,680000,3,13.3,1,2,553,105,
Brimbank,5 Braim St,3020,10/1/2024,700000,3,13.3,1,2,538,111,1975
Brimbank,88 Westmoreland Rd,3020,10/1/2024,,2,13.3,1,6,968,141,1950
Brimbank,35 Furlong Rd,3020,12/1/2024,591000,3,13.3,1,2,673,673,1970
Brimbank,6 Rosewall St,3020,,665000,3,13.3,1,2,707,101,
Brimbank,4a Downing St,3020,10/1/2024,620000,3,13.3,3,2,221,155,2011
Brimbank,114 Warwick Rd,3020,,503000,3,13.3,1,1,251,90,
Brimbank,17 Taniyha Pl,3020,11/1/2024,1000000,5,13.3,2,1,786,295,1999
Brimbank,147 Hilma St,3020,11/1/2024,,3,13.5,1,3,582,115,1970
Brimbank,66 Nicholson Pde,3020,11/1/2024,615000,3,13.5,2,6,667,152,1975
Brimbank,87 Nicholson Pde,3020,11/1/2024,450000,3,13.5,3,1,344,178,2004
Brimbank,11 Links St,3020,,680000,3,13.5,1,2,726,144,1966
Brimbank,30 Hall St,3020,11/1/2024,,3,13.5,1,4,699,125,1960
Brimbank,2/10 Carter St,3020,,545000,3,13.5,2,1,240,131,2011
Brimbank,4 Clematis Pl,3020,12/1/2024,621000,5,13.5,2,2,596,176,1997
Brimbank,5 Kenney St,3020,11/1/2024,515000,3,13.5,1,1,620,106,
Brimbank,27 Davey St,3020,11/1/2024,687000,3,13.5,1,1,695,102,1950
Brimbank,14 Myers St,3020,11/1/2024,485000,3,13.5,4,2,482,166,1955
Brimbank,64 Links St,3020,10/1/2024,510000,4,13.5,1,1,672,151,1970
Brimbank,16 Mapledene Ct,3020,12/1/2024,500000,3,13.5,1,1,541,133,1970
Brimbank,17 Fern St,3020,12/1/2024,480000,3,13.5,1,2,696,148,1960
Brimbank,18 Raymond St,3020,11/1/2024,621000,4,13.5,1,1,700,130,1950
Brimbank,50 Killara St,3020,11/1/2024,690000,3,13.5,1,0,540,121,1967
Brimbank,23 Glengala Rd,3020,10/1/2024,547500,3,13.5,1,2,603,131,1950
Brimbank,109A David Dr,3020,11/1/2024,280000,1,13.5,1,2,0,45,2009
Brimbank,1 Emslie St,3020,,555000,3,13.5,1,1,836,106,1975
Brimbank,7 Salvatore Ct,3020,12/1/2024,600000,3,13.5,2,2,579,156,1999
Brimbank,8a Glengala Rd,3020,12/1/2024,,3,13.5,1,1,534,131,1970
Brimbank,3/14 Smart St,3020,,350000,2,13.5,1,1,235,80,1990
Brimbank,4 Apollo Pl,3020,12/1/2024,657000,4,13.5,2,4,651,178,1975
Brimbank,34 Joan St,3020,,682000,3,13.5,1,1,694,155,1960
Brimbank,4 Day St,3020,12/1/2024,520000,3,13.5,1,2,691,170,1960
Brimbank,14 Killeen St,3020,11/1/2024,470000,3,13.5,1,1,591,103,1971
Brimbank,18 Norton St,3020,,586000,3,13.5,1,1,701,120,1960
Brimbank,1/40 Warmington Rd,3020,11/1/2024,305000,3,13.5,1,2,367,114,1970
Brimbank,22 Bambara Ct,3020,11/1/2024,,4,13.5,2,4,759,198,1975
Brimbank,111 Hall St,3020,12/1/2024,645000,4,13.5,2,3,616,215,1970
Brimbank,57 Warmington Rd,3020,,500000,3,13.5,1,2,627,109,1970
Brimbank,2/42 Bardsley St,3020,11/1/2024,510000,3,13.5,2,1,333,141,2012
Brimbank,25 The Avenue,3020,12/1/2024,750500,3,13.5,2,6,805,181,1995
Brimbank,49 Warmington Rd,3020,10/1/2024,451000,3,13.5,1,6,655,146,1978
Boroondara,36 Banool Rd,3127,10/1/2024,2440000,4,11.2,3,2,596,264,
Whitehorse,2/33 Chestnut St,3127,10/1/2024,1110000,3,11.2,2,2,401,129,1970
Boroondara,112 Croydon Rd,3127,10/1/2024,2128000,4,11.2,3,2,771,312,2000
Boroondara,226 Union Rd,3127,10/1/2024,2200000,5,11.2,3,2,735,235,
Whitehorse,6/38 Boisdale St,3127,12/1/2024,640000,2,11.2,1,1,0,76,1970
Boroondara,480 Whitehorse Rd,3127,10/1/2024,1700000,3,11.2,1,1,763,180,
Boroondara,18 Benson St,3127,11/1/2024,,4,11.2,2,2,783,256,
Whitehorse,16 Park Rd,3127,10/1/2024,1018000,2,11.2,1,2,391,15,
Boroondara,22b Essex Rd,3127,10/1/2024,2200000,4,11.2,2,2,734,272,
Boroondara,4 Norris St,3127,10/1/2024,2860000,4,11.2,2,2,779,264,2014
Whitehorse,9 Elm St,3127,12/1/2024,1930000,4,11.2,2,2,867,218,1950
Whitehorse,63 Shepherd St,3127,,1812500,4,11.2,2,2,715,230,
Boroondara,1/21 Wharton St,3127,,,2,11.2,1,1,681,80,1968
Whitehorse,255 Elgar Rd,3127,11/1/2024,1300000,4,11.2,2,2,809,198,1950
Boroondara,16 Banool Rd,3127,10/1/2024,,3,11.2,2,2,585,173,
Whitehorse,20 Everton Gr,3127,10/1/2024,2630000,5,11.2,3,2,777,362,
Whitehorse,15/20 Florence Rd,3127,12/1/2024,880000,3,11.2,1,2,217,110,1970
Whitehorse,39 Bentley St,3127,10/1/2024,1755000,3,11.2,2,2,808,159,1970
Boroondara,95 Guildford Rd,3127,12/1/2024,1700000,4,11.2,1,1,579,143,
Whitehorse,5 Glendale St,3127,,1975000,5,11.2,2,2,641,286,2001
Whitehorse,2/23 Broughton Rd,3127,,610000,2,11.2,1,1,102,78,1970
Whitehorse,3 Olyve Ct,3127,12/1/2024,,4,11.2,2,2,612,292,1970
Boroondara,212 Union Rd,3127,10/1/2024,2050000,4,11.2,2,2,949,293,
Whitehorse,7 Newton St,3127,12/1/2024,2100000,5,11.2,2,2,1025,277,
Whitehorse,6 Alandale St,3127,12/1/2024,1150000,3,11.2,2,1,247,145,2005
Boroondara,61 Durham Rd,3127,10/1/2024,2100000,5,11.2,4,3,827,,
Boroondara,2/215 Mont Albert Rd,3127,11/1/2024,770500,2,11.2,2,1,88,92,1997
Boroondara,7/92 Union Rd,3127,12/1/2024,600000,2,11.2,1,1,101,105,1975
Whitehorse,26 Newton St,3127,11/1/2024,2060000,4,11.2,2,2,745,,
Boroondara,1 Marne St,3127,10/1/2024,2125000,4,11.2,2,2,702,239,
Boroondara,4/5 Middlesex Rd,3127,11/1/2024,,2,11.2,1,1,951,76,1970
Whitehorse,29 Boisdale St,3127,10/1/2024,1518000,5,11.2,2,1,632,231,1950
Boroondara,14 Scheele St,3127,12/1/2024,1560000,3,11.2,2,1,335,209,2013
Whitehorse,3/5 Florence Rd,3127,10/1/2024,865000,3,11.2,1,1,217,101,1970
Whitehorse,20 Scottsdale St,3127,10/1/2024,2160000,4,11.2,3,4,1064,236,1969
Boroondara,17 Weybridge St,3127,11/1/2024,2300000,3,11.2,2,1,735,219,
Boroondara,2/23 Clyde St,3127,11/1/2024,600000,2,11.2,1,2,124,80,1985
Boroondara,17 Empress Rd,3127,,2180000,3,11.2,1,2,441,128,
Boroondara,20 Anderson St,3127,11/1/2024,1251000,3,11.2,2,1,536,211,
Whitehorse,5 Boronia St,3127,12/1/2024,1650000,6,11.2,3,2,713,295,
Boroondara,5/35 Durham Rd,3127,12/1/2024,600000,2,11.2,1,1,163,,
Boroondara,33 Ross St,3127,11/1/2024,1835000,4,11.2,2,2,619,185,
Boroondara,3/4 Wells St,3127,11/1/2024,778500,2,11.2,1,1,170,78,1960
Manningham,3 Waratah Dr,3107,11/1/2024,1201000,4,13.8,2,2,657,221,1978
Manningham,41 Dellfield Dr,3107,12/1/2024,,4,13.8,2,4,673,170,1972
Manningham,166 MacEdon Rd,3107,12/1/2024,,3,13.8,2,1,649,167,
Manningham,120 Templestowe Rd,3107,11/1/2024,742500,3,13.8,1,2,313,128,1980
Manningham,65 Glenair St,3107,11/1/2024,1101000,3,13.8,2,2,643,135,1965
Manningham,8 Corroboree Pl,3107,12/1/2024,1200000,3,13.8,1,2,730,155,1960
Manningham,157 Swanston St,3107,12/1/2024,990000,4,13.8,2,2,652,189,1973
Manningham,271 High St,3107,,1500000,4,13.8,2,2,420,255,2013
Manningham,315 Thompsons Rd,3107,10/1/2024,1290000,3,13.8,1,2,900,125,1960
Manningham,360 Thompsons Rd,3107,10/1/2024,790000,4,13.8,2,5,671,180,1970
Manningham,40 Dellfield Dr,3107,10/1/2024,950000,5,13.8,3,2,700,220,1973
Manningham,65 Fyfe Dr,3107,12/1/2024,1421000,4,13.8,2,2,650,260,1980
Manningham,4 Finn Ct,3107,10/1/2024,1051000,3,13.8,2,1,962,142,1970
Manningham,45 Lynnwood Pde,3107,12/1/2024,1710000,5,13.8,2,2,666,355,1980
Manningham,16 Clauscen St,3107,12/1/2024,1280000,4,13.8,2,2,681,158,1970
Manningham,39 Hazel Dr,3107,,750000,5,13.8,3,4,800,335,2006
Manningham,253 Thompsons Rd,3107,10/1/2024,1000000,4,13.8,3,2,728,164,1970
Manningham,2/47 Parker St,3107,10/1/2024,678000,2,13.8,1,1,340,90,1980
Manningham,13 Tasker St,3107,10/1/2024,1010000,3,13.8,2,2,751,175,1968
Manningham,34 Parker St,3107,10/1/2024,1210000,3,13.8,1,1,794,134,1960
Manningham,133 MacEdon Rd,3107,,945000,4,13.8,2,2,675,181,1985
Manningham,2/27 Ruffey St,3107,11/1/2024,725000,3,13.8,1,1,465,105,1975
Manningham,3 Buller Tce,3107,11/1/2024,1211000,3,13.8,2,2,875,123,1970
Manningham,135 MacEdon Rd,3107,12/1/2024,1100000,4,13.8,2,4,654,199,1970
Manningham,15 Killarney Rd,3107,11/1/2024,1002000,3,13.8,1,2,799,174,1960
Manningham,20 Astley St,3107,10/1/2024,1209000,4,13.8,2,2,770,160,1965
Manningham,62 Hodgson St,3107,12/1/2024,2080000,5,13.8,4,2,646,360,2016
Manningham,5 MacRobertson St,3107,10/1/2024,1118000,4,13.8,2,2,705,195,1970
Manningham,208 Templestowe Rd,3107,11/1/2024,903000,4,13.8,1,2,618,22,1960
Manningham,4 Caroline Dr,3107,10/1/2024,1220000,3,13.8,1,2,720,133,1960
Manningham,6 Exeter Cl,3107,10/1/2024,1222000,4,13.8,2,4,732,,
Manningham,26 Horsfall St,3107,,1650000,4,13.8,2,2,673,280,2005
Manningham,78 Olympus Dr,3107,11/1/2024,1182500,4,13.8,2,2,650,150,1975
Manningham,132 Templestowe Rd,3107,10/1/2024,1020000,4,13.8,2,2,652,145,1965
Manningham,22 Hazel Dr,3107,,838000,3,13.8,2,1,467,180,
Manningham,23 Hotham St,3107,12/1/2024,650000,3,13.8,1,2,327,120,1975
Manningham,16 Rosa St,3107,,1509000,3,13.8,2,2,812,158,1960
Darebin,2/6 Kemp St,3071,,,1,6.5,1,0,0,53,
Darebin,40/337 Station St,3071,10/1/2024,370000,1,6.5,1,1,0,62,1999
Darebin,3/125 Fyffe St,3071,11/1/2024,805000,2,6.5,1,2,164,95,2009
Darebin,184 Raleigh St,3071,10/1/2024,1428888,4,6.5,2,1,470,153,
Darebin,40 Wales St,3071,10/1/2024,940000,2,6.5,1,1,372,110,1950
Darebin,6/89 Ballantyne St,3071,10/1/2024,,1,6.5,1,1,0,33,1970
Darebin,72 Gooch St,3071,11/1/2024,865000,3,6.5,2,2,158,,
Darebin,2/54 Pender St,3071,12/1/2024,365000,1,6.5,1,1,0,40,1970
Darebin,178 Clarendon St,3071,11/1/2024,1430000,3,6.5,1,3,705,,
Darebin,1/13 Mansfield St,3071,11/1/2024,525500,2,6.5,1,1,724,72,1975
Darebin,4 Kelvin Gr,3071,10/1/2024,944000,2,6.5,1,1,185,78,
Darebin,92 Speight St,3071,12/1/2024,970000,2,6.5,1,3,491,,
Darebin,51 Alston St,3071,12/1/2024,,3,6.5,2,2,540,129,
Darebin,220a Mansfield St,3071,11/1/2024,701000,3,6.5,3,2,273,71,1958
Darebin,46 Harold St,3071,11/1/2024,1110000,2,6.5,1,0,288,105,
Darebin,1/219 Raleigh St,3071,,332000,1,6.5,1,1,612,48,1975
Darebin,126 Keon St,3071,12/1/2024,1265000,3,6.5,2,2,397,97,
Darebin,111 Smith St,3071,10/1/2024,1085000,2,6.5,1,2,303,102,
Darebin,10 Ethel St,3071,12/1/2024,898000,3,6.5,2,2,210,108,2010
Darebin,22 Gooch St,3071,12/1/2024,1235000,3,6.5,3,1,288,133,
Darebin,52a Leinster Gr,3071,10/1/2024,910500,3,6.5,2,2,157,144,2010
Darebin,37 Lewis St,3071,11/1/2024,995000,3,6.5,1,1,327,96,
Darebin,84 Raleigh St,3071,11/1/2024,760000,2,6.5,1,0,0,75,
Darebin,4/305 Rossmoyne St,3071,10/1/2024,505000,2,6.5,1,0,0,80,1980
Darebin,11 Clarendon St,3071,10/1/2024,1400000,3,6.5,2,1,417,159,
Darebin,50 Leinster Gr,3071,12/1/2024,1110000,3,6.5,1,1,562,156,1950
Darebin,146 Rossmoyne St,3071,12/1/2024,1200000,3,6.5,2,1,345,345,
Darebin,2/2 Dundas St,3071,10/1/2024,450000,2,6.5,1,1,0,52,1970
Darebin,314A Gillies St,3071,11/1/2024,874000,2,6.5,1,2,333,2,1985
Darebin,152 Gooch St,3071,12/1/2024,1427000,3,6.5,1,1,275,127,
Darebin,3/57 Pender St,3071,11/1/2024,383000,1,6.5,1,1,0,44,1965
Darebin,144 Clarendon St,3071,10/1/2024,1290000,3,6.5,1,2,435,138,
Darebin,2/121 Darebin Rd,3071,11/1/2024,605000,2,6.5,1,1,133,83,
Darebin,2/104 Keon St,3071,10/1/2024,450000,2,6.5,1,1,335,59,1960
Darebin,7/67 Pender St,3071,12/1/2024,,2,6.5,1,1,0,66,1970
Darebin,43 Ballantyne St,3071,,925000,2,6.5,1,1,258,157,
Darebin,50b Clyde St,3071,12/1/2024,1250000,3,6.5,2,3,297,234,2013
Darebin,56a Leinster Gr,3071,11/1/2024,1070000,3,6.5,2,2,158,140,2007
Darebin,109 Rossmoyne St,3071,10/1/2024,1570000,3,6.5,2,1,377,377,
Darebin,4/85 St David St,3071,11/1/2024,486000,2,6.5,1,1,0,66,1960
Darebin,29 Collins St,3071,12/1/2024,1211000,2,6.5,1,0,302,97,
Darebin,45A Harold St,3071,11/1/2024,1280000,3,6.5,1,1,253,130,
Darebin,42 Mansfield St,3071,,1478000,4,6.5,2,0,387,152,
Darebin,39 Smith St,3071,12/1/2024,1913000,3,6.5,2,2,611,212,
Darebin,6 Martin St,3071,,972000,2,6.5,1,0,229,,
Darebin,337 Rossmoyne St,3071,11/1/2024,,4,6.5,2,2,538,150,1960
Darebin,5/82 Gooch St,3071,10/1/2024,432500,2,6.5,1,1,748,56,1965
Darebin,2/54 Pender St,3071,11/1/2024,330000,1,6.5,1,1,0,40,1970
Darebin,129 Clarendon St,3071,10/1/2024,1370000,3,6.5,2,3,417,153,
Darebin,8/77 Pender St,3071,11/1/2024,303500,1,6.5,1,1,0,41,1970
Darebin,386 Station St,3071,10/1/2024,1160000,3,6.5,2,2,644,149,2001
Darebin,126 Smith St,3071,,1380000,3,6.5,2,1,359,128,
Stonnington,1/3 Glover Ct,3142,10/1/2024,1435000,3,4.6,1,0,889,135,
Stonnington,10 Myoora Rd,3142,10/1/2024,5500000,4,4.6,3,2,691,374,2000
Stonnington,232 Williams Rd,3142,12/1/2024,1635000,3,4.6,1,2,386,,
Stonnington,684 Orrong Rd,3142,11/1/2024,5500000,4,4.6,4,5,877,332,
Stonnington,16 Tashinny Rd,3142,10/1/2024,1689000,3,4.6,1,0,222,118,
Stonnington,4/568 Toorak Rd,3142,12/1/2024,1100000,3,4.6,2,1,0,126,
Stonnington,4/8 Bruce St,3142,,925000,2,4.6,2,2,0,109,1970
Stonnington,10/1 Ruabon Rd,3142,12/1/2024,450000,2,4.6,1,1,0,62,1970
Stonnington,1/21 Bruce St,3142,11/1/2024,349000,1,4.6,1,1,0,38,1958
Stonnington,11/789 Malvern Rd,3142,10/1/2024,345000,1,4.6,1,1,0,,
Stonnington,7a Woorigoleen Rd,3142,10/1/2024,2650000,3,4.6,3,2,0,291,2000
Stonnington,4 Matthews Ct,3142,11/1/2024,2820000,3,4.6,2,2,600,205,1967
Stonnington,4/264 Williams Rd,3142,10/1/2024,810000,2,4.6,2,2,0,94,1980
Stonnington,296A Williams Rd,3142,11/1/2024,2840000,3,4.6,2,4,1317,228,2000
Stonnington,11 Church St,3142,12/1/2024,,3,4.6,2,2,294,220,2010
Stonnington,1 Ross St,3142,12/1/2024,4000000,4,4.6,4,4,324,60,
Stonnington,17 Albany Rd,3142,11/1/2024,,3,4.6,3,2,564,342,2000
Stonnington,23 Canberra Rd,3142,12/1/2024,4500000,4,4.6,3,2,732,367,1980
Stonnington,7/36 Grange Rd,3142,,541000,1,4.6,1,1,0,57,1970
Stonnington,4/83 Grange Rd,3142,11/1/2024,1550000,3,4.6,2,2,117,214,2000
Stonnington,3/1085 Malvern Rd,3142,11/1/2024,2205000,3,4.6,2,2,0,185,2014
Stonnington,5 Kyeamba Gr,3142,12/1/2024,2050000,3,4.6,2,2,339,,
Stonnington,11/38 Grange Rd,3142,12/1/2024,950000,3,4.6,1,1,57,107,1960
Stonnington,17/34 Mathoura Rd,3142,11/1/2024,366000,1,4.6,1,1,0,35,1967
Stonnington,28 Warra St,3142,10/1/2024,2620000,4,4.6,2,2,516,286,
Stonnington,13 Bruce St,3142,12/1/2024,,3,4.6,2,1,268,139,
Stonnington,2/19 Bruce St,3142,10/1/2024,1210000,2,4.6,2,2,101,,
Stonnington,4 Nola Ct,3142,12/1/2024,4000000,4,4.6,2,2,684,331,1963
Stonnington,6 Leighton Ct,3142,,4200000,3,4.6,4,2,565,331,2005
Stonnington,12 Mell St,3142,,1900000,2,4.6,2,0,218,,
Stonnington,9/28 Power St,3142,11/1/2024,690000,2,4.6,1,1,0,83,1960
Stonnington,16/36 Grange Rd,3142,,460000,1,4.6,1,1,0,7,
Stonnington,23/530 Toorak Rd,3142,12/1/2024,511000,2,4.6,1,2,0,68,1970
Stonnington,1/558 Toorak Rd,3142,10/1/2024,645000,2,4.6,1,1,0,,
Stonnington,10/264 Williams Rd,3142,10/1/2024,910000,3,4.6,2,2,0,136,1980
Stonnington,28 Bruce St,3142,10/1/2024,2250000,3,4.6,3,2,575,205,
Stonnington,10/530 Toorak Rd,3142,10/1/2024,525000,2,4.6,1,1,0,82,1950
Stonnington,16 Cole Ct,3142,11/1/2024,3270000,3,4.6,2,1,363,215,
Stonnington,3/625 Toorak Rd,3142,10/1/2024,920000,2,4.6,1,1,0,,
Banyule,4 The Glade,3084,10/1/2024,960000,3,13.8,2,2,656,183,1990
Banyule,42 Graham Rd,3084,12/1/2024,1010000,4,13.8,3,2,669,163,1960
Banyule,81 Martins La,3084,11/1/2024,880000,3,13.8,2,4,704,167,1970
Banyule,37 Eamon Dr,3084,10/1/2024,770000,3,13.8,2,2,577,135,1970
Banyule,14 Rosemary Ct,3084,12/1/2024,730000,4,13.8,1,1,865,172,1960
Banyule,26 Lyon Rd,3084,10/1/2024,,4,13.8,2,1,659,189,
Banyule,20 Robern Pde,3084,10/1/2024,1005000,4,13.8,2,1,696,183,1950
Banyule,16/86 Graham Rd,3084,12/1/2024,555000,2,13.8,1,2,197,90,1980
Banyule,10/86 Graham Rd,3084,12/1/2024,546000,2,13.8,1,1,177,100,1975
Banyule,17 Lena St,3084,12/1/2024,765000,3,13.8,1,2,608,138,1975
Banyule,19 Lena St,3084,10/1/2024,920000,3,13.8,2,2,834,143,1975
Banyule,24 Northwood Dr,3084,,1025000,5,13.8,3,2,531,233,1978
Banyule,44 Martins La,3084,12/1/2024,,4,13.8,2,2,700,18,1980
Banyule,40 Castleton Rd,3084,10/1/2024,,3,13.8,2,2,628,177,1960
Banyule,159 Graham Rd,3084,11/1/2024,870000,3,13.8,1,2,698,137,1960
Banyule,3 The Nook,3084,10/1/2024,1050000,4,13.8,2,2,660,202,1977
Banyule,4 French Ct,3087,,660000,3,14.9,1,0,583,124,1970
Banyule,57 Frensham Rd,3087,12/1/2024,581000,3,14.9,2,2,567,100,1970
Banyule,9 Grace St,3087,12/1/2024,1000000,3,14.9,2,2,739,,
Banyule,5 Sarong St,3087,11/1/2024,600000,3,14.9,1,1,605,129,1970
Banyule,2/21 High St,3087,10/1/2024,690000,3,14.9,2,1,308,129,2015
Banyule,1/42 Wattle Dr,3087,12/1/2024,582000,3,14.9,1,0,302,90,1950
Banyule,7 French Ct,3087,12/1/2024,740000,3,14.9,1,1,591,104,1960
Banyule,56 Frensham Rd,3087,,671000,3,14.9,2,2,280,163,2002
Banyule,1 Meagher St,3087,,741000,3,14.9,1,1,671,103,1960
Banyule,45 Grace St,3087,10/1/2024,808000,3,14.9,2,2,265,260,
Banyule,1/18 Leafield St,3087,12/1/2024,537000,3,14.9,1,2,327,95,1960
Banyule,3 Tennyson St,3087,10/1/2024,1040000,3,14.9,2,1,903,131,1950
Banyule,11 Leafield St,3087,11/1/2024,1171000,4,14.9,3,2,670,325,2010
Banyule,1 Papua St,3087,11/1/2024,662000,2,14.9,1,2,605,114,1960
Banyule,16 Castlereagh Pl,3087,12/1/2024,800000,3,14.9,2,2,595,,2000
Banyule,18 Papua St,3087,12/1/2024,922000,3,14.9,1,2,798,153,1960
Banyule,295 Greenwood Dr,3087,10/1/2024,860500,3,14.9,2,0,767,147,1960
Banyule,4 Papua St,3087,12/1/2024,702000,3,14.9,1,1,604,97,1970
Banyule,49 Wattle Dr,3087,12/1/2024,627500,3,14.9,1,1,319,96,2000
Banyule,2/5 Marilyn Ct,3087,11/1/2024,,3,14.9,1,1,0,89,1980
Banyule,28 Papua St,3087,10/1/2024,701000,2,14.9,1,2,762,98,1970
Banyule,5 Princes St,3087,11/1/2024,645000,3,14.9,1,1,355,111,1966
Banyule,36 Powley Pde,3087,12/1/2024,838000,3,14.9,1,2,828,,
Melbourne,44 Anderson St,3003,12/1/2024,,3,1.9,3,2,0,132,
Melbourne,115 Abbotsford St,3003,11/1/2024,1260000,3,1.9,3,2,506,195,2000
Melbourne,10/18 Ireland St,3003,,460000,1,1.9,1,1,0,52,2000
Melbourne,96 Roden St,3003,10/1/2024,2370000,3,1.9,3,2,265,280,
Melbourne,8/115 Stanley St,3003,11/1/2024,800000,2,1.9,2,2,54,89,2006
Melbourne,9/24 Ireland St,3003,,550000,1,1.9,1,1,0,207,
Melbourne,108/33 Jeffcott St,3003,10/1/2024,660000,3,1.9,2,1,0,100,1998
Melbourne,2/212 Roden St,3003,12/1/2024,,2,1.9,1,1,0,154,2009
Melbourne,9/561 Spencer St,3003,11/1/2024,995000,3,1.9,1,1,0,153,
Melbourne,209/5 Stawell St,3003,,443000,1,1.9,1,1,547,58,
Melbourne,7/88 Ireland St,3003,12/1/2024,1120000,3,1.9,3,1,801,122,2008
Melbourne,11/24 Ireland St,3003,,482000,1,1.9,1,1,0,62,
Melbourne,5/467 King St,3003,10/1/2024,,2,1.9,1,1,0,83,2002
Melbourne,19/33 Jeffcott St,3003,11/1/2024,601000,3,1.9,1,1,0,81,1996
Hobsons Bay,46 Pasco St,3016,10/1/2024,1400000,4,8,2,1,320,160,1950
Hobsons Bay,54 Twyford St,3016,10/1/2024,1535000,3,8,1,1,507,186,
Hobsons Bay,2/20 Victoria St,3016,11/1/2024,890000,3,8,1,3,0,111,1980
Hobsons Bay,43B Cole St,3016,12/1/2024,1800000,3,8,2,2,332,252,2006
Hobsons Bay,8 Long St,3016,11/1/2024,1050000,2,8,1,4,445,148,
Hobsons Bay,19 Verdon St,3016,11/1/2024,2910000,4,8,3,0,338,196,
Hobsons Bay,56 Verdon St,3016,10/1/2024,2910000,3,8,3,2,515,286,1990
Hobsons Bay,110 Bayview St,3016,10/1/2024,,3,8,2,2,315,174,1990
Hobsons Bay,98 Osborne St,3016,11/1/2024,,3,8,1,2,373,107,1970
Hobsons Bay,8/99 Verdon St,3016,12/1/2024,310000,1,8,1,1,0,58,1968
Hobsons Bay,20 Bates Dr,3016,,,3,8,2,2,348,200,1997
Hobsons Bay,28 Council La,3016,12/1/2024,1560000,3,8,2,2,310,179,2005
Hobsons Bay,19 Perry St,3016,10/1/2024,1575000,3,8,2,3,430,215,1996
Hobsons Bay,13/8 The Strand,3016,10/1/2024,830000,2,8,1,1,84,110,1980
Hobsons Bay,73 Victoria St,3016,11/1/2024,1815000,4,8,3,2,321,287,
Hobsons Bay,17 Yarra St,3016,12/1/2024,1470000,3,8,2,1,364,93,1970
Hobsons Bay,33 Hannan St,3016,12/1/2024,2230000,4,8,2,2,782,212,
Hobsons Bay,22 Bayview St,3016,11/1/2024,1460000,3,8,2,2,506,180,2010
Hobsons Bay,164 Coogee La,3016,10/1/2024,,5,8,2,2,195,260,
Hobsons Bay,73 Victoria St,3016,12/1/2024,1900000,4,8,3,2,321,287,
Hobsons Bay,112 Crofton Dr,3016,11/1/2024,1330000,4,8,3,2,217,266,2003
Hobsons Bay,5 Railway Pl,3016,12/1/2024,,3,8,2,2,250,185,
Hobsons Bay,20 Proctor St,3016,11/1/2024,1010000,3,8,2,2,418,204,1995
Hobsons Bay,5/77 Dover Rd,3016,11/1/2024,513500,2,8,1,1,0,72,1980
Hobsons Bay,22 Burbidge Dr,3016,10/1/2024,906000,3,8,2,2,270,,
Hobsons Bay,71 Hannan St,3016,12/1/2024,1805000,4,8,2,2,466,160,
Hobsons Bay,16 Princes St,3016,11/1/2024,1126000,4,8,1,1,307,150,
Hobsons Bay,21a Station Rd,3016,12/1/2024,935000,3,8,2,1,233,194,2002
Hobsons Bay,4/54 Yarra St,3016,10/1/2024,375000,2,8,1,1,0,49,1970
Hobsons Bay,104 Hannan St,3016,,2050000,4,8,2,2,648,285,2011
Hobsons Bay,116a Hannan St,3016,10/1/2024,975000,3,8,2,2,289,158,
Hobsons Bay,33 Cecil St,3016,10/1/2024,1310000,3,8,2,1,185,139,
Hobsons Bay,6/13 Dover Rd,3016,,491500,2,8,1,1,0,61,1970
Hobsons Bay,2/4 Lyons St,3016,11/1/2024,547500,2,8,1,1,0,60,1980
Hobsons Bay,5 Ellery La,3016,11/1/2024,965000,3,8,2,1,151,148,
Hobsons Bay,26A Macquarie St,3016,,1262000,3,8,2,2,204,,
Hobsons Bay,77 Melbourne Rd,3016,,1210000,3,8,1,0,249,85,
Hobsons Bay,9/99 Melbourne Rd,3016,10/1/2024,412000,2,8,1,1,0,65,1980
Hobsons Bay,50 Thompson St,3016,10/1/2024,1630000,4,8,2,2,265,197,2010
Hobsons Bay,118 Hannan St,3016,10/1/2024,1482500,3,8,2,1,506,139,
Hobsons Bay,19 MacLean St,3016,,1300000,4,8,2,2,369,250,1980
Hobsons Bay,139 Cecil St,3016,10/1/2024,2255000,4,8,1,3,765,257,
Hobsons Bay,233 Nelson Pl,3016,12/1/2024,1860000,4,8,2,0,199,242,
Hobsons Bay,68 Osborne St,3016,10/1/2024,1710000,3,8,2,1,260,170,2016
Hobsons Bay,11 Sandpiper Pl,3016,11/1/2024,2440000,4,8,3,3,500,278,2005
Hobsons Bay,3 Myrtle St,3016,12/1/2024,881000,4,8.9,1,3,468,139,
Hobsons Bay,12/29 Champion Rd,3016,12/1/2024,380000,2,8.9,1,1,0,64,1960
Hobsons Bay,26 Walter St,3016,11/1/2024,1440000,4,8.9,3,4,672,297,
Hobsons Bay,13/68 Kororoit Creek Rd,3016,,367500,2,8.9,1,1,0,61,1970
Hobsons Bay,18 Inglis St,3016,12/1/2024,1225000,3,8.9,1,1,311,126,
Port Phillip,207/152 Peel St,3181,,580000,2,5.1,2,1,0,78,2012
Stonnington,344 High St,3181,,2302000,3,5.1,1,4,440,144,
Stonnington,1/60 McIlwrick St,3181,10/1/2024,611000,2,5.1,1,1,598,75,
Port Phillip,4/12 Ellesmere Rd,3181,10/1/2024,,2,5.1,1,1,0,92,
Port Phillip,17/25 Williams Rd,3181,11/1/2024,275000,1,5.1,1,1,0,44,1970
Stonnington,7b Nathan Pl,3181,10/1/2024,1540000,3,5.1,2,1,138,147,2000
Port Phillip,115 Albert St,3181,11/1/2024,1370000,3,5.1,1,2,317,112,
Stonnington,6/10 Wrexham Rd,3181,10/1/2024,452000,1,5.1,1,1,0,46,1974
Stonnington,4/11 Lewisham Rd,3181,10/1/2024,520000,2,5.1,1,1,0,,
Port Phillip,7/8 The Avenue,3181,11/1/2024,501000,1,5.1,1,1,0,51,2005
Port Phillip,1/43 Williams Rd,3181,,380000,2,5.1,1,1,0,71,1970
Stonnington,3/11 Lincoln Pl,3181,11/1/2024,1177000,2,5.1,2,2,521,122,2000
Port Phillip,10/27 Lewisham Rd,3181,,600000,2,5.1,1,1,0,83,1970
Stonnington,50 Andrew St,3181,11/1/2024,,2,5.1,1,2,0,96,
Stonnington,1/300 High St,3181,10/1/2024,830000,3,5.1,2,2,0,112,2000
Port Phillip,46/174 Peel St,3181,11/1/2024,1200000,2,5.1,2,1,0,111,2007
Stonnington,3/45 Williams Rd,3181,12/1/2024,600000,2,5.1,1,1,1452,96,1970
Port Phillip,8/14 Newry St,3181,12/1/2024,,2,5.1,1,1,0,66,1985
Port Phillip,31 Raleigh St,3181,,1350000,2,5.1,1,1,157,101,
Stonnington,77 Raleigh St,3181,11/1/2024,1910000,3,5.1,3,1,143,89,
Banyule,8 Ovata Cl,3085,10/1/2024,915000,4,15,3,1,531,237,1990
Banyule,70 Tarcoola Dr,3085,11/1/2024,810000,3,15,2,2,568,173,1975
Banyule,267 Yallambie Rd,3085,10/1/2024,753000,3,15,2,1,536,154,1975
Banyule,340 Yallambie Rd,3085,11/1/2024,602500,3,15,2,2,586,140,1970
Banyule,4 Coleen St,3085,12/1/2024,742000,3,15,1,1,614,117,1978
Banyule,36 Longacres Rd,3085,,953000,4,15,2,2,551,150,1997
Banyule,2 Debra Ct,3085,11/1/2024,650000,3,15,1,1,706,129,1970
Banyule,4 Melliodora Pl,3085,12/1/2024,731000,3,15,2,2,566,156,1991
Banyule,5 Crew St,3085,11/1/2024,710000,3,15,1,1,616,115,1960
Banyule,27 Ovata Cl,3085,12/1/2024,936000,3,15,2,2,587,232,1994
Banyule,5 Amanda Ct,3085,11/1/2024,,3,15,1,1,687,122,1978
Maribyrnong,13 Benbow St,3013,11/1/2024,1000000,3,7,2,1,448,147,
Maribyrnong,6 Sanderson St,3013,,890000,2,7,1,2,471,103,1950
Maribyrnong,83 Tarrengower St,3013,12/1/2024,1165000,3,7,1,0,191,105,
Maribyrnong,4 Finlay St,3013,11/1/2024,1550000,4,7,2,2,427,233,2010
Maribyrnong,7/87 Gamon St,3013,12/1/2024,,3,7,1,2,323,139,1960
Maribyrnong,160 Hyde St,3013,,871000,3,7,2,2,428,100,1965
Maribyrnong,1/194 Hyde St,3013,10/1/2024,780000,3,7,2,2,213,120,2004
Maribyrnong,3/27 Stephen St,3013,10/1/2024,650000,2,7,1,1,0,2,1980
Maribyrnong,41 Sussex St,3013,10/1/2024,,3,7,1,1,138,82,
Maribyrnong,76 Bishop St,3013,10/1/2024,1235000,4,7,2,2,244,206,2011
Maribyrnong,5 Hood St,3013,11/1/2024,1000000,2,7,1,1,220,105,
Maribyrnong,13 Pearce St,3013,10/1/2024,,2,7,1,0,164,,
Maribyrnong,109 Powell St,3013,10/1/2024,1320000,3,7,2,2,473,171,
Maribyrnong,13 Simpson St,3013,,1100000,3,7,2,0,214,129,
Maribyrnong,7/88 Stephen St,3013,11/1/2024,782000,2,7,1,1,1555,92,2013
Maribyrnong,34 Wilkins St,3013,10/1/2024,931000,3,7,1,1,442,,
Maribyrnong,6 Clarendon St,3013,12/1/2024,910000,3,7,3,2,197,109,2013
Maribyrnong,3 Cuming St,3013,11/1/2024,856000,2,7,1,1,261,100,
Maribyrnong,40 Freeman St,3013,10/1/2024,670000,3,7,1,1,477,120,1960
Maribyrnong,25 Gray St,3013,10/1/2024,706000,4,7,1,0,165,93,
Maribyrnong,101 Roberts St,3013,,1050000,3,7,2,1,462,132,1960
Maribyrnong,31 Frederick St,3013,11/1/2024,1320000,4,7,2,1,319,171,
Maribyrnong,47 Bayview Rd,3013,,1815000,5,7,2,2,644,172,
Maribyrnong,2/8 Hughes St,3013,12/1/2024,,2,7,1,1,148,79,2003
Maribyrnong,50 Tongue St,3013,,1870000,4,7,1,3,766,167,1968
Maribyrnong,44 Severn St,3013,10/1/2024,,3,7,1,4,902,129,
Maribyrnong,122 Stephen St,3013,,510000,1,7,1,2,0,83,2004
Maribyrnong,9/51 Stephen St,3013,10/1/2024,381000,2,7,1,1,0,65,1960
Maribyrnong,113 Anderson St,3013,12/1/2024,,3,7,2,0,352,152,2016
Maribyrnong,122 Stephen St,3013,10/1/2024,470000,1,7,1,2,0,83,2004
Maribyrnong,7/13 Stephen St,3013,10/1/2024,501344,2,7,1,1,0,72,1950
Maribyrnong,9 Stanger St,3013,12/1/2024,796000,3,7,1,1,464,120,1960
Maribyrnong,64 Bishop St,3013,10/1/2024,1055000,3,7,1,3,670,116,
Maribyrnong,4/16 Dean St,3013,11/1/2024,620000,3,7,3,1,0,141,2014
Maribyrnong,5/69 Hamilton St,3013,12/1/2024,345000,1,7,1,1,0,47,1970
Maribyrnong,25 Norfolk St,3013,11/1/2024,950000,3,7,1,2,240,84,
Maribyrnong,11 Sanderson St,3013,12/1/2024,822000,2,7,1,3,539,,
Maribyrnong,29 Frederick St,3013,11/1/2024,,4,7,2,2,417,157,
Maribyrnong,59 Gent St,3013,11/1/2024,1005000,3,7,1,1,438,115,1960
Maribyrnong,7 Stewart St,3013,10/1/2024,1340000,4,7,2,0,297,175,
Maribyrnong,52 Severn St,3013,11/1/2024,,3,7,1,1,189,87,
Maribyrnong,347 Williamstown Rd,3013,10/1/2024,781500,3,7,1,2,341,132,1950
Maribyrnong,15 Ofarrell St,3013,11/1/2024,1401000,4,7,1,1,306,133,
Maribyrnong,2/382 Williamstown Rd,3013,,630000,2,7,2,2,168,121,2000
Maribyrnong,129 Roberts St,3013,11/1/2024,1137500,5,7,3,4,446,244,1950
Maribyrnong,2 Hood St,3013,11/1/2024,1158000,4,7,1,3,411,96,
Maribyrnong,9/11 Berry St,3013,12/1/2024,955000,3,7,2,2,206,173,2006
Maribyrnong,3 Freame St,3013,10/1/2024,1081000,3,7,1,1,448,104,
Maribyrnong,443 Geelong Rd,3013,11/1/2024,725000,3,7,1,5,558,128,
Maribyrnong,43 Ballarat St,3013,11/1/2024,767000,2,7,1,0,128,80,
Maribyrnong,42 Eirene St,3013,10/1/2024,,2,7,1,3,486,,
Maribyrnong,14 Finlay St,3013,,1028000,4,7,2,2,431,,
Maribyrnong,20 Grace St,3013,12/1/2024,1450000,3,7,2,2,542,211,2016
Maribyrnong,23 Lennox St,3013,11/1/2024,1430000,3,7,3,2,386,172,
Maribyrnong,38 Simpson St,3013,12/1/2024,1275000,3,7,1,2,229,128,
Maribyrnong,122 Blackwood St,3013,10/1/2024,1606000,4,7,2,3,455,178,
Maribyrnong,38 Benbow St,3013,10/1/2024,780000,2,7,1,1,435,114,1950
Maribyrnong,76 Kidman St,3013,12/1/2024,670000,3,7,1,1,463,119,1950
Maribyrnong,23 Castlemaine St,3013,12/1/2024,1380000,3,7,2,2,235,144,
Maribyrnong,3/64 Powell St,3013,10/1/2024,480500,2,7,1,1,0,65,1970
Maribyrnong,4 Regent St,3013,12/1/2024,1520000,4,7,2,0,261,160,
Maribyrnong,10 Tuppen St,3013,10/1/2024,1287000,5,7,2,2,488,213,
Maribyrnong,16/11 Berry St,3013,11/1/2024,800000,3,7,2,1,169,150,2007
Maribyrnong,30 Simpson St,3013,10/1/2024,1460000,3,7,1,2,463,119,
Maribyrnong,7 Hughes St,3013,12/1/2024,840000,3,7,1,1,470,127,1970
Maribyrnong,46 Kingston St,3013,10/1/2024,900500,3,7,1,1,208,100,1970
Maribyrnong,6/37 Stephen St,3013,10/1/2024,940000,3,7,2,2,171,146,2007
Moonee Valley,2/2 St Kinnord St,3040,,380000,1,9.1,1,1,0,39,1990
Moonee Valley,40 Clifton St,3040,10/1/2024,1646000,4,9.1,3,2,757,157,1950
Moonee Valley,8/257 Buckley St,3040,12/1/2024,470000,2,9.1,1,1,976,71,2000
Moonee Valley,21 May St,3040,10/1/2024,1346000,4,9.1,2,2,559,204,1995
Moonee Valley,2/30 Caroline St,3040,10/1/2024,935000,3,9.1,2,2,217,149,2005
Moonee Valley,126 The Boulevard,3040,10/1/2024,,4,9.1,4,4,670,375,2010
Moonee Valley,2 May St,3040,10/1/2024,1150000,4,9.1,2,2,578,35,2010
Moonee Valley,5 Aroona Ct,3040,12/1/2024,1720000,1,9.1,2,1,676,136,1965
Moonee Valley,25 Beaver St,3040,12/1/2024,,2,9.1,1,2,809,131,1980
Moonee Valley,4 Brunel Ct,3040,11/1/2024,1190000,3,9.1,1,1,465,115,1950
Moonee Valley,29 Beaver St,3040,,,5,9.1,3,2,839,247,
Moonee Valley,2 May St,3040,10/1/2024,1200000,4,9.1,2,2,578,35,2010
Moonee Valley,1 Chisholm St,3040,11/1/2024,726000,3,9.1,1,1,229,111,1996
Moonee Valley,11 Muldowney St,3040,10/1/2024,1300000,3,9.1,3,1,593,205,2016
Moonee Valley,1/7 Derry St,3040,11/1/2024,670000,2,9.1,1,2,0,103,1990
Moonee Valley,47 Clifton St,3040,12/1/2024,1350000,4,9.1,2,2,1076,180,1960
Banyule,20 Davidson St,3081,12/1/2024,,3,9.5,1,2,626,93,1955
Banyule,353 Waterdale Rd,3081,10/1/2024,855000,2,9.5,1,0,693,,
Banyule,305 Bell St,3081,10/1/2024,,3,9.5,1,2,631,109,1950
Banyule,2/2 Harrison St,3081,11/1/2024,720000,3,9.5,2,1,231,145,2012
Banyule,129 Liberty Pde,3081,11/1/2024,,3,9.5,1,2,609,93,1950
Banyule,373 Waterdale Rd,3081,,,3,9.5,1,0,605,,
Moreland,10 Harrison St,3057,10/1/2024,1310000,3,4.5,1,2,456,144,1950
Moreland,1 Nunan St,3057,10/1/2024,856000,4,4.5,2,2,136,151,1997
Moreland,2/175 Blyth St,3057,11/1/2024,580000,2,4.5,1,1,0,65,1975
Moreland,6 Kingfisher Gdns,3057,11/1/2024,940000,3,4.5,1,2,213,116,1995
Moreland,215 Weston St,3057,11/1/2024,1495000,3,4.5,1,1,259,130,
Moreland,55 King St,3057,11/1/2024,1550000,4,4.5,2,2,470,191,
Moreland,94 Barkly St,3057,10/1/2024,1815000,4,4.5,1,1,233,204,
Moreland,9 John St,3057,11/1/2024,1625000,4,4.5,2,2,822,145,
Moreland,21 Roberts St,3057,11/1/2024,899000,3,4.5,2,1,116,124,2007
Moreland,201/218 Lygon St,3057,11/1/2024,435000,2,4.5,1,1,197,55,2012
Moreland,178 Weston St,3057,10/1/2024,1080000,2,4.5,1,0,193,101,
Moreland,4/37 Brunswick Rd,3057,11/1/2024,656000,2,4.5,1,1,0,79,1960
Moreland,89a Hickford St,3057,12/1/2024,1574000,3,4.5,3,2,336,207,2007
Moreland,3/37 Brunswick Rd,3057,11/1/2024,,2,4.5,1,1,0,96,
Moreland,6212/172 Edward St,3057,,590000,2,4.5,2,1,0,71,2014
Moreland,41 Barkly St,3057,,1679000,3,4.5,2,0,326,118,
Moreland,2/33 Linden St,3057,10/1/2024,1050000,3,4.5,3,2,87,151,1998
Moreland,160 Glenlyon Rd,3057,10/1/2024,825000,3,4.5,1,1,213,116,
Moreland,14 Hutchinson St,3057,10/1/2024,998000,3,4.5,1,2,104,118,2000
Moreland,1/10 Linden St,3057,10/1/2024,1010000,3,4.5,2,1,0,133,2014
Moreland,5 John St,3057,10/1/2024,910000,3,4.5,1,1,231,,
Moreland,156 Glenlyon Rd,3057,10/1/2024,1050000,3,4.5,1,1,279,122,
Moreland,192 Blyth St,3057,10/1/2024,1600000,3,4.5,1,2,812,113,
Moreland,120 Victoria St,3057,11/1/2024,1325000,3,4.5,2,2,190,135,
Moreland,22 Lord St,3057,10/1/2024,1335000,3,4.5,1,2,308,113,
Moreland,3/10 Rathdowne St,3057,11/1/2024,,3,4.5,1,1,0,114,2003
Yarra,12 Loyola Gr,3121,10/1/2024,1231010,2,3.5,1,2,225,119,
Yarra,92 Madden Gr,3121,12/1/2024,881000,2,3.5,1,1,172,94,
Yarra,148 Stawell St,3121,10/1/2024,1202500,2,3.5,1,1,149,77,
Yarra,154 Stawell St,3121,10/1/2024,1435000,3,3.5,1,0,182,102,
Melbourne,8/31 Bouverie St,3053,11/1/2024,860000,3,1.8,2,1,0,109,1994
Melbourne,254 Faraday St,3053,10/1/2024,1590000,3,1.8,2,2,100,106,
Melbourne,111/101 Grattan St,3053,11/1/2024,,2,1.8,1,1,0,72,1994
Melbourne,83 Princes St,3053,12/1/2024,720000,2,1.8,1,1,117,71,
Melbourne,83 Cardigan St,3053,10/1/2024,840000,2,1.8,1,0,66,81,
Melbourne,8/220 Elgin St,3053,10/1/2024,705000,2,1.8,1,1,0,70,2000
Melbourne,268 Faraday St,3053,11/1/2024,435000,1,1.8,1,1,0,,
Melbourne,176 Cardigan St,3053,11/1/2024,1630100,4,1.8,2,0,132,195,
Melbourne,102/479 Cardigan St,3053,10/1/2024,480000,2,1.8,1,1,0,,2012
Melbourne,403/20 Reeves St,3053,,,2,1.8,2,1,0,65,2010
Melbourne,99 Neill St,3053,12/1/2024,1600000,3,1.8,3,1,0,192,
Melbourne,100 Faraday St,3053,12/1/2024,1010000,2,1.8,1,0,101,60,
Melbourne,34 Barkly St,3053,12/1/2024,1170000,2,1.8,1,1,144,81,
Melbourne,205/37 Palmerston St,3053,11/1/2024,600000,2,1.8,2,1,0,67,2013
Melbourne,99 Neill St,3053,,1550000,3,1.8,3,1,0,192,
Melbourne,130 Rathdowne St,3053,10/1/2024,1616000,4,1.8,1,0,152,139,
Melbourne,73 Palmerston St,3053,11/1/2024,,4,1.8,1,0,121,,
Melbourne,30/188 Faraday St,3053,10/1/2024,,2,1.8,1,1,0,63,1999
Melbourne,27 Faraday St,3053,12/1/2024,1117000,2,1.8,1,0,128,92,
Melbourne,24 Pitt St,3053,12/1/2024,957000,2,1.8,1,1,122,,
Melbourne,110 Vale St,3002,,4525000,2,1.5,2,1,220,279,
Melbourne,203/140 Gipps St,3002,10/1/2024,1935000,2,1.5,2,2,0,150,2010
Melbourne,496 Victoria Pde,3002,12/1/2024,1475000,4,1.5,1,1,179,,
Melbourne,1/187 George St,3002,,700000,2,1.5,2,1,0,65,1970
Melbourne,7/45 Gipps St,3002,12/1/2024,750000,1,1.5,1,0,0,46,
Moonee Valley,17 Hoffmans Rd,3040,11/1/2024,1422000,4,9.8,2,2,505,335,2013
Moonee Valley,12 Prospect St,3040,10/1/2024,1430000,2,9.8,1,1,711,,
Moonee Valley,22 Emerald St,3040,11/1/2024,,4,9.8,2,2,740,201,1950
Moonee Valley,461 Buckley St,3040,12/1/2024,787500,3,9.8,1,1,556,105,
Moonee Valley,4/63 Hampton Rd,3040,10/1/2024,652500,4,9.8,2,1,179,160,1995
Moonee Valley,25 Garnet St,3040,11/1/2024,1300000,5,9.8,2,2,616,184,1950
Moonee Valley,4/426 Buckley St,3040,11/1/2024,730000,3,9.8,2,2,0,118,2015
Moonee Valley,6 Sapphire St,3040,,,7,9.8,2,2,614,316,1970
Moonee Valley,2/45 Hoffmans Rd,3040,10/1/2024,970000,3,9.8,2,2,356,223,2011
Moonee Valley,53 Clydebank Rd,3040,12/1/2024,1115000,3,9.8,1,1,688,192,1950
Moreland,3 Lovely St,3060,11/1/2024,670000,3,12.4,1,3,587,136,
Moreland,1/71 Lynch Rd,3060,12/1/2024,333000,2,12.4,1,1,97,79,1970
Moreland,2A Piper St,3060,12/1/2024,455000,3,12.4,2,1,738,138,2010
Moreland,1b McDougall St,3060,10/1/2024,378000,2,12.4,1,1,215,100,1990
Moreland,4 Lord St,3060,11/1/2024,585000,3,12.4,1,1,605,103,1960
Moreland,46 Percy St,3060,12/1/2024,615000,3,12.4,1,2,650,112,1950
Moreland,73 Major Rd,3060,12/1/2024,526000,3,12.4,1,1,404,101,1960
Moreland,13 Mutton Rd,3060,12/1/2024,540000,3,12.4,1,1,614,94,1960
Moreland,45 Bruce St,3060,12/1/2024,540000,4,12.4,2,3,254,164,1990
Moreland,3 Brian St,3060,10/1/2024,625000,3,12.4,1,2,585,88,1960
Moreland,101 Denys St,3060,11/1/2024,,3,12.4,2,4,587,153,1970
Moreland,151 McBryde St,3060,11/1/2024,640000,3,12.4,1,2,720,97,1950
Moreland,53 Queens Pde,3060,10/1/2024,783000,3,12.4,2,1,603,115,
Moreland,18 Pitt St,3060,10/1/2024,,4,12.4,2,2,567,116,1950
Moreland,13 McDougall St,3060,10/1/2024,619000,2,12.4,1,2,640,114,1970
Moreland,1/12 Brooks St,3060,10/1/2024,460000,3,12.4,1,1,314,112,1970
Moreland,39 Lynch Rd,3060,10/1/2024,751000,3,12.4,6,2,592,103,1960
Moreland,250 McBryde St,3060,10/1/2024,609000,3,12.4,1,4,528,120,1965
Moreland,6 Lock St,3060,10/1/2024,752500,4,12.4,1,2,0,135,1950
Moreland,3 Syndal St,3060,,650000,3,12.4,1,3,602,97,1950
Moreland,21 Penn Ct,3060,12/1/2024,750000,4,12.4,2,1,613,219,1970
Moreland,1/11 Brockley Rd,3060,11/1/2024,400000,3,12.4,1,1,285,,
Moreland,17 Edward St,3060,11/1/2024,527000,3,12.4,1,1,609,103,1960
Moreland,94 Major Rd,3060,10/1/2024,,3,12.4,1,1,599,107,1960
Moreland,10 Patricia Dr,3060,12/1/2024,617000,3,12.4,1,1,540,114,1960
Moreland,1/80 Argyle St,3060,,540000,4,12.4,2,3,209,120,1960
Moreland,41 Murray St,3060,10/1/2024,643000,3,12.4,1,2,701,,
Moreland,34a Preston St,3060,10/1/2024,631000,3,12.4,2,2,297,133,2012
Moreland,256 McBryde St,3060,10/1/2024,640000,3,12.4,1,4,533,135,1965
Moreland,6 Brockley Rd,3060,12/1/2024,575000,2,12.4,1,2,621,109,1960
Moreland,2 Murray St,3060,12/1/2024,562000,4,12.4,2,2,374,136,2005
Moreland,106 William St,3060,10/1/2024,620000,3,12.4,1,2,604,190,1970
Moreland,12 Selola Ct,3060,12/1/2024,652500,3,12.4,1,1,592,113,1960
Moreland,13 Brockley Rd,3060,,1010000,4,12.4,2,2,607,338,2015
Moreland,1/26 Tucker St,3060,11/1/2024,492000,3,12.4,1,1,208,107,2011
Moreland,2/11 Dowling St,3060,12/1/2024,422500,3,12.4,2,1,195,91,2000
Boroondara,742 Burwood Rd,3123,11/1/2024,1550000,2,7.5,1,2,432,,
Boroondara,22 Stewart St,3123,10/1/2024,1140000,2,7.5,1,0,230,,
Boroondara,66 Roseberry St,3123,12/1/2024,1865000,3,7.5,2,2,431,120,1950
Boroondara,748 Burwood Rd,3123,11/1/2024,,5,7.5,3,2,431,203,
Boroondara,310 Riversdale Rd,3123,10/1/2024,1450000,3,7.5,2,2,466,176,
Boroondara,10/26 Redfern Rd,3123,11/1/2024,1110000,3,7.5,2,2,94,169,2005
Boroondara,58 Auburn Gr,3123,11/1/2024,3100000,4,7.5,2,2,640,232,
Boroondara,7/11 Harts Pde,3123,10/1/2024,555000,2,7.5,1,1,0,69,1970
Boroondara,503 Tooronga Rd,3123,12/1/2024,1700000,3,7.5,2,1,646,228,1980
Boroondara,20 Beaconsfield Rd,3123,12/1/2024,1585000,2,7.5,1,2,390,102,
Boroondara,1/1 Clifton Rd,3123,10/1/2024,935000,3,7.5,2,1,144,107,1975
Boroondara,5/75 Harold St,3123,10/1/2024,460000,2,7.5,1,1,0,55,1967
Boroondara,18 Carlyle St,3123,11/1/2024,3050000,4,7.5,3,1,710,,
Boroondara,16 Leura Gr,3123,10/1/2024,2800000,4,7.5,1,2,764,171,
Boroondara,1/17 Auburn Gr,3123,12/1/2024,573000,2,7.5,1,1,0,60,1970
Boroondara,4/161 Victoria Rd,3123,11/1/2024,680000,2,7.5,1,1,0,110,
Boroondara,63 Victoria Rd,3123,10/1/2024,2250000,5,7.5,2,2,452,319,
Boroondara,36 Invermay Gr,3123,11/1/2024,2381000,4,7.5,2,2,457,166,
Boroondara,1/36 Pleasant Rd,3123,12/1/2024,1738000,4,7.5,3,2,324,241,2002
Boroondara,16/36 Anderson Rd,3123,,735000,3,7.5,1,1,0,95,1970
Boroondara,40 Campbell Gr,3123,12/1/2024,1420000,3,7.5,1,2,362,130,
Boroondara,12/82 Campbell Rd,3123,12/1/2024,400000,2,7.5,1,1,0,60,1965
Boroondara,45 Roseberry St,3123,12/1/2024,1335000,2,7.5,1,0,229,70,
Boroondara,66 Roseberry St,3123,12/1/2024,1825000,3,7.5,2,2,431,120,1950
Boroondara,2/2 Clifton Rd,3123,11/1/2024,840000,2,7.5,1,1,150,99,1969
Boroondara,797 Burwood Rd,3123,10/1/2024,3500000,5,7.5,2,2,1250,360,2000
Boroondara,16/799 Burwood Rd,3123,11/1/2024,444000,2,7.5,1,1,0,68,1970
Boroondara,11 Council St,3123,,1320000,3,7.5,2,1,213,162,
Boroondara,18 Gillman St,3123,11/1/2024,1890000,3,7.5,1,2,477,173,
Boroondara,336 Riversdale Rd,3123,10/1/2024,2450000,4,7.5,2,1,697,172,
Boroondara,3/859 Toorak Rd,3123,11/1/2024,1590000,3,7.5,2,2,289,181,2010
Boroondara,13 Clive Rd,3123,12/1/2024,2450000,4,7.5,3,2,523,316,1955
Boroondara,43 Mayston St,3123,10/1/2024,1625000,3,7.5,1,3,372,,
Boroondara,4/43 Clifton Rd,3123,11/1/2024,706000,2,7.5,1,1,172,90,1960
Boroondara,3 Jaques St,3123,,2500000,5,7.5,3,3,757,240,
Boroondara,91 Rathmines Rd,3123,10/1/2024,,4,7.5,2,2,556,220,
Boroondara,24 Wiseman St,3123,11/1/2024,1385000,2,7.5,1,2,326,113,
Boroondara,5/107 Victoria Rd,3123,10/1/2024,655250,2,7.5,1,1,1153,69,1970
Boroondara,4 Temple St,3123,11/1/2024,,6,7.5,2,0,350,198,
Boroondara,4/3 Brookfield Ct,3123,,430000,1,7.5,1,1,2276,58,1950
Boroondara,8/423 Tooronga Rd,3123,11/1/2024,505000,2,7.5,1,1,0,78,1965
Boroondara,20 Stewart St,3123,12/1/2024,1650000,3,7.5,1,1,354,115,
Boroondara,5/80 Campbell Rd,3123,12/1/2024,371000,1,7.5,1,0,917,44,1970
Boroondara,61 Roseberry St,3123,11/1/2024,1625000,3,7.5,2,1,255,115,
Boroondara,2/60 Rathmines Rd,3123,11/1/2024,975000,3,7.5,1,1,211,120,1990
Banyule,5/68 Brown St,3084,10/1/2024,546500,2,10.6,1,1,132,69,1972
Banyule,22 Almay Gr,3084,10/1/2024,1220000,3,10.6,1,1,858,136,1960
Banyule,4/71 Rosanna Rd,3084,11/1/2024,550000,3,10.6,1,2,235,123,1990
Banyule,6/542 Upper Heidelberg Rd,3084,12/1/2024,585000,2,10.6,2,1,0,,2012
Banyule,4/51 Yarra St,3084,12/1/2024,705000,2,10.6,1,1,182,110,1973
Banyule,95 Rosanna Rd,3084,11/1/2024,1705000,3,10.6,1,2,1547,,
Banyule,7/75 Rosanna Rd,3084,10/1/2024,490000,2,10.6,1,1,187,89,1980
Banyule,13 Hodgson St,3084,,1110000,3,10.6,1,2,600,190,1950
Banyule,3/43 Rosanna Rd,3084,,540000,2,10.6,1,2,153,97,1972
Banyule,13 Edgar St,3084,11/1/2024,750000,3,10.6,1,2,577,140,1955
Banyule,35 Beverley Rd,3084,12/1/2024,1000000,3,10.6,2,1,422,,
Banyule,6 Bolden St,3084,11/1/2024,1401000,5,10.6,2,2,580,222,
Banyule,1/58 Darebin St,3084,,808000,3,10.6,2,2,255,,
Banyule,7/106 Brown St,3084,11/1/2024,600000,2,10.6,1,2,145,,1970
Banyule,2/172 Cape St,3084,12/1/2024,655000,3,10.6,2,2,175,3,
Banyule,10 Cleve Gr,3084,10/1/2024,1195000,3,10.6,1,1,662,159,1950
Banyule,14 Scarborough Dr,3084,12/1/2024,1362000,4,10.6,2,2,635,,
Banyule,3/10 Edgar St,3084,11/1/2024,690000,2,10.6,1,1,110,88,2010
Banyule,57 Martin St,3084,10/1/2024,1375000,3,10.6,1,1,639,115,1965
Banyule,14 Adamson St,3084,10/1/2024,1400000,3,10.6,1,1,827,109,1952
Banyule,2/3 Andrews St,3084,10/1/2024,475000,2,10.6,1,2,247,68,1974
Banyule,36 Buckingham Dr,3084,11/1/2024,1030000,3,10.6,3,2,649,357,2017
Banyule,34 Quinn St,3084,10/1/2024,1125000,3,10.6,1,2,0,125,1950
Banyule,271 The Boulevard,3079,10/1/2024,3850000,5,9,4,2,2064,405,1951
Banyule,24 Flora Gr,3079,10/1/2024,1605000,3,9,1,1,624,117,1950
Banyule,5/3 Rotherwood Rd,3079,10/1/2024,470000,2,9,1,1,1473,65,1960
Banyule,41 McArthur Rd,3079,10/1/2024,1740000,4,9,3,3,948,249,1960
Banyule,44 Keam St,3079,,,4,9,2,2,830,315,1950
Banyule,31 Keam St,3079,,2200000,4,9,2,2,1004,247,
Banyule,21 Wilfred Rd,3079,,1651000,3,9,1,1,1073,,
Banyule,10 Carmichael St,3079,10/1/2024,,4,9,3,2,583,318,1975
Banyule,333 The Boulevard,3079,10/1/2024,1797000,5,9,3,3,826,250,1955
Banyule,1/169 Lower Heidelberg Rd,3079,12/1/2024,1050000,3,9,2,1,180,165,2012
Hume,39 Emu Pde,3047,10/1/2024,551000,3,14.5,1,0,610,121,1955
Hume,147 Sunset Bvd,3047,10/1/2024,350000,3,14.5,1,2,600,110,1950
Hume,108 Sunset Bvd,3047,12/1/2024,425000,3,14.5,1,2,650,90,1975
Hume,3 Fidge Ct,3047,10/1/2024,600000,3,14.5,1,2,647,173,1960
Hume,15 Bliburg St,3047,,460000,3,14.5,1,1,601,92,1960
Hume,1 Robinson St,3047,10/1/2024,611000,3,14.5,1,3,624,93,1966
Hume,25 Bliburg St,3047,12/1/2024,,3,14.5,1,2,598,92,1965
Hume,17 Sunset Bvd,3047,11/1/2024,472500,2,14.5,1,2,729,88,1960
Darebin,1/21 The Fairway,3083,11/1/2024,480000,3,12.4,2,1,218,110,2004
Darebin,46 Dunne St,3083,11/1/2024,,3,12.4,1,1,907,165,1960
Darebin,53 Scott Gr,3083,,731000,2,12.4,1,0,640,,
Darebin,101 The Fairway,3083,12/1/2024,610000,4,12.4,1,1,465,120,1970
Darebin,93 The Fairway,3083,11/1/2024,,3,12.4,2,1,468,153,1970
Maribyrnong,1/68 Edgar St,3012,12/1/2024,677200,2,7.8,2,1,180,179,2011
Maribyrnong,134 Chirnside St,3012,10/1/2024,1155000,3,7.8,2,2,269,123,
Maribyrnong,4 Chirnside St,3012,10/1/2024,817000,3,7.8,1,1,259,105,
Maribyrnong,132 Coronation St,3012,10/1/2024,1035000,3,7.8,2,2,275,145,
Maribyrnong,104 Williamstown Rd,3012,11/1/2024,677500,2,7.8,1,1,224,89,
Maribyrnong,200 Somerville Rd,3012,11/1/2024,,3,7.8,1,1,350,114,1950
Maribyrnong,52a Williamstown Rd,3012,10/1/2024,730000,2,7.8,2,0,84,130,
Maribyrnong,88 Chirnside St,3012,11/1/2024,750000,1,7.8,1,0,272,107,
Maribyrnong,2/15 Edgar St,3012,,440000,2,7.8,1,1,117,74,2008
Maribyrnong,309 Geelong Rd,3012,10/1/2024,685000,2,7.8,1,1,220,219,
Maribyrnong,153 Coronation St,3012,11/1/2024,967500,3,7.8,1,1,325,,
Maribyrnong,2/57 Kingsville St,3012,10/1/2024,,1,7.8,1,1,0,36,1970
Maribyrnong,74 Chirnside St,3012,12/1/2024,1340000,3,7.8,2,0,272,132,
Maribyrnong,12 Williamstown Rd,3012,,925000,4,7.8,2,1,276,4,
Maribyrnong,17/5 Lewis St,3012,11/1/2024,,2,7.8,1,1,0,,
Maribyrnong,72 Chirnside St,3012,12/1/2024,1275000,4,7.8,2,1,274,172,
Maribyrnong,57 Wales St,3012,10/1/2024,925000,3,7.8,1,1,275,100,
Maribyrnong,22 Coronation St,3012,10/1/2024,1336000,4,7.8,2,1,343,109,
Maribyrnong,2/35 Kingsville St,3012,11/1/2024,200000,1,7.8,1,1,0,38,1960
Glen Eira,1/22 Gerald St,3163,10/1/2024,1100000,4,12.1,3,2,286,160,1990
Glen Eira,3 Churchill Cl,3163,10/1/2024,1160000,3,12.1,2,2,302,172,2000
Glen Eira,9 Stewart St,3163,10/1/2024,820000,3,12.1,1,1,274,107,
Glen Eira,2/11 Howe St,3163,11/1/2024,740000,2,12.1,1,1,161,89,1980
Glen Eira,1d Bute St,3163,10/1/2024,975000,3,12.1,2,1,277,109,1975
Glen Eira,38 Dalny Rd,3163,10/1/2024,1060000,3,12.1,1,2,595,130,1957
Glen Eira,4/16 Rosella St,3163,10/1/2024,680000,2,12.1,1,2,275,94,1975
Glen Eira,2/43 Kangaroo Rd,3163,10/1/2024,,2,12.1,1,1,0,86,
Glen Eira,15 Thaxted Rd,3163,11/1/2024,1430000,3,12.1,1,2,618,163,1960
Glen Eira,6/21 Adelaide St,3163,,435000,2,12.1,1,1,697,,1970
Glen Eira,17 Howe St,3163,10/1/2024,1370000,3,12.1,2,2,834,168,1954
Glen Eira,22/41 Murrumbeena Rd,3163,10/1/2024,605000,2,12.1,2,2,5289,72,2013
Glen Eira,21 Ardyne St,3163,12/1/2024,1610000,4,12.1,2,2,660,167,
Glen Eira,14/24 Rosella St,3163,10/1/2024,256500,1,12.1,1,1,0,37,1966
Glen Eira,22 Brett St,3163,11/1/2024,1300000,5,12.1,2,2,683,223,1960
Glen Eira,3/19 Howe St,3163,10/1/2024,835000,3,12.1,1,1,181,104,1975
Glen Eira,32 Leura St,3163,10/1/2024,861500,2,12.1,2,1,293,125,2004
Glen Eira,116/41 Murrumbeena Rd,3163,12/1/2024,500000,2,12.1,2,1,5289,70,2013
Glen Eira,1 Donal St,3163,10/1/2024,1400000,4,12.1,2,2,557,178,1955
Glen Eira,2/15 Melbourne St,3163,,603000,2,12.1,1,1,102,92,1960
Glen Eira,49 Dalny Rd,3163,10/1/2024,1100000,3,12.1,2,2,506,169,1950
Glen Eira,2/190 Murrumbeena Rd,3163,11/1/2024,291000,1,12.1,1,1,0,44,
Glen Eira,22 Victory St,3163,11/1/2024,1090000,3,12.1,2,2,553,138,1960
Glen Eira,26 Innellan Rd,3163,10/1/2024,1220000,3,12.1,1,2,735,,
Glen Eira,525a Neerim Rd,3163,,1800000,4,12.1,2,2,990,267,2003
Glen Eira,12 Omama Rd,3163,12/1/2024,1641000,4,12.1,1,1,560,,
Glen Eira,4/1 Howe St,3163,11/1/2024,745500,2,12.1,1,1,186,110,1980
Glen Eira,208 Booran Rd,3204,10/1/2024,1401000,3,11.8,2,2,650,150,1950
Glen Eira,17 Murray Rd,3204,10/1/2024,2250000,4,11.8,1,2,903,235,1985
Glen Eira,37 Thompson St,3204,10/1/2024,1715000,4,11.8,2,2,705,226,
Glen Eira,7/30 Walsh St,3204,12/1/2024,250000,1,11.8,1,1,0,36,1960
Glen Eira,9 Queen St,3204,12/1/2024,1920000,4,11.8,1,1,805,808,
Glen Eira,15 Tyrone St,3204,10/1/2024,1918000,4,11.8,2,1,678,162,
Glen Eira,2/27 Wheeler St,3204,,900000,3,11.8,1,1,265,91,1990
Glen Eira,13 Stewart St,3204,11/1/2024,1360000,2,11.8,1,1,690,,
Glen Eira,37 Lewis St,3204,10/1/2024,1770000,3,11.8,2,2,667,142,1950
Glen Eira,44 Thompson St,3204,,1250000,3,11.8,2,2,326,188,2000
Glen Eira,3/25 Holloway St,3204,12/1/2024,822500,3,11.8,2,3,0,93,1970
Glen Eira,2/43 Ulupna Rd,3204,12/1/2024,810000,2,11.8,1,1,210,90,1996
Glen Eira,16 Wallen Rd,3204,10/1/2024,1322000,3,11.8,1,1,551,156,
Glen Eira,58 Draper St,3204,12/1/2024,1845000,4,11.8,3,1,718,189,
Glen Eira,16 Sherwood St,3204,10/1/2024,1535000,3,11.8,1,2,578,140,
Glen Eira,21 Stewart St,3204,11/1/2024,2005000,4,11.8,2,2,691,193,
Glen Eira,3/16 Wheeler St,3204,11/1/2024,932000,3,11.8,2,1,180,92,1997
Glen Eira,245 Grange Rd,3204,12/1/2024,1500000,4,11.8,2,2,862,153,1970
Glen Eira,4/4 Ormond Rd,3204,10/1/2024,260000,1,11.8,1,1,0,,1970
Glen Eira,13 Parker St,3204,10/1/2024,1390000,4,11.8,2,2,666,158,
Glen Eira,2 Stewart St,3204,,940000,3,11.8,1,1,397,124,
Glen Eira,6/13 Ulupna Rd,3204,12/1/2024,296000,1,11.8,1,1,0,36,1970
Glen Eira,1/75 Lillimur Rd,3204,10/1/2024,,2,11.8,1,1,0,52,2011
Glen Eira,1/25 Murray Rd,3204,10/1/2024,820000,3,11.8,2,1,238,127,1998
Glen Eira,2/26 Wicklow St,3204,12/1/2024,940000,3,11.8,2,1,382,137,1998
Glen Eira,1 Carcoola Ct,3204,10/1/2024,1470000,3,11.8,2,2,0,163,1980
Glen Eira,5/11 Ormond Rd,3204,11/1/2024,430000,2,11.8,1,1,0,69,1970
Glen Eira,10/21 Lillimur Rd,3204,10/1/2024,362000,1,11.8,1,1,0,44,2010
Glen Eira,3/11 Ormond Rd,3204,12/1/2024,410000,2,11.8,1,1,0,65,1970
Glen Eira,2 Wimmera St,3204,12/1/2024,1177000,2,11.8,1,2,452,105,
Glen Eira,2/35 Leila Rd,3204,12/1/2024,617500,2,11.8,1,1,94,91,1970
Glen Eira,1/24 Lillimur Rd,3204,11/1/2024,479500,2,11.8,1,1,0,92,
Glen Eira,3/302 Grange Rd,3204,12/1/2024,,2,11.8,1,1,0,68,1970
Maribyrnong,22 Clarendon Pde,3012,12/1/2024,1020000,6,8.2,3,2,554,199,
Maribyrnong,140 Essex St,3012,10/1/2024,912500,2,8.2,1,1,444,98,
Maribyrnong,29 Devonshire St,3012,12/1/2024,710000,4,8.2,1,1,255,131,
Maribyrnong,90 Pitt St,3012,12/1/2024,,4,8.2,2,3,390,149,1950
Maribyrnong,86 Ashley St,3012,12/1/2024,850000,4,8.2,2,2,497,179,1980
Maribyrnong,1/12 Hatfield Ct,3012,12/1/2024,520000,6,8.2,2,1,0,171,1970
Maribyrnong,2/705 Barkly St,3012,12/1/2024,347000,3,8.2,1,1,0,56,1965
Maribyrnong,12/32 Argyle St,3012,10/1/2024,438000,2,8.2,1,2,0,75,1970
Maribyrnong,18/24 Dongola Rd,3012,10/1/2024,620000,2,8.2,1,1,144,,
Maribyrnong,5/28 Hampton Pde,3012,12/1/2024,415000,2,8.2,1,1,80,64,1980
Maribyrnong,1/37 Hampton Pde,3012,12/1/2024,723000,3,8.2,1,2,302,125,
Maribyrnong,1/12 Hatfield Ct,3012,12/1/2024,530000,4,8.2,2,1,0,171,1970
Maribyrnong,45 Hansen St,3012,12/1/2024,967000,3,8.2,1,2,347,113,
Maribyrnong,13 Soudan Rd,3012,10/1/2024,840000,3,8.2,1,1,442,123,1950
Maribyrnong,8/21 Hampton Pde,3012,,241000,1,8.2,1,1,0,99,
Maribyrnong,12 Stonemark Ct,3012,12/1/2024,910000,3,8.2,1,1,412,162,1980
Maribyrnong,11 Elphinstone St,3012,12/1/2024,820000,3,8.2,1,3,440,131,1950
Maribyrnong,12 Stanley St,3012,12/1/2024,756000,3,8.2,1,1,353,360,
Maribyrnong,1/9 Indwe St,3012,11/1/2024,620000,3,8.2,1,2,255,148,2001
Maribyrnong,20 Warleigh Rd,3012,10/1/2024,875000,3,8.2,2,3,336,94,
Maribyrnong,28 Khartoum St,3012,12/1/2024,830000,4,8.2,1,2,426,144,
Maribyrnong,3/1 Carmichael St,3012,11/1/2024,510000,2,8.2,2,1,0,,
Maribyrnong,2/30 Fontein St,3012,12/1/2024,545000,2,8.2,1,1,154,2,2005
Maribyrnong,8 Dongola Rd,3012,,913000,3,8.2,1,3,448,96,
Maribyrnong,23 Fontein St,3012,12/1/2024,850000,2,8.2,1,2,462,101,1960
Maribyrnong,50 Hex St,3012,10/1/2024,770000,2,8.2,1,1,267,95,
Maribyrnong,77 Suffolk St,3012,10/1/2024,495000,2,8.2,1,2,161,700,1977
Maribyrnong,107 Alma St,3012,11/1/2024,1575000,3,8.2,1,4,1000,85,
Maribyrnong,6/16 Warleigh Rd,3012,12/1/2024,288000,1,8.2,1,1,628,44,1970
Maribyrnong,44 Clive St,3012,10/1/2024,1151500,3,8.2,1,2,536,113,
Maribyrnong,31 Napoleon St,3012,10/1/2024,860000,3,8.2,1,2,501,147,1960
Maribyrnong,55 Elphinstone St,3012,10/1/2024,,3,8.2,1,3,372,96,
Maribyrnong,5/14 Busch St,3012,,450000,2,8.2,1,1,0,90,1980
Maribyrnong,18 Molesworth Ct,3012,10/1/2024,660000,3,8.2,1,1,321,,
Maribyrnong,4/17 Beaumont Pde,3012,10/1/2024,,2,8.2,1,1,781,82,2013
Maribyrnong,116 Essex St,3012,10/1/2024,,3,8.2,2,2,335,,
Maribyrnong,121 Suffolk St,3012,12/1/2024,,3,8.2,1,1,397,127,1960
Brimbank,7 Dalworth St,3020,11/1/2024,765000,2,13.9,1,2,672,111,1958
Brimbank,14 Delmont St,3020,12/1/2024,,3,13.9,2,3,628,140,1960
Brimbank,12 Wyalong St,3020,12/1/2024,730000,2,13.9,1,0,697,94,1970
Brimbank,29 Norwood St,3020,10/1/2024,593000,3,13.9,2,2,605,102,1965
Brimbank,25 Sydney St,3020,,816000,4,13.9,1,2,837,156,
Brimbank,12 Coolamon St,3020,10/1/2024,600000,2,13.9,1,1,534,90,1950
Brimbank,70 Forrest St,3020,11/1/2024,600000,3,13.9,1,1,697,110,
Brimbank,10/117 Anderson Rd,3020,10/1/2024,185000,1,13.9,1,1,2347,43,1975
Brimbank,16/20 Talmage St,3020,,319000,2,13.9,1,1,0,78,1970
Brimbank,2/32 Forrest St,3020,10/1/2024,560000,3,13.9,2,7,420,150,1970
Brimbank,48 Sydney St,3020,10/1/2024,840000,3,13.9,1,0,697,153,
Brimbank,3 Barclay St,3020,10/1/2024,460000,2,13.9,1,2,463,85,
Brimbank,1/8 Paw Paw Rd,3012,12/1/2024,507000,2,10.9,1,2,191,87,2014
Glen Eira,83 Grange Rd,3163,10/1/2024,1160000,3,10.4,1,2,553,137,
Glen Eira,8 Augusta St,3163,10/1/2024,1330000,3,10.4,2,1,295,176,
Glen Eira,2/6 Culma St,3163,11/1/2024,812000,2,10.4,1,1,0,,1995
Glen Eira,2/4 Hinton Rd,3163,11/1/2024,635000,2,10.4,2,1,81,2,
Glen Eira,16/89 Neerim Rd,3163,10/1/2024,636500,2,10.4,1,1,0,68,1970
Glen Eira,27 Augusta St,3163,10/1/2024,2575000,5,10.4,3,2,688,347,
Glen Eira,22/89 Neerim Rd,3163,12/1/2024,710000,2,10.4,1,1,0,78,1970
Glen Eira,1/205 Grange Rd,3163,10/1/2024,640000,2,10.4,1,1,1784,110,1970
Monash,8/105 Atherton Rd,3166,11/1/2024,305000,2,14,1,1,0,80,1960
Monash,11/79 Atherton Rd,3166,10/1/2024,,2,14,1,1,0,87,2004
Monash,94 Burlington St,3166,12/1/2024,880000,3,14,1,1,670,118,
Monash,3 Estelle St,3166,11/1/2024,1045000,3,14,1,2,602,107,1950
Monash,1/1478 Dandenong Rd,3166,12/1/2024,690000,3,14,1,2,340,103,
Monash,53 William St,3166,11/1/2024,1050000,3,14,2,2,544,146,1970
Monash,1249 North Rd,3166,12/1/2024,,3,14,1,2,691,140,1950
Monash,13 Hilbert Ct,3166,12/1/2024,1033000,3,14,1,2,548,115,1975
Monash,3/21 John St,3166,10/1/2024,,2,14,1,1,156,,
Monash,1472 Dandenong Rd,3166,12/1/2024,750000,2,14,2,2,607,138,1950
Monash,197 Huntingdale Rd,3166,11/1/2024,1025000,3,14,1,2,543,139,
Monash,1/233 Huntingdale Rd,3166,10/1/2024,637000,3,14,1,2,119,,1970
Monash,1/157 Atherton Rd,3166,11/1/2024,633500,3,14,2,2,279,95,
Monash,62 Eastgate St,3166,10/1/2024,1180000,4,14,1,2,604,183,1965
Monash,36 Hatter St,3166,10/1/2024,1225000,3,14,1,2,528,112,
Monash,5 Grant St,3166,11/1/2024,1600000,5,14,3,2,695,305,2015
Port Phillip,26 Bell St,3185,10/1/2024,755000,2,7.4,2,1,66,111,2005
Port Phillip,13/209 Hotham St,3185,10/1/2024,520000,2,7.4,1,1,0,74,1971
Yarra,72 Cubitt St,3121,10/1/2024,,2,2.5,1,2,176,114,
Yarra,301/163 Cremorne St,3121,10/1/2024,425000,1,2.5,1,1,0,52,2007
Yarra,443 Punt Rd,3121,,1280000,3,2.5,2,2,324,165,
Yarra,443 Punt Rd,3121,10/1/2024,1475000,3,2.5,2,2,324,165,
Yarra,204/8 Balmain St,3121,12/1/2024,405000,1,2.5,1,1,0,,2007
Yarra,18 Chapel St,3121,10/1/2024,1015000,2,2.5,1,1,131,80,
Yarra,14 Dover St,3121,10/1/2024,930000,2,2.5,1,1,125,68,
Yarra,56 Wellington St,3121,10/1/2024,1900000,3,2.5,2,2,263,166,2016
Yarra,607/140 Swan St,3121,10/1/2024,662500,2,2.5,1,1,0,75,2015
Yarra,84 Chestnut St,3121,10/1/2024,831000,2,2.5,1,0,128,,
Yarra,175 Dover St,3121,10/1/2024,1010000,2,2.5,1,1,151,151,1998
Yarra,66 Green St,3121,10/1/2024,1300000,3,2.5,1,1,326,100,
Yarra,12 Melrose St,3121,10/1/2024,1300000,3,2.5,2,2,138,108,2001
Melbourne,202/440 Docklands Dr,3008,10/1/2024,1370000,4,1.9,2,2,0,,
Melbourne,1508/50 Lorimer St,3008,10/1/2024,800000,2,1.9,2,2,0,128,
Hobsons Bay,42 Watt St,3015,10/1/2024,930000,4,9.1,1,3,669,143,1950
Hobsons Bay,1/39 New St,3015,,650000,2,9.1,2,1,151,102,2011
Hobsons Bay,69 Watt St,3015,10/1/2024,985000,3,9.1,1,5,669,124,1950
Hobsons Bay,58 Kernot St,3015,,915000,4,9.1,3,1,662,265,2016
Hobsons Bay,2/77 Vernon St,3015,11/1/2024,392250,2,9.1,1,2,462,,1970
Hobsons Bay,1/11 New St,3015,10/1/2024,508000,3,9.1,1,2,144,92,1980
Hobsons Bay,2/3 New St,3015,10/1/2024,420000,2,9.1,1,1,78,130,1980
Hobsons Bay,1/72 Paxton St,3015,12/1/2024,506000,2,9.1,1,1,126,83,1975
Hobsons Bay,2/108 Blackshaws Rd,3015,11/1/2024,380000,2,9.1,1,1,78,62,1960
Hobsons Bay,56b Vernon St,3015,10/1/2024,611000,2,9.1,1,1,228,100,2000
Moonee Valley,4 Boeing Rd,3041,11/1/2024,1260000,4,12.5,2,2,697,277,2012
Moonee Valley,12 Boeing Rd,3041,,931999,4,12.5,3,2,528,192,1966
Moonee Valley,347 Mascoma St,3041,12/1/2024,800000,4,12.5,2,4,556,,
Moonee Valley,14 Elysee Ct,3041,11/1/2024,780000,4,12.5,2,2,539,,
Moonee Valley,61 Mooltan St,3032,,1257000,3,5.3,2,1,337,153,
Moonee Valley,110 Baroda St,3032,10/1/2024,1562000,4,5.3,2,1,621,192,
Moonee Valley,53 Mangalore St,3032,12/1/2024,1740000,4,5.3,3,2,650,242,
Moonee Valley,145/38 Mt Alexander Rd,3032,12/1/2024,315000,2,5.3,1,1,0,51,2012
Glen Eira,75 Grange Rd,3145,12/1/2024,1335000,5,9.3,2,1,521,208,
Hobsons Bay,13 Sussex St,3018,,1415000,5,12.7,3,6,705,313,2005
Brimbank,31 Swan St,3042,10/1/2024,720000,3,14.5,1,1,696,132,1975
Brimbank,5/8 Swan St,3042,12/1/2024,380000,2,14.5,1,1,161,100,2010
Brimbank,60 Erebus St,3042,11/1/2024,843000,4,14.5,2,1,697,,
Brimbank,2/90 Victory St,3042,10/1/2024,,3,14.5,1,1,255,132,1991
Brimbank,47 Victory St,3042,10/1/2024,722000,3,14.5,1,1,695,141,1970
Brimbank,44 Erebus St,3042,11/1/2024,746000,4,14.5,3,1,308,174,1970
Brimbank,2/125 Fosters Rd,3042,11/1/2024,455000,3,14.5,1,1,166,136,1999
Brimbank,3/550 Fullarton Rd,3042,10/1/2024,600000,4,14.5,2,1,231,146,2013
Brimbank,18 William St,3042,11/1/2024,575000,3,14.5,1,1,338,107,1960
Brimbank,35 Spence St,3042,10/1/2024,566000,3,14.5,2,2,554,129,1980
Glen Eira,66A Gardenvale Rd,3185,11/1/2024,1250000,3,9.8,2,2,236,193,2004
Glen Eira,2/32 Gardenia Rd,3185,11/1/2024,393000,2,9.8,1,1,0,65,1970
Glen Eira,7/32 Gardenia Rd,3185,10/1/2024,440000,2,9.8,1,1,0,75,
Glen Eira,1/18 Magnolia Rd,3185,10/1/2024,595000,2,9.8,1,1,0,75,1960
Glen Eira,25 Magnolia Rd,3185,,2200000,4,9.8,3,3,474,230,2010
Yarra,77 McIlwraith St,3054,12/1/2024,1908000,4,3.7,2,1,256,156,
Moonee Valley,2/65 Clifton St,3040,10/1/2024,1300000,3,9.1,3,2,240,240,2013
Moonee Valley,3/4 Combermere St,3040,12/1/2024,470000,2,9.1,1,1,70,72.3,1980
Moonee Valley,2 Derry St,3040,11/1/2024,1740000,4,9.1,2,2,746,161,1950
Port Phillip,4 Ashworth St,3206,12/1/2024,1700000,3,3.3,1,1,178,116,
Port Phillip,13/123 Beaconsfield Pde,3206,10/1/2024,,1,3.3,1,1,0,64,
Port Phillip,91 Page St,3206,10/1/2024,2150000,3,3.3,1,1,163,85,
Port Phillip,6 Gray La,3206,11/1/2024,2035000,3,3.3,1,1,185,,
Port Phillip,46 Withers St,3206,10/1/2024,1190000,2,3.3,1,0,111,70,
Darebin,3/34 Grange Rd,3078,10/1/2024,316000,1,6.4,1,1,0,,
Hobsons Bay,269 Blackshaws Rd,3025,,,3,11.1,1,2,606,109,1970
Hobsons Bay,23 Rymill Ct,3025,12/1/2024,910000,3,11.1,1,3,535,132,1970
Stonnington,8/15 Egerton Rd,3143,10/1/2024,480000,2,6.3,1,1,0,66.23,1960
Stonnington,4/48 New St,3143,10/1/2024,1635000,3,6.3,2,2,1803,,2011
Stonnington,1/5 The Terrace,3143,11/1/2024,852000,2,6.3,1,1,869,74,1980
Stonnington,6/581 Orrong Rd,3143,11/1/2024,405000,1,6.3,1,0,0,48,1966
Moonee Valley,8 Anderson St,3032,,2100000,5,5.9,3,3,468,274,
Moonee Valley,6 Munro St,3032,11/1/2024,1435000,3,5.9,1,1,450,155,
Moonee Valley,72 Bloomfield Rd,3032,11/1/2024,1020000,2,5.9,1,1,226,98,
Moonee Valley,75 Maribyrnong Rd,3032,11/1/2024,,6,5.9,3,2,1012,435,
Moonee Valley,5/9 Sandown Rd,3032,12/1/2024,900000,4,5.9,3,2,0,159,2011
Monash,5 Harcourt St,3147,11/1/2024,1495000,2,12.2,1,2,803,95,1950
Monash,1/7 Queens Pde,3147,10/1/2024,822000,2,12.2,1,1,78,59,1970
Monash,3/5 Yunki Ct,3147,10/1/2024,770000,2,12.2,1,2,162,,2010
Monash,2/5 Parkhill Dr,3147,10/1/2024,890000,3,12.2,2,2,235,130,2006
Moonee Valley,33a Deutscher St,3034,11/1/2024,765000,3,10.5,2,1,292,150,2008
Moonee Valley,39 Ridge Dr,3034,10/1/2024,881000,3,10.5,1,2,615,,
Moonee Valley,16 Cortina Pl,3034,11/1/2024,1300000,4,10.5,3,2,656,322,1990
Moonee Valley,53 Doyle St,3034,10/1/2024,760000,3,10.5,1,1,585,99,1960
Boroondara,25 Rookwood St,3104,12/1/2024,1900000,2,9.2,1,2,667,130,1955
Boroondara,2/21 Pavo St,3104,12/1/2024,700000,3,9.2,1,1,350,120,1950
Boroondara,35 Sylvander St,3104,11/1/2024,1890000,4,9.2,3,2,636,227,1960
Boroondara,16 Ventnor St,3104,10/1/2024,1725000,4,9.2,3,2,627,213,1970
Banyule,125 Oriel Rd,3081,11/1/2024,894000,3,9.5,2,3,601,101.51,1950
Glen Eira,197A Jasper Rd,3204,12/1/2024,1375000,3,13,3,2,338,194,2012
Glen Eira,25B Luckins Rd,3204,10/1/2024,1300000,4,13,2,2,352,,
Glen Eira,52a Tucker Rd,3204,11/1/2024,725000,2,13,1,1,0,115,2006
Glen Eira,1 Melva St,3165,10/1/2024,1515000,4,13.9,3,2,635,200,1950
Glen Eira,7 Celia St,3165,11/1/2024,986000,3,13.9,1,3,337,100,1950
Glen Eira,1/65 Blamey St,3165,11/1/2024,,3,13.9,1,2,290,,2006
Glen Eira,28B Barrington St,3165,11/1/2024,1225000,3,13.9,2,2,372,180,2008
Glen Eira,1/62 Tudor St,3165,11/1/2024,810000,3,13.9,1,1,294,105,1950
Glen Eira,2/16 Argyle St,3165,12/1/2024,535000,2,13.9,1,1,1026,68.11,1970
Glen Eira,15 Lilac St,3165,10/1/2024,1292000,4,13.9,1,2,587,161,1950
Glen Eira,68 Mawby Rd,3165,11/1/2024,1165000,3,13.9,1,2,589,158,
Glen Eira,978 North Rd,3165,10/1/2024,,3,13.9,2,2,557,119,1960
Whitehorse,5/10 Camelia St,3128,10/1/2024,780000,2,13.1,1,1,171,80,2014
Whitehorse,35 Barkly St,3128,12/1/2024,1760000,3,13.1,1,2,689,152,
Whitehorse,11 Howard St,3128,12/1/2024,2080000,3,13.1,2,2,693,158,
Maribyrnong,96 Duke St,3019,10/1/2024,,2,10.8,1,2,555,74,1950
Maribyrnong,16 Menzies St,3019,10/1/2024,760000,2,10.8,1,1,604,82,1950
Maribyrnong,13/25 Marnoo St,3019,10/1/2024,441700,3,10.8,2,1,145,107,2003
Maribyrnong,10 Sedge Cl,3019,10/1/2024,1000000,4,10.8,3,2,475,319,2002
Maribyrnong,30 Shepherd St,3019,12/1/2024,730000,3,10.8,1,3,586,,
Bayside,33 Brickwood St,3186,11/1/2024,2575000,3,11.2,2,2,517,195,
Bayside,81 Carpenter St,3186,11/1/2024,2900000,4,11.2,4,2,473,292,2013
Bayside,161 Church St,3186,10/1/2024,5800000,5,11.2,4,4,1276,,
Bayside,2 Normanby St,3186,11/1/2024,2225000,3,11.2,2,2,0,167,1980
Bayside,147 North Rd,3186,11/1/2024,,2,11.2,1,1,444,182,
Bayside,24 North Rd,3186,11/1/2024,4225000,4,11.2,2,2,920,333,1990
Bayside,8/20 Yuille St,3186,10/1/2024,2100000,3,11.2,2,4,0,145,1970
Bayside,3/136 New St,3186,,1392000,3,11.2,2,1,188,,
Bayside,38/568 New St,3186,10/1/2024,520000,2,11.2,1,1,1647,73,2004
Bayside,3/1 Thomson St,3186,12/1/2024,2000000,4,11.2,2,2,286,283,1999
Bayside,39 Warleigh Gr,3186,12/1/2024,1350000,2,11.2,1,1,873,,
Bayside,56 Asling St,3186,11/1/2024,1990000,3,11.2,2,2,0,189,
Bayside,5 Blairgowrie Ct,3186,,3025000,3,11.2,2,4,649,195,1967
Bayside,3/12 Wellington St,3186,12/1/2024,,3,11.2,2,2,0,109,1975
Bayside,7 Billson St,3187,11/1/2024,2140000,5,10.7,2,2,780,206,1950
Bayside,40 Hodder St,3187,12/1/2024,1635000,3,10.7,1,1,597,131,
Bayside,7 Holmhurst Ct,3187,11/1/2024,1700000,4,10.7,3,2,312,118,1950
Bayside,55 Milroy St,3187,11/1/2024,1900000,5,10.7,3,2,583,271,2009
Bayside,7/36 Union St,3187,,,3,10.7,2,1,119,160,2000
Moreland,129 Glenlyon Rd,3056,10/1/2024,1652000,3,5.2,1,2,506,196.8,
Moreland,3/15 Mitchell St,3056,10/1/2024,735000,2,5.2,1,2,173,77,1970
Moreland,217 Victoria St,3056,12/1/2024,1210000,3,5.2,1,0,282,112,
Moreland,4/287 Albion St,3056,10/1/2024,412000,1,5.2,1,1,85,,
Moreland,2/199 Barkly St,3056,10/1/2024,,1,5.2,1,1,0,58,2010
Moreland,10 Bennie St,3056,12/1/2024,1115000,3,5.2,1,1,249,116,
Moreland,2/15 De Carle St,3056,12/1/2024,320000,2,5.2,1,1,638,48,1970
Moreland,38 Edward St,3056,12/1/2024,1260000,3,5.2,2,1,192,120,
Moreland,1/19 Manallack St,3056,10/1/2024,1210000,4,5.2,2,1,373,200,2009
Moreland,94 Davies St,3056,11/1/2024,1385000,4,5.2,2,4,650,173.45,1950
Moreland,25/5 Evans St,3056,10/1/2024,981000,3,5.2,2,1,122,140,2012
Moreland,7/675 Park St,3056,11/1/2024,418000,1,5.2,1,1,0,51,1970
Moreland,7/200 Albion St,3056,,585000,2,5.2,1,1,430,258,2006
Moreland,6/1 Heller St,3056,10/1/2024,1900000,4,5.2,3,2,0,212,2012
Moreland,13 Goodman St,3056,,884000,2,5.2,1,0,148,75,
Moreland,64 Tinning St,3056,12/1/2024,957000,3,5.2,1,2,80,,
Moreland,2/139 Union St,3056,10/1/2024,480000,2,5.2,1,1,557,57,1960
Moreland,164 Blyth St,3057,11/1/2024,1310000,4,4.5,1,2,449,159,
Moreland,22 Hickford St,3057,10/1/2024,1283000,2,4.5,1,1,263,109,
Moreland,5 Linden St,3057,,1015000,2,4.5,1,0,137,67,
Moreland,503/200 Lygon St,3057,10/1/2024,500000,2,4.5,1,1,1556,,2013
Moreland,15/67 Nicholson St,3057,12/1/2024,435000,2,4.5,1,1,0,70,2011
Moreland,9/211 Weston St,3057,11/1/2024,835000,2,4.5,1,2,0,96,2005
Moreland,7 Weigall St,3057,12/1/2024,1500000,3,4.5,1,3,446,125,
Moreland,1/5 Allard St,3055,12/1/2024,407500,2,5.9,1,1,1097,67,1970
Moreland,22 Henderson St,3055,11/1/2024,825000,2,5.9,1,0,207,77,1950
Moreland,1 McLean St,3055,11/1/2024,645000,3,5.9,3,1,131,109,2008
Moreland,63A Hunter St,3055,11/1/2024,1220000,3,5.9,1,1,335,113,
Moreland,10 Shamrock St,3055,10/1/2024,1100000,3,5.9,2,1,169,139,
Moreland,2/31 Cumming St,3055,10/1/2024,,3,5.9,1,2,109,104,2010
Moreland,2/11 Howson St,3055,10/1/2024,640000,2,5.9,1,1,559,57,1970
Moreland,4/17 Howson St,3055,12/1/2024,545000,2,5.9,1,1,0,59,1970
Moreland,141 Pearson St,3055,11/1/2024,,4,5.9,2,2,518,160,1980
Manningham,1/15 Allen St,3105,12/1/2024,860000,3,11.8,1,1,0,110,1999
Manningham,2/1 Colite St,3105,10/1/2024,599900,2,11.8,1,2,135,76,1970
Manningham,4/62 Manningham Rd,3105,10/1/2024,910000,4,11.8,2,2,190,133,2000
Manningham,22 Russell St,3105,12/1/2024,,3,11.8,2,3,709,143,1970
Manningham,4 Robinson Gr,3105,,1730000,5,11.8,4,4,564,185,1955
Manningham,1/54 Furneaux Gr,3105,10/1/2024,760000,5,11.8,2,2,411,,
Whitehorse,24 Andrews St,3125,12/1/2024,1591000,6,11.7,2,2,665,209,1950
Whitehorse,1/24 Daniel St,3125,10/1/2024,975000,3,11.7,2,2,267,150,2012
Whitehorse,1/10 Gillard St,3125,,870000,2,11.7,1,1,271,160,
Whitehorse,362 Burwood Hwy,3125,,1815000,2,11.7,1,1,698,196,1960
Monash,37 Haig St,3125,12/1/2024,1590000,3,11.7,2,4,862,179.3,1950
Whitehorse,46 Cumming St,3125,12/1/2024,1601000,4,11.7,2,1,863,165,
Whitehorse,19 Pearce St,3125,10/1/2024,1225000,5,11.7,1,2,633,182,1960
Boroondara,114 Through Rd,3124,10/1/2024,,3,7.8,1,2,643,116,
Boroondara,29 Mabel St,3124,10/1/2024,2216000,4,7.8,2,0,670,176,
Boroondara,21 Radnor St,3124,,2110000,4,7.8,1,3,572,150,
Boroondara,3/18 Regent St,3124,12/1/2024,,2,7.8,1,2,239,,
Boroondara,20 Crellin Gr,3124,10/1/2024,1900000,2,7.8,1,3,633,134.3,1960
Boroondara,72 Hunter Rd,3124,10/1/2024,1620000,3,7.8,2,2,575,155,2000
Boroondara,6 Kingsley St,3124,10/1/2024,3550000,4,7.8,2,1,790,251,
Boroondara,21 Avenue Rd,3124,,1905000,3,7.8,1,2,400,145,
Boroondara,30 Moorhouse St,3124,10/1/2024,2990000,4,7.8,2,2,742,280,1997
Boroondara,1/16 Dower St,3124,12/1/2024,835000,3,7.8,1,1,112,85,1960
Boroondara,49 Mangarra Rd,3126,10/1/2024,8000000,5,9,5,4,2079,464.3,
Boroondara,17 View St,3126,10/1/2024,3725000,3,9,2,2,857,250,
Yarra,235 Amess St,3054,12/1/2024,3450000,4,3.2,2,1,515,203,
Yarra,72 Pigdon St,3054,12/1/2024,1290000,2,3.2,1,0,119,76.77,
Yarra,271 Canning St,3054,,2450000,5,3.2,3,2,268,,
Glen Eira,2/60 Woornack Rd,3163,12/1/2024,635000,2,11.4,1,1,0,73,1980
Glen Eira,3/9 Poplar Gr,3163,11/1/2024,305000,1,11.4,1,1,0,46,1960
Glen Eira,88A Truganini Rd,3163,10/1/2024,,3,11.4,2,2,515,156,
Glen Eira,4/49 Coorigil Rd,3163,11/1/2024,945000,3,11.4,1,2,1103,100,1987
Glen Eira,2/13 Emily St,3163,12/1/2024,603000,2,11.4,1,1,2,,
Glen Eira,26 Railway Rd,3163,,1667000,4,11.4,2,2,615,193,
Glen Eira,4/5 Gnarwyn Rd,3163,12/1/2024,330000,1,11.4,1,1,0,46,1960
Glen Eira,1/4 Kokaribb Rd,3163,,577000,3,11.4,1,1,0,84,1965
Glen Eira,3/1015 Glen Huntly Rd,3162,12/1/2024,535000,2,8.9,1,1,0,,
Glen Eira,8/54 Narong Rd,3161,12/1/2024,305000,1,8.1,1,1,750,43,1965
Glen Eira,2/686 Inkerman Rd,3161,10/1/2024,575000,2,8.1,1,1,0,,1970
Glen Eira,14/378 Dandenong Rd,3161,10/1/2024,742500,2,8.1,2,1,0,85,2011
Glen Eira,9/434 Kooyong Rd,3162,12/1/2024,630000,2,9.3,1,1,0,71,2003
Glen Eira,131 Sycamore St,3162,10/1/2024,1350000,3,9.3,2,1,305,129,
Glen Eira,12A Almond St,3162,12/1/2024,,2,9.3,1,2,311,,
Glen Eira,3/178 Sycamore St,3162,10/1/2024,490000,2,9.3,1,1,0,61,1960
Monash,4/6 Kelly St,3148,11/1/2024,701000,3,13.6,2,2,235,112,2000
Monash,1/29 Atkinson St,3148,12/1/2024,905000,3,13.6,1,2,418,132,1955
Monash,2/13 Batesford Rd,3148,12/1/2024,988000,3,13.6,2,2,286,124,2008
Monash,2/16 Westbrook St,3148,10/1/2024,820000,3,13.6,2,2,213,115,2012
Yarra,42 Grant St,3068,,1500000,3,3.4,1,1,230,127,
Yarra,15/14 The Esplanade,3068,11/1/2024,641000,2,3.4,1,1,72,90,1980
Yarra,15 Dally St,3068,11/1/2024,1250000,2,3.4,1,0,158,95,
Yarra,487 Hoddle St,3068,10/1/2024,1652500,3,3.4,1,0,276,170,
Yarra,72 Ramsden St,3068,10/1/2024,1660000,3,3.4,1,2,290,,
Yarra,14/14 The Esplanade,3068,11/1/2024,465000,1,3.4,1,1,0,45,1970
Moreland,41a Rennie St,3058,11/1/2024,495000,2,7.8,1,0,388,69,1960
Moreland,65 Victoria St,3058,,930000,2,7.8,1,0,275,106.2,
Moreland,3/28 Kendall St,3058,12/1/2024,781000,2,7.8,1,1,0,112.9,2014
Moreland,1/21 Queen St,3058,10/1/2024,677776,2,7.8,1,2,0,64,1980
Moreland,25 Beaumonde St,3058,12/1/2024,680000,4,7.8,2,1,3747,143,2006
Moreland,22/129 Harding St,3058,11/1/2024,824000,3,7.8,1,2,120,113.76,1990
Moreland,51 Gordon St,3058,11/1/2024,1500000,4,7.8,2,1,453,187,
Moreland,34 Reynard St,3058,10/1/2024,1005000,4,7.8,2,1,172,135,
Moreland,19 Spring St,3058,11/1/2024,901000,4,7.8,2,1,398,123,1950
Moreland,14 Alice St,3058,,990000,3,7.8,1,3,414,153.1,
Moreland,1 Balloan St,3058,10/1/2024,1455000,6,7.8,3,4,768,285,1997
Moreland,3 Beckwith St,3058,12/1/2024,1250000,3,7.8,2,2,500,148,
Moreland,110 Bell St,3058,10/1/2024,710000,3,7.8,1,1,160,120,
Moreland,24 Florence St,3058,10/1/2024,1790000,5,7.8,3,2,635,108,
Moreland,4/34 Gladstone St,3058,11/1/2024,650000,2,7.8,1,1,136,81,1975
Moreland,69 Victoria St,3058,12/1/2024,,3,7.8,2,2,531,112,2016
Moreland,69 Victoria St,3058,10/1/2024,720000,3,7.8,2,2,531,112,2016
Yarra,4/67 Easey St,3066,12/1/2024,535000,2,1.6,1,1,0,63,1970
Yarra,3A Blanche St,3066,,1308000,3,1.6,1,2,125,,1990
Yarra,1/78 Oxford St,3066,10/1/2024,945000,2,1.6,1,1,15900,98,
Yarra,3/108 Smith St,3066,12/1/2024,550000,1,1.6,1,0,0,,1995
Yarra,71 Palmer St,3066,11/1/2024,888000,2,1.6,1,0,112,100,
Yarra,2/18 Islington St,3066,10/1/2024,1000000,3,1.6,2,2,0,148,2005
Yarra,27 Balmain St,3121,,1350000,3,2.5,1,1,117,147,
Manningham,4 Ella Ct,3108,10/1/2024,1300000,4,13.9,2,2,872,185,1970
Manningham,8 Harcourt St,3108,10/1/2024,1400000,4,13.9,2,2,664,150,1980
Manningham,40 Wetherby Rd,3108,11/1/2024,1100000,4,13.9,3,2,661,170,1965
Manningham,4/2 Paul St,3108,10/1/2024,1090000,4,13.9,3,2,242,,1995
Manningham,9 Arthur St,3108,12/1/2024,1355000,3,13.9,1,1,814,120,1965
Moonee Valley,59 McCracken St,3040,,2020000,5,8,3,3,900,40,
Moonee Valley,203/964 Mt Alexander Rd,3040,10/1/2024,325000,1,8,1,1,0,50,
Moonee Valley,3 Crisp St,3040,12/1/2024,1652000,5,8,2,1,697,196,
Moonee Valley,42 Fitzgerald Rd,3040,11/1/2024,1131000,3,8,1,1,387,135,
Moonee Valley,14/44 Fletcher St,3040,11/1/2024,450000,2,8,1,1,0,74,
Moonee Valley,1/8 Glass St,3040,10/1/2024,310000,1,8,1,1,845,45,1977
Moonee Valley,3/48 Deakin St,3040,12/1/2024,700000,3,8,1,1,227,120,2005
Moonee Valley,1/41 Nimmo St,3040,10/1/2024,610000,2,8,1,1,0,75,2012
Moonee Valley,2/2 Roberts St,3040,11/1/2024,,3,8,2,1,411,159,1990
Moonee Valley,1/5 Thistle St,3040,10/1/2024,350000,1,8,1,1,46,,1970
Moonee Valley,4/11 Stanley St,3040,11/1/2024,426500,1,8,1,1,62,53,1960
Yarra,11/272 Heidelberg Rd,3078,11/1/2024,676000,2,5.8,1,1,0,87,2002
Darebin,3 Gillies St,3078,12/1/2024,1500000,3,5.8,1,2,574,150,
Moreland,3 Brian St,3060,12/1/2024,660000,3,12.4,1,2,585,88,1960
Moreland,29 Jennifer St,3060,10/1/2024,741000,3,12.4,1,3,578,128,1960
Moreland,42a Murray St,3060,,532000,3,12.4,2,1,207,205,2007
Moreland,43 Preston St,3060,10/1/2024,698000,3,12.4,1,1,602,,
Moreland,42 Hedley St,3060,12/1/2024,1000000,3,12.4,1,2,1069,120,1960
Moreland,2/99 Major Rd,3060,,328000,2,12.4,1,1,0,67,1970
Moreland,41 McBryde St,3060,10/1/2024,543500,3,12.4,3,3,247,103,2011
Yarra,7/110 Miller St,3068,12/1/2024,330000,1,3.5,1,1,0,32,1970
Yarra,167 Alexandra Pde,3068,12/1/2024,846000,2,3.5,1,0,160,119,
Yarra,43 Woodside St,3068,11/1/2024,1802500,2,3.5,2,1,182,,
Yarra,3 Rowe St,3068,12/1/2024,,3,3.5,1,1,340,,
Yarra,236 Barkly St,3068,12/1/2024,1055000,2,3.5,1,0,192,85.2,
Moonee Valley,10 Dartford St,3031,10/1/2024,1250000,3,4.4,2,2,226,140,2002
Moonee Valley,84 Canterbury St,3031,12/1/2024,953000,2,4.4,1,0,274,103,
Moonee Valley,11/300 Racecourse Rd,3031,12/1/2024,603000,2,4.4,1,1,0,96,
Moonee Valley,143 Victoria St,3031,12/1/2024,940000,3,4.4,1,1,320,110,
Moonee Valley,20 Bryant St,3031,10/1/2024,1550000,5,4.4,1,1,432,200,
Moonee Valley,8/64 Dover St,3031,,500000,2,4.4,1,1,0,72.9,1970
Moonee Valley,16/60 Farnham St,3031,12/1/2024,450000,2,4.4,1,1,0,62,1970
Moonee Valley,1/44 Ascot Vale Rd,3031,10/1/2024,,2,4.4,1,1,472,55,1960
Moonee Valley,75 Farnham St,3031,12/1/2024,1205000,3,4.4,1,0,251,,
Moonee Valley,8A John St,3031,,1085000,3,4.4,1,1,180,132,1991
Moonee Valley,121 Princes St,3031,10/1/2024,,2,4.4,1,0,209,75,
Moonee Valley,54 Princes St,3031,10/1/2024,917000,3,4.4,1,0,143,136,
Maribyrnong,75 MacPherson St,3011,11/1/2024,885000,2,6.4,1,0,267,99.5,
Maribyrnong,17/6 Rosamond Rd,3011,11/1/2024,,2,6.4,2,1,0,70,2011
Maribyrnong,2/119 Summerhill Rd,3011,10/1/2024,760000,3,6.4,1,1,219,3,2011
Maribyrnong,7 The Crescent,3011,10/1/2024,1270000,3,6.4,1,1,452,,
Maribyrnong,47 Shepherd St,3011,12/1/2024,871000,3,6.4,1,1,267,101,
Maribyrnong,27 MacPherson St,3011,10/1/2024,882000,2,6.4,1,0,172,80,
Maribyrnong,39 Moore St,3011,10/1/2024,895000,3,6.4,1,2,272,106,
Glen Eira,8/131 Grange Rd,3163,10/1/2024,260000,1,10.4,1,1,1162,44,1965
Stonnington,20 Wills St,3146,10/1/2024,1452000,3,9.2,2,2,269,184,1997
Boroondara,10 Morell St,3146,10/1/2024,1800000,3,9.2,1,3,732,138,1950
Stonnington,2/15 Scott Gr,3146,11/1/2024,1253000,3,9.2,2,2,0,131,1995
Boroondara,4 Rowen St,3146,12/1/2024,1760000,4,9.2,3,3,622,160,
Stonnington,184 Finch St,3146,10/1/2024,,3,9.2,3,2,662,265,1988
Boroondara,28 Martin Rd,3146,10/1/2024,1601000,3,9.2,1,2,453,102,
Boroondara,2/8 Lithgow St,3146,11/1/2024,910000,2,9.2,1,1,157,97,1970
Moreland,1 Meadowbank St,3046,10/1/2024,780000,3,13,1,2,742,101,1970
Moreland,6/5 Murrell St,3046,12/1/2024,420000,2,13,2,1,1137,82,2009
Moreland,19 Wheatsheaf Rd,3046,10/1/2024,895000,3,13,1,2,697,148,1955
Moreland,67 Morley St,3046,,885000,3,13,1,2,751,145,1972
Moreland,17 Bindi St,3046,10/1/2024,597500,3,13,1,2,663,84,1950
Moreland,91 Gowrie St,3046,11/1/2024,822000,3,13,1,2,738,107.4,1960
Moreland,1/217 West St,3046,11/1/2024,645000,5,13,1,1,227,152,2013
Moreland,1/26 York St,3046,12/1/2024,595000,3,13,1,2,258,142.6,2001
Moreland,2 Ila St,3046,11/1/2024,1050000,4,13,3,2,715,271,1970
Moreland,59 Pecham St,3046,11/1/2024,705000,3,13,1,2,694,110,1960
Moreland,3/15 Harold St,3046,12/1/2024,,3,13,2,2,0,118,2009
Moreland,1/14 Newton St,3046,10/1/2024,680000,3,13,2,2,243,133,2014
Moreland,11 Salisbury St,3046,12/1/2024,935000,3,13,1,2,666,176,1960
Moreland,56 Middle St,3046,10/1/2024,725000,3,12.1,1,2,585,,
Moreland,72 Sutherland St,3046,,740000,3,12.1,1,4,605,145,1960
Moreland,10 The Loop,3046,,880000,4,12.1,3,2,530,530,
Moreland,5A Neil St,3046,12/1/2024,630000,3,12.1,2,1,240,,
Bayside,4/8 Willis St,3188,11/1/2024,837000,2,13.7,2,1,516,92,2007
Bayside,125 Linacre Rd,3188,12/1/2024,2500000,4,13.7,3,2,684,317,2008
Bayside,1/12 Grenville St,3188,11/1/2024,,2,13.7,1,1,90,90,1962
Boroondara,7 Colvin Gr,3122,10/1/2024,1700000,3,4.6,1,2,338,132,
Boroondara,1/54 Liddiard St,3122,10/1/2024,440000,1,4.6,1,1,0,51,1960
Boroondara,9/10 Brook St,3122,12/1/2024,580000,2,4.6,1,1,1063,,
Boroondara,3/3 Glenroy Rd,3122,12/1/2024,535000,1,4.6,1,1,918,50,2006
Boroondara,15/9 Lisson Gr,3122,,635000,2,4.6,1,1,2679,78,1960
Boroondara,5/81 morang Rd,3122,11/1/2024,,1,4.6,1,0,0,55,1957
Boroondara,17/17 Park St,3122,10/1/2024,,1,4.6,1,0,322,,2009
Boroondara,28/168 Power St,3122,10/1/2024,360000,1,4.6,1,1,6494,77.5,1965
Boroondara,4/162 Barkers Rd,3122,10/1/2024,,1,4.6,1,1,0,,
Boroondara,31 Smart St,3122,10/1/2024,1800000,2,4.6,1,0,221,106,
Boroondara,12/5 Summerlea Gr,3122,11/1/2024,275000,1,4.6,1,0,479,30,1970
Boroondara,95 Church St,3122,10/1/2024,1525000,3,4.6,1,0,269,134,
Boroondara,12 Hunter St,3122,,,3,4.6,2,1,254,,
Boroondara,4 Manchester St,3122,12/1/2024,1750000,3,4.6,1,4,368,,
Boroondara,10/352 Auburn Rd,3122,12/1/2024,,2,4.6,1,0,0,82.3,1960
Boroondara,18/36 Anderson Rd,3123,10/1/2024,780000,3,7.5,1,1,0,,
Boroondara,6/36 Auburn Gr,3123,10/1/2024,500000,2,7.5,1,1,710,,
Boroondara,4/26 Redfern Rd,3123,12/1/2024,1264000,3,7.5,2,2,0,187,2010
Boroondara,41 Leura Gr,3123,10/1/2024,3600000,4,7.5,3,2,667,310,1988
Boroondara,13 Pleasant Rd,3123,10/1/2024,2425000,4,7.5,2,2,729,278,
Boroondara,1/27 Auburn Gr,3123,,1405000,3,7.5,2,2,185,185,1985
Boroondara,35 Auburn Gr,3123,10/1/2024,2102000,3,7.5,2,1,271,126,
Boroondara,16/330 Riversdale Rd,3123,10/1/2024,435000,2,7.5,1,1,1536,,
Boroondara,1/21 Auburn Gr,3123,11/1/2024,555000,2,7.5,1,2,0,64,1970
Boroondara,6/787 Burwood Rd,3123,12/1/2024,532000,2,7.5,1,1,0,,
Banyule,29 Martin St,3084,10/1/2024,1271000,3,10.6,2,2,330,171,2008
Banyule,14 Shelley St,3081,,665000,2,10.5,1,1,263,84,1992
Banyule,2/76 Porter Rd,3081,,575000,3,10.5,1,2,192,91,1995
Banyule,1 Shelley St,3081,11/1/2024,706000,4,10.5,1,2,374,113,
Banyule,18 Francis St,3081,12/1/2024,780000,2,10.5,1,1,433,,
Banyule,1/55 Outhwaite Rd,3081,11/1/2024,601000,3,10.5,2,2,200,,
Banyule,96 Southern Rd,3081,11/1/2024,805000,3,10.5,1,0,592,,
Banyule,23 Flinders St,3081,10/1/2024,,2,10.5,1,0,341,,
Banyule,79 Outhwaite Rd,3081,11/1/2024,657000,3,10.5,1,1,317,95,1950
Banyule,2/388 Waterdale Rd,3081,10/1/2024,630000,3,10.5,2,1,0,123,2015
Banyule,316 Liberty Pde,3081,11/1/2024,650000,2,9.4,1,2,465,81,1960
Banyule,25 Mulberry Pde,3081,12/1/2024,855000,3,9.4,1,2,658,99,1960
Banyule,6 Normanby Ct,3081,10/1/2024,613000,2,9.4,1,0,391,74,1960
Banyule,373 Liberty Pde,3081,11/1/2024,640000,3,9.4,1,2,476,200,1956
Monash,1/547 Neerim Rd,3166,12/1/2024,1340000,4,13,4,2,370,255.79,2006
Banyule,47 Waterdale Rd,3079,12/1/2024,1410000,4,7.9,2,1,449,252,
Banyule,55 Livingstone St,3079,12/1/2024,1650000,4,7.9,2,1,589,185,
Banyule,8/1088 Heidelberg Rd,3079,10/1/2024,,2,7.9,1,1,1465,,
Banyule,3 Sylvan Ct,3079,10/1/2024,1851000,3,7.9,2,2,618,215,1960
Banyule,1/53 Norman St,3079,12/1/2024,1060000,3,7.9,0,0,219,,1980
Banyule,7 Robinhood Rd,3079,10/1/2024,2100000,2,9,1,2,1003,,
Banyule,325 The Boulevard,3079,,2325000,5,9,3,2,737,325,2008
Banyule,475 The Boulevard,3079,10/1/2024,2400000,3,9,2,2,1132,240,1950
Brimbank,7 Donnelly Ct,3021,12/1/2024,,4,15,2,2,658,198,1980
Brimbank,14 Rowan Dr,3021,12/1/2024,570000,3,15,1,2,557,,
Moonee Valley,63 Park Dr,3033,11/1/2024,843000,3,12.8,2,4,573,176,1980
Moonee Valley,188 Rachelle Rd,3033,,835000,3,12.8,2,2,700,126,1980
Moonee Valley,87A Wyong St,3033,12/1/2024,635000,3,12.8,2,1,162,115,2015
Moonee Valley,12 Cecelia Dr,3033,12/1/2024,745000,3,12.8,1,1,535,134,1980
Moonee Valley,3 Pennington St,3033,11/1/2024,941000,3,12.8,1,1,703,111,1965
Moonee Valley,17 Janet St,3033,11/1/2024,912000,3,12.8,1,3,660,,
Boroondara,23 Uvadale Gr,3101,10/1/2024,3800000,5,5.6,5,3,609,424,1970
Boroondara,6/87 Earl St,3101,11/1/2024,,3,5.6,2,2,0,102,1980
Boroondara,62 Wiltshire Dr,3101,,690000,3,5.6,1,2,111,3,
Boroondara,48 Malin St,3101,,2600000,4,5.6,2,0,320,186.36,
Boroondara,8 Mawson St,3101,11/1/2024,4515000,5,5.6,4,2,800,490,2012
Boroondara,2/64 Normanby Rd,3101,,820000,2,5.6,1,1,826,95,1960
Boroondara,3/89 Earl St,3101,10/1/2024,,3,5.6,2,2,247,147.2,2007
Boroondara,2/14 Westbrook St,3102,12/1/2024,590000,2,7.5,1,1,838,70,1970
Boroondara,136 Kilby Rd,3102,12/1/2024,1402000,3,7.5,2,2,422,120,1950
Maribyrnong,87 Chirnside St,3012,12/1/2024,1190000,3,7.8,1,1,276,105,
Maribyrnong,100 Coronation St,3012,10/1/2024,,4,7.8,1,1,318,145,1960
Maribyrnong,363 Geelong Rd,3012,11/1/2024,860000,3,7.8,1,3,555,168,
Maribyrnong,18 Pullar St,3012,10/1/2024,472500,2,9.2,1,0,315,89,1990
Maribyrnong,1/1 Clarendon St,3012,,675000,3,9.2,2,2,159,128,2016
Maribyrnong,15/15 Eucalyptus Dr,3012,10/1/2024,405000,2,9.2,2,1,2787,75,2013
Maribyrnong,2/6 Spurling St,3012,10/1/2024,838000,4,9.2,2,2,294,194,
Maribyrnong,12 Winston St,3012,12/1/2024,930000,3,9.2,1,2,660,88,1955
Stonnington,5/11 Johnstone St,3144,10/1/2024,365000,1,7.4,1,1,0,46,1960
Stonnington,18 Chandlers Rd,3144,,2250000,3,7.4,2,2,192,191,2010
Stonnington,32 Chadstone Rd,3145,11/1/2024,2250000,3,11.2,1,2,840,170,1950
Stonnington,24 Kerferd St,3145,10/1/2024,3200000,4,11.2,2,2,709,214,
Stonnington,16 Tooronga Rd,3145,12/1/2024,2020000,3,11.2,2,2,711,196,
Stonnington,1/29 Grant St,3145,10/1/2024,1211000,2,11.2,1,1,259,99,1970
Stonnington,22 Quentin Rd,3145,11/1/2024,1380000,4,11.2,2,2,230,178,2007
Stonnington,2 Rotherwood Dr,3145,11/1/2024,1715157,4,11.2,3,2,380,160,2008
Stonnington,15 Winton Rd,3145,10/1/2024,,4,11.2,3,2,274,225.98,
Stonnington,414 Waverley Rd,3145,,1220000,3,11.2,1,2,446,134,1980
Maribyrnong,6 High Ct,3032,10/1/2024,1620000,5,8.7,3,2,601,274,2001
Maribyrnong,1A Riverview Ct,3032,11/1/2024,1190000,4,8.7,3,2,224,205,2015
Melbourne,601/616 Little Collins St,3000,12/1/2024,,4,2.8,2,1,0,213,
Melbourne,2208/380 Little Lonsdale St,3000,,333000,1,2.8,1,0,0,41,2010
Melbourne,402/455 Elizabeth St,3000,,452000,2,2.8,1,0,0,60,2006
Melbourne,203/551 Flinders La,3000,,275000,1,2.8,1,0,0,52,2000
Melbourne,1201/565 Flinders St,3000,,683000,2,2.8,2,1,1136,88,2009
Melbourne,204/300 Swanston St,3000,12/1/2024,640000,2,2.8,1,1,0,66,2005
Whitehorse,1 Howson Ct,3127,10/1/2024,2100000,4,11.8,2,5,719,271,1950
Moonee Valley,907/341 Ascot Vale Rd,3039,10/1/2024,439000,2,6.9,1,1,0,70,2005
Moonee Valley,75 Bowen St,3039,10/1/2024,1040000,2,6.9,1,2,313,95,
Moonee Valley,9 Corio St,3039,11/1/2024,1670000,3,6.9,2,2,803,166,
Moonee Valley,99 Eglinton St,3039,,1940000,4,6.9,2,3,675,228,
Moonee Valley,27/15 Moore St,3039,10/1/2024,560000,2,6.9,2,1,0,63,2015
Moonee Valley,109 Waverley St,3039,10/1/2024,1515000,4,6.9,2,3,574,203,
Moonee Valley,119 Park St,3039,,2300000,5,6.9,2,2,597,322,
Moonee Valley,20 Huntly St,3039,10/1/2024,970000,2,6.9,1,2,272,85,
Moonee Valley,6A McPherson St,3039,10/1/2024,1070000,3,6.9,1,2,231,130,1995
Moonee Valley,503/341 Ascot Vale Rd,3039,11/1/2024,542000,2,6.9,2,1,0,82,2004
Moonee Valley,65 Darling St,3039,11/1/2024,1240000,3,6.9,2,2,275,106,
Moonee Valley,25 George St,3039,12/1/2024,955000,4,6.9,2,3,431,246,
Glen Eira,7 Merrimu St,3163,,1656000,4,12.1,2,2,651,199,
Glen Eira,2/13 Walker St,3163,11/1/2024,707000,2,12.1,1,1,646,92,
Glen Eira,6/51 Murrumbeena Rd,3163,10/1/2024,582000,2,12.1,1,2,1113,93,2010
Glen Eira,5 Donal St,3163,10/1/2024,1255000,3,12.1,1,2,557,108,1950
Glen Eira,1/211 Murrumbeena Rd,3163,,535000,2,12.1,1,1,77,77,1970
Glen Eira,17/41 Murrumbeena Rd,3163,10/1/2024,586000,2,12.1,2,1,0,75,2013
Hobsons Bay,28 Agg St,3015,12/1/2024,1230000,4,8.4,2,1,402,146,
Hobsons Bay,74 Challis St,3015,12/1/2024,1560000,4,8.4,2,3,480,235,
Hobsons Bay,298 Douglas Pde,3015,10/1/2024,1400000,3,8.4,1,4,644,,
Hobsons Bay,12 Durkin St,3015,10/1/2024,1200000,3,8.4,1,0,484,,
Hobsons Bay,56 Hall St,3015,10/1/2024,890000,2,8.4,1,0,165,9,
Hobsons Bay,195 Blackshaws Rd,3015,12/1/2024,975000,3,8.4,2,2,333,192,2010
Hobsons Bay,7 Clyde St,3015,11/1/2024,1820000,5,8.4,2,7,760,229,
Hobsons Bay,17 Gordon St,3015,11/1/2024,900000,3,8.4,2,2,575,128,2017
Hobsons Bay,139 Blackshaws Rd,3015,12/1/2024,956000,4,8.4,2,4,540,113,1970
Hobsons Bay,74 Oxford St,3015,,1650000,4,8.4,1,4,837,173,
Hobsons Bay,74 Alma Tce,3015,10/1/2024,2337000,4,8.4,2,3,580,222,
Hobsons Bay,63 Hobson St,3015,12/1/2024,1075000,3,8.4,1,0,452,146,1950
Moonee Valley,13 George St,3042,10/1/2024,960000,3,11.2,1,2,626,,
Moonee Valley,21 Ryder St,3042,12/1/2024,810000,3,11.2,2,1,297,139,1955
Moonee Valley,2/34 Haldane Rd,3042,12/1/2024,510000,2,11.2,1,1,167,69,2013
Moonee Valley,4/503 Keilor Rd,3042,10/1/2024,,1,11.2,1,1,710,58,2015
Moonee Valley,1/79 Coghlan St,3042,10/1/2024,800000,3,11.2,2,2,202,151,2015
Moonee Valley,204/4 Hotham Rd,3042,10/1/2024,500000,3,11.2,1,1,1218,94,2012
Darebin,48 Charles St,3070,11/1/2024,1343000,2,5.5,1,1,263,,
Darebin,12/412 High St,3070,11/1/2024,680000,2,5.5,2,1,1106,70,2009
Darebin,2/19 Glanfield St,3070,10/1/2024,695000,2,5.5,1,1,120,,1975
Darebin,50 Herbert St,3070,,,3,5.5,1,0,191,108,
Darebin,23A Johnson St,3070,,995000,2,5.5,1,2,228,110,2004
Darebin,157 Bastings St,3070,11/1/2024,,5,5.5,2,0,406,225,
Darebin,118 Westgarth St,3070,11/1/2024,1822000,4,5.5,1,8,728,,
Darebin,6/229 Westgarth St,3070,10/1/2024,280000,1,5.5,1,1,0,,1970
Darebin,133 Beavers Rd,3070,,1050000,2,5.5,1,1,181,85,
Darebin,99 Kellett St,3070,10/1/2024,1235000,3,5.5,1,1,534,127,1960
Moreland,15 Kiama St,3046,10/1/2024,600000,2,11.5,1,1,161,112,2015
Moreland,1 Ash Gr,3046,10/1/2024,955000,3,11.5,1,2,690,,1950
Moreland,6 The Avenue,3046,11/1/2024,,3,11.5,1,2,220,90,1990
Moreland,126A Winifred St,3046,11/1/2024,755000,3,11.5,2,1,341,170,2003
Moreland,10 Magnolia St,3046,12/1/2024,1005000,5,11.5,3,2,647,,
Moreland,3/21 Lex Gr,3046,12/1/2024,648000,3,11.5,1,1,0,94,1998
Monash,12 Watsonia St,3166,10/1/2024,1615000,4,14,2,2,537,199,
Monash,1/1438 Dandenong Rd,3166,,,3,14,1,2,160,104,1970
Monash,24 Gadd St,3166,10/1/2024,,5,14,3,2,707,175,1955
Monash,7 Hilbert Ct,3166,,1145000,4,14,2,2,538,,
Monash,141 Atherton Rd,3166,10/1/2024,1600000,4,14,3,4,691,213,1950
Monash,110 Atkinson St,3166,12/1/2024,,4,14,2,2,598,222,
Glen Eira,39 Draper St,3204,10/1/2024,2250000,5,11.8,2,2,699,228,
Glen Eira,6/16 Walsh St,3204,10/1/2024,,2,11.8,1,1,0,74,1970
Glen Eira,2/1 Lillimur Rd,3204,12/1/2024,960000,3,11.8,2,2,199,167,1995
Glen Eira,286 Tucker Rd,3204,11/1/2024,1425000,4,11.8,2,2,314,189,2000
Melbourne,21 Morrah St,3052,12/1/2024,3970000,4,2.6,3,1,289,,
Melbourne,55 Park Dr,3052,12/1/2024,2790000,3,2.6,2,1,180,120,
Moreland,62 Devon Rd,3044,12/1/2024,755000,3,9.9,2,2,294,110,1950
Moreland,4 Dixon St,3044,10/1/2024,750000,2,9.9,1,2,531,,
Moreland,2 Ann St,3044,11/1/2024,999000,2,9.9,1,1,587,95,
Moreland,115 Derby St,3044,11/1/2024,800000,4,9.9,1,1,593,131,1970
Moreland,9 Bawden Ct,3044,12/1/2024,770000,4,9.9,1,2,596,130,1960
Moreland,1/142 Derby St,3044,12/1/2024,585000,3,9.9,1,1,0,129,2000
Moreland,5 Sims St,3044,10/1/2024,708000,3,9.9,1,2,321,94,1950
Moreland,10/43 Arndt Rd,3044,10/1/2024,427500,2,9.9,1,1,134,75,1988
Moreland,5/137 Northumberland Rd,3044,,560000,3,9.9,2,1,141,94,2009
Moreland,2A Bolingbroke St,3044,12/1/2024,520000,2,9.9,1,1,0,82,2011
Moreland,16 Hayes Pde,3044,11/1/2024,958000,5,9.9,2,2,706,166,1950
Port Phillip,281 Esplanade East,3207,10/1/2024,1400000,3,3.8,3,0,92,105,
Port Phillip,317/99 Dow St,3207,12/1/2024,520000,2,3.8,1,1,2166,54,2012
Port Phillip,301/115 Nott St,3207,12/1/2024,801000,2,3.8,2,1,0,90,2012
Port Phillip,203 Station St,3207,10/1/2024,2400000,3,3.8,2,2,368,226,
Port Phillip,204/52 Nott St,3207,11/1/2024,575000,2,3.8,1,1,7159,61,2008
Port Phillip,9/23 Beaconsfield Pde,3207,10/1/2024,2250000,2,3.8,2,2,0,,
Port Phillip,130 Clark St,3207,12/1/2024,,4,3.8,3,2,317,156,
Port Phillip,205/15 Pickles St,3207,10/1/2024,600000,2,3.8,1,1,0,61,2005
Port Phillip,55/4 Seisman Pl,3207,10/1/2024,1030000,2,3.8,2,2,21715,99,2005
Stonnington,111 Chomley St,3181,,1305000,2,4.5,1,1,210,,
Stonnington,303/10 Hillingdon Pl,3181,12/1/2024,645000,2,4.5,1,1,2842,84,
Stonnington,7/72 Williams Rd,3181,11/1/2024,550000,2,4.5,1,1,72,69,1976
Stonnington,4/605 High St,3181,,630000,2,4.5,1,1,0,59,1970
Stonnington,18/61 High St,3181,,,2,4.5,1,1,8220,87,1965
Stonnington,44 Spring St,3181,10/1/2024,860000,1,4.5,1,0,108,54,
Stonnington,205/201 High St,3181,,475000,2,4.5,1,1,0,,
Stonnington,26/670 Malvern Rd,3181,11/1/2024,888000,2,4.5,1,1,0,,
Darebin,14 West St,3072,10/1/2024,1190000,3,8.8,2,2,572,118,
Darebin,7 Leicester St,3072,10/1/2024,1121000,3,8.8,2,3,604,123,
Darebin,2/15 Percival St,3072,10/1/2024,715000,3,8.8,1,1,210,,1996
Darebin,53 William St,3072,12/1/2024,917500,3,8.8,2,2,472,123,1965
Darebin,31 Benambra St,3072,11/1/2024,800000,3,8.8,2,2,319,124,
Darebin,3 Carthew Gr,3072,12/1/2024,1075000,4,8.8,1,2,521,146,
Darebin,110 Raglan St,3072,10/1/2024,880000,3,8.8,2,2,242,103.6,
Darebin,118 Wood St,3072,11/1/2024,1020000,3,8.8,2,2,670,140,
Darebin,33 Grandview Rd,3072,11/1/2024,1000000,3,8.8,1,3,624,145,1950
Darebin,20 Ambon St,3072,12/1/2024,910000,3,8.8,1,1,674,90,1955
Darebin,2 Bruce St,3072,10/1/2024,2300000,2,8.8,1,2,465,,
Darebin,6 Adams St,3072,,690000,3,8.8,1,2,581,90,1960
Darebin,39 Malpas St,3072,12/1/2024,1100000,3,8.8,2,4,637,124,1950
Darebin,72 McNamara St,3072,11/1/2024,1055000,3,8.8,1,2,575,,
Darebin,3/152 Tyler St,3072,,385000,1,8.8,1,1,896,65,2011
Darebin,18 Zinnia St,3073,11/1/2024,595000,3,11.2,1,1,490,116,1970
Darebin,5 Carson St,3073,12/1/2024,665000,3,11.2,1,2,874,,
Darebin,11 Mais St,3073,10/1/2024,905000,4,11.2,2,2,696,142,1965
Darebin,33 McMahon Rd,3073,10/1/2024,845000,5,11.2,2,2,676,100,1960
Darebin,3/138 Rathcown Rd,3073,12/1/2024,,3,11.2,2,2,213,1,2012
Darebin,19 Tovey St,3073,12/1/2024,,4,11.2,3,3,697,213,1970
Darebin,22 Wilson Bvd,3073,,,3,11.2,1,2,435,102,1960
Darebin,96b Cheddar Rd,3073,11/1/2024,678500,4,11.2,1,2,606,,
Darebin,1 Delaware St,3073,10/1/2024,861500,2,11.2,1,1,419,100,
Darebin,21 Henty St,3073,10/1/2024,801000,3,11.2,1,1,551,115,1950
Darebin,2/6 Merrilands Rd,3073,10/1/2024,490000,2,11.2,1,1,143,85,2009
Darebin,1/74 Miranda Rd,3073,10/1/2024,605000,3,11.2,1,2,371,112,1950
Darebin,1/209 Purinuan Rd,3073,10/1/2024,652000,2,11.2,2,2,254,93,2007
Darebin,1/28 North Rd,3073,10/1/2024,,3,11.2,2,2,257,120,
Darebin,2/87 Purinuan Rd,3073,10/1/2024,375000,2,11.2,1,1,101,67,1980
Darebin,4/65 Thackeray Rd,3073,12/1/2024,505000,2,11.2,1,1,110,1,1960
Yarra,49 Garfield St,3121,10/1/2024,,2,2.6,1,1,113,118,2012
Yarra,4/39 Hunter St,3121,11/1/2024,1226000,2,2.6,1,1,826,99,1996
Yarra,118 Somerset St,3121,11/1/2024,1214000,3,2.6,1,0,176,106,
Yarra,308/633 Church St,3121,12/1/2024,790000,3,2.6,1,1,0,90,1999
Yarra,1/2 Little Kent St,3121,10/1/2024,,2,2.6,2,1,0,137,2002
Yarra,113A Richmond Tce,3121,10/1/2024,1785000,3,2.6,1,0,240,115,1958
Yarra,106/59 Stawell St,3121,10/1/2024,560000,2,2.6,1,1,7455,65,2008
Yarra,101/27 Dickmann St,3121,12/1/2024,690000,2,2.6,2,1,760,,2010
Yarra,43 Gardner St,3121,10/1/2024,1050000,2,2.6,1,0,134,63.7,
Yarra,6/323 Church St,3121,11/1/2024,1052000,3,2.6,1,2,0,100,2010
Yarra,2 Portland St,3121,12/1/2024,3000000,3,2.6,2,7,230,204,2011
Yarra,3 Kimber St,3121,10/1/2024,1330000,3,2.6,1,1,154,95,
Yarra,2 Moore St,3121,10/1/2024,911000,1,2.6,1,0,126,77,
Banyule,7/4 Banyule Rd,3084,12/1/2024,615000,2,11.4,1,1,190,105,1980
Maribyrnong,199 Buckley St,3011,10/1/2024,665000,2,6.6,1,0,269,80,
Port Phillip,20 Glover St,3205,11/1/2024,2240000,3,2.1,2,1,197,168,
Port Phillip,8/192 Cecil St,3205,11/1/2024,460000,1,2.1,1,1,0,42,1970
Port Phillip,5 Park Pl,3205,,650000,2,2.1,1,0,438,2,
Port Phillip,24B Dow St,3205,12/1/2024,,2,2.1,1,1,327,75,2004
Port Phillip,27 Lyell St,3205,12/1/2024,1820000,3,2.1,1,1,204,105,
Port Phillip,53/39 Dorcas St,3205,12/1/2024,680000,3,2.1,2,2,0,110.87,2003
Port Phillip,411/38 Bank St,3205,11/1/2024,710000,3,2.1,2,2,0,150,2001
Stonnington,6/38 Chambers St,3141,10/1/2024,1320000,3,3.3,2,2,15,15,
Stonnington,407/800 Chapel St,3141,12/1/2024,537000,1,3.3,1,1,0,,2000
Stonnington,14 Moore St,3141,12/1/2024,1214000,2,3.3,1,0,161,82,
Stonnington,9/384 Toorak Rd,3141,10/1/2024,485000,2,3.3,1,0,5467,73,1970
Melbourne,2/63 Domain St,3141,11/1/2024,920000,3,3.3,1,1,0,,1970
Stonnington,7 Cassell St,3141,10/1/2024,1710000,2,3.3,2,0,208,145,
Stonnington,5/9 Rockley Rd,3141,12/1/2024,792500,2,3.3,1,1,0,106,1970
Melbourne,13/47 Marne St,3141,10/1/2024,390500,1,3.3,1,0,775,46,1960
Port Phillip,13/220 Barkly St,3182,11/1/2024,610500,2,6.1,2,1,2920,84,2006
Port Phillip,23A Havelock St,3182,10/1/2024,1120000,2,6.1,1,0,135,74,
Port Phillip,2/25 Acland St,3182,,1077000,2,6.1,1,1,455,98,
Port Phillip,34 Acland St,3182,11/1/2024,1301000,2,6.1,1,1,165,97,
Port Phillip,25 Fawkner St,3182,10/1/2024,1440000,2,6.1,1,2,194,112,
Port Phillip,7/29 Marine Pde,3182,,1000000,3,6.1,1,0,0,115,
Port Phillip,1/23 Eildon Rd,3182,,1190000,3,6.1,1,1,460,140,1955
Port Phillip,105/60 Wellington St,3182,11/1/2024,482000,2,6.1,1,1,0,54,2004
Moonee Valley,18 Strathaird St,3041,,810000,4,9.7,1,1,543,137,1960
Moonee Valley,8 Jones Ct,3041,11/1/2024,1021000,3,9.7,2,2,371,183,2014
Moonee Valley,12 Loeman St,3041,11/1/2024,925000,3,9.7,3,1,555,293,
Moonee Valley,186 Mascoma St,3041,10/1/2024,,5,9.7,2,2,533,204,1965
Brimbank,54 Ardoyne St,3020,10/1/2024,940000,3,12.6,2,2,572,190,1950
Brimbank,138 Devonshire Rd,3020,10/1/2024,726000,4,12.6,2,0,567,95,1950
Brimbank,2 Colin St,3020,11/1/2024,990000,4,12.6,1,6,654,189,1950
Brimbank,10 Dundalk St,3020,12/1/2024,651500,3,12.6,1,1,555,,
Brimbank,69 Duke St,3020,10/1/2024,710000,3,12.6,1,0,483,93.84,1950
Brimbank,73 Monash St,3020,11/1/2024,840000,3,12.6,1,1,462,108,
Brimbank,25 Lincoln St,3020,10/1/2024,830000,3,13.3,1,2,608,,
Brimbank,3 Belmore Rd,3020,12/1/2024,775000,4,13.3,1,2,665,147,1980
Brimbank,90 McIntyre Rd,3020,10/1/2024,490000,3,13.3,1,1,546,145,1960
Brimbank,32 Killara St,3020,12/1/2024,716000,3,13.5,1,1,534,120,1975
Brimbank,1/10 Fremont Pde,3020,11/1/2024,515000,4,13.5,2,2,332,159,2006
Brimbank,27 Warmington Rd,3020,11/1/2024,530000,3,13.5,1,1,573,119,1970
Brimbank,91 Hilma St,3020,10/1/2024,685000,4,13.5,2,2,572,184,1967
Brimbank,133 David Dr,3020,12/1/2024,521000,3,13.5,3,2,134,124.45,2008
Brimbank,100 Links St,3020,12/1/2024,571000,3,13.5,1,1,757,100,1950
Whitehorse,2/35 Boisdale St,3127,10/1/2024,825000,2,11.2,1,2,180,85,1970
Whitehorse,61 Broughton Rd,3127,10/1/2024,1525000,3,11.2,2,2,347,195,2013
Boroondara,18 Empress Rd,3127,10/1/2024,1260000,2,11.2,1,0,269,124,
Boroondara,29 Weybridge St,3127,10/1/2024,2360000,4,11.2,2,2,764,265,
Boroondara,1/6 Blackburn St,3127,11/1/2024,1250000,2,11.2,2,1,323,96,1980
Boroondara,6A Thistle St,3127,11/1/2024,1600000,4,11.2,1,2,600,186,
Boroondara,68 Weybridge St,3127,10/1/2024,1652000,3,11.2,2,2,368,150,
Boroondara,8 Durham Rd,3127,10/1/2024,2370000,4,11.2,3,2,773,300,
Darebin,145 Shaftesbury Pde,3071,10/1/2024,1195000,3,6.5,1,2,463,131,
Darebin,4/2 Strettle St,3071,10/1/2024,716000,2,6.5,1,1,0,87,1995
Darebin,3/1 Smith St,3071,11/1/2024,998000,3,6.5,2,1,0,166,2001
Darebin,3/31 Clapham St,3071,11/1/2024,600000,2,6.5,1,1,0,59,1960
Darebin,35D Clapham St,3071,12/1/2024,1346000,3,6.5,2,2,349,130,
Darebin,292 Rathmines St,3071,11/1/2024,1275000,3,6.5,1,2,517,115,1950
Darebin,1/44 Hammond St,3071,11/1/2024,880000,3,6.5,1,2,242,117,1995
Darebin,58 Leinster Gr,3071,,960000,2,6.5,2,2,158,133,2007
Darebin,5 Shaftesbury Pde,3071,11/1/2024,1260000,2,6.5,1,0,317,96,
Darebin,68 Wilmoth St,3071,,1100000,2,6.5,1,1,330,132,
Banyule,6 Dawn Ct,3084,12/1/2024,1003000,4,13.8,2,2,619,,
Banyule,9 Rockaway Dr,3084,11/1/2024,1155000,4,13.8,2,3,780,217,1950
Banyule,5 Regis Ct,3087,12/1/2024,826000,5,14.9,1,2,545,132,1970
Banyule,12 Black St,3087,12/1/2024,952000,4,14.9,2,2,729,,
Banyule,25 Bungay St,3087,11/1/2024,,4,14.9,1,2,696,123,1956
Banyule,5 Daours Ct,3087,12/1/2024,932500,4,14.9,2,2,585,180,1950
Maribyrnong,61 Clive St,3012,12/1/2024,,4,8.2,2,2,523,244,
Maribyrnong,4/8 Margot St,3012,11/1/2024,470000,2,8.2,1,1,0,77,1975
Maribyrnong,6/350 Somerville Rd,3012,12/1/2024,502000,2,8.2,1,1,2701,79,2011
Maribyrnong,2/663 Barkly St,3012,10/1/2024,580000,3,8.2,1,0,183,104,
Maribyrnong,17/24 Dongola Rd,3012,11/1/2024,815000,3,8.2,1,2,203,3,
Maribyrnong,10 Neil St,3012,12/1/2024,970000,4,8.2,1,2,528,143,
Maribyrnong,15 Rupert St,3012,,1325000,4,8.2,2,4,525,188,
Maribyrnong,25 Tucker St,3012,12/1/2024,890000,3,8.2,1,3,334,,
Maribyrnong,16 Dove St,3012,12/1/2024,900000,3,8.2,1,0,218,,
Maribyrnong,4/38 Hampton Pde,3012,11/1/2024,266000,2,8.2,1,1,1059,65,1970
Maribyrnong,16 Hope St,3012,10/1/2024,830000,3,8.2,1,0,370,,
Maribyrnong,91 Suffolk St,3012,11/1/2024,888000,2,8.2,1,2,401,113.81,
Maribyrnong,1 Dongola Rd,3012,10/1/2024,935000,3,8.2,1,2,325,102,
Hobsons Bay,44 Electra St,3016,12/1/2024,2165000,4,8,2,2,450,190,
Hobsons Bay,8 Jobson St,3016,10/1/2024,1245000,3,8,2,2,292,117,1980
Hobsons Bay,73a Victoria St,3016,10/1/2024,2075000,4,8,3,2,324,229,2009
Hobsons Bay,2/77 Dover Rd,3016,12/1/2024,543000,2,8,1,1,0,78,1974
Hobsons Bay,8 Princes St,3016,12/1/2024,,3,8,1,0,308,120,
Hobsons Bay,35 Railway Pl,3016,12/1/2024,1290000,3,8,1,0,273,,
Hobsons Bay,10 Crofton Dr,3016,10/1/2024,2040000,5,8,3,2,531,288,1997
Hobsons Bay,8/97 Verdon St,3016,12/1/2024,465000,2,8,1,1,0,78,1970
Hobsons Bay,12/53 Morris St,3016,12/1/2024,550000,2,8,1,2,0,65,1990
Hobsons Bay,6 Caspian Tce,3016,11/1/2024,1200000,4,8,3,2,183,191,2006
Hobsons Bay,165 Osborne St,3016,,1630000,4,8,2,2,260,,
Maribyrnong,8 Gordon Pde,3013,10/1/2024,,3,7,1,2,340,119,
Maribyrnong,1/17 Gordon Pde,3013,11/1/2024,470000,2,7,1,1,79,,1965
Maribyrnong,54 Tongue St,3013,12/1/2024,2035000,4,7,2,0,607,201,
Maribyrnong,29 Wilson St,3013,10/1/2024,935000,3,7,1,0,198,98,1970
Maribyrnong,260 Francis St,3013,12/1/2024,892000,3,7,1,2,449,106.76,
Maribyrnong,1 Highgate St,3013,10/1/2024,985500,4,7,1,5,445,139,1977
Maribyrnong,2/150 Hyde St,3013,12/1/2024,,2,7,2,2,0,92,1985
Maribyrnong,10/51 Stephen St,3013,12/1/2024,397000,2,7,1,1,0,68,1975
Maribyrnong,455 Geelong Rd,3013,11/1/2024,650000,2,7,1,2,304,81,1960
Maribyrnong,292 Hyde St,3013,12/1/2024,750000,3,7,2,1,390,126,1980
Maribyrnong,183 Stephen St,3013,,970000,3,7,2,0,354,135,
Maribyrnong,66 Drew St,3013,10/1/2024,1256000,2,7,1,3,531,111,
Maribyrnong,3/11 Fielding St,3013,,1120000,3,7,2,0,152,170,2012
Maribyrnong,2C Castlemaine St,3013,10/1/2024,1425000,3,7,3,2,305,220,2007
Maribyrnong,40 Kingston St,3013,11/1/2024,872500,3,7,1,2,189,85,
Maribyrnong,46 MacKay St,3013,10/1/2024,,4,7,1,1,328,140,
Maribyrnong,12/35 Princess St,3013,12/1/2024,331000,1,7,1,1,0,54,1970
Maribyrnong,10 Salisbury St,3013,11/1/2024,950000,3,7,2,2,287,210.68,2002
Yarra,132 Vere St,3067,11/1/2024,1000000,3,2.5,1,0,198,98,
Yarra,6/205 Gipps St,3067,11/1/2024,870000,2,2.5,2,1,0,86,2013
Yarra,24 Cooke St,3067,10/1/2024,1050000,2,2.5,1,0,129,128,
Yarra,198 Gipps St,3067,12/1/2024,1242000,2,2.5,1,1,249,98,
Yarra,22 Lulie St,3067,,1165000,3,2.5,2,0,92,114,
Moonee Valley,33 Green St,3042,12/1/2024,720000,3,13.5,2,2,305,136,2008
Moonee Valley,25 Clydesdale Rd,3042,11/1/2024,985000,3,13.5,1,1,841,,
Moonee Valley,67 Halsey Rd,3042,11/1/2024,510000,3,13.5,1,1,488,217,1960
Moonee Valley,2/80 Hawker St,3042,11/1/2024,480000,2,13.5,1,1,128,92,2009
Brimbank,26 Wyalong St,3020,10/1/2024,800000,3,13.9,2,5,689,128,1951
Brimbank,1/141 Anderson Rd,3020,10/1/2024,420000,2,13.9,1,1,192,88,1970
Brimbank,2/36 Selwyn St,3020,,580000,3,13.9,2,2,250,129,2013
Brimbank,1/121 Anderson Rd,3020,10/1/2024,200000,1,13.9,1,1,1175,35,1970
Brimbank,67 Norwood St,3020,10/1/2024,621000,3,13.9,1,3,547,140,
Brimbank,2/62 Selwyn St,3020,,600000,3,13.9,1,1,181,129,2000
Hobsons Bay,196 Blyth St,3018,11/1/2024,1480000,5,13.8,3,4,725,201,1980
Boroondara,23 Solway St,3147,12/1/2024,2220000,4,11,3,2,480,244,2016
Boroondara,10A Head St,3103,,1380000,3,9.7,2,1,548,,
Boroondara,27A Yerrin St,3103,10/1/2024,1680000,3,9.7,3,1,329,178,2005
Hobsons Bay,6 Millers Rd,3012,11/1/2024,,2,10.9,1,2,780,156,1950
Melbourne,2/100 Keppel St,3053,10/1/2024,960000,2,1.8,2,1,0,90,
Melbourne,11/108 Elgin St,3053,11/1/2024,995000,2,1.8,2,1,0,110,2000
Melbourne,20/264 Drummond St,3053,10/1/2024,490000,1,1.8,1,1,0,51,2009
Banyule,39 Durham St,3084,12/1/2024,1750000,4,10.3,2,2,707,217,1956
Melbourne,402/166 Wellington Pde,3002,11/1/2024,503000,1,1.5,1,1,0,,
Glen Eira,9/39 Horne St,3185,11/1/2024,850000,3,8.5,2,2,114,145,1995
Glen Eira,8/37 Victoria St,3185,11/1/2024,,2,8.5,1,1,0,97,1960
Glen Eira,3/33 St Georges Rd,3185,12/1/2024,632500,2,8.5,1,1,0,76,1968
Port Phillip,4/88 Addison St,3184,10/1/2024,687000,2,7.7,1,1,1912,,1970
Port Phillip,12/10 Docker St,3184,10/1/2024,1260000,2,7.7,2,2,626,125,2008
Port Phillip,7/282 Barkly St,3184,,360000,1,7.7,1,0,0,39.5,1959
Port Phillip,23 Byron St,3184,12/1/2024,1520000,3,7.7,2,1,362,138,
Port Phillip,13 Cyril St,3184,12/1/2024,2275000,5,7.7,2,1,399,,
Port Phillip,14/125 Ormond Rd,3184,10/1/2024,800000,2,7.7,2,2,0,92,2001
Port Phillip,6/53 Tennyson St,3184,11/1/2024,500000,2,7.7,1,1,0,76,1960
Port Phillip,102/95 Ormond Rd,3184,10/1/2024,490000,1,7.7,1,1,0,53,2002
Moonee Valley,10 Cowper St,3041,12/1/2024,1291000,4,9.4,2,2,521,157,
Yarra,60 Argyle St,3065,10/1/2024,1100000,2,1.6,2,1,81,136,1990
Yarra,29 Bell St,3065,10/1/2024,1350000,2,1.6,1,2,6261,117,1999
Yarra,320/416 Gore St,3065,10/1/2024,600000,2,1.6,1,1,2122,,
Yarra,28 Greeves St,3065,11/1/2024,1350000,2,1.6,1,0,131,110,
Yarra,233 Gore St,3065,12/1/2024,1200000,2,1.6,1,0,63,,
Moreland,3 Birk Ct,3043,10/1/2024,,3,13.6,2,1,277,168,2010
Moreland,7 Adelaide Bvd,3043,11/1/2024,990000,4,13.6,2,2,702,170,2003
Moreland,13 Gowanbrae Dr,3043,,970000,4,13.6,2,3,737,265,2010
Hume,81 Johnstone St,3047,11/1/2024,485000,3,14.5,1,2,630,105.23,1970
Brimbank,7 Zagreb Ct,3042,,773000,3,14.5,2,2,650,150,1980
Melbourne,20 Bradfield La,3031,11/1/2024,425000,1,4.2,1,1,0,46,2000
Melbourne,217/71 Henry St,3031,,535000,2,4.2,2,1,2592,70,2012
Melbourne,10/2 Howlett St,3031,11/1/2024,500000,2,4.2,1,1,0,86,2000
Melbourne,9/11 Smith St,3031,12/1/2024,525000,2,4.2,1,1,0,73,2011
Melbourne,4/26 Barnett St,3031,,917500,3,4.2,1,1,98,101,1997
Melbourne,41 Kensington Rd,3031,10/1/2024,902500,3,4.2,1,1,0,125,2003
Port Phillip,158 Neville St,3206,11/1/2024,1300000,2,4.1,1,0,132,80,
Port Phillip,23 Nimmo St,3206,11/1/2024,2250000,3,4.1,2,1,148,146,
Kingston,3/29 Fiddes St,3189,10/1/2024,742500,2,14.6,1,1,179,101,2001
Kingston,239 Chesterville Rd,3189,,860000,3,14.6,1,2,601,104,1970
Melbourne,41 Chapman St,3051,12/1/2024,2161000,3,2.3,2,1,230,245,
Melbourne,5 Murphy St,3051,11/1/2024,1485000,3,2.3,1,1,198,95,1968
Melbourne,649 Queensberry St,3051,12/1/2024,940000,2,2.3,1,0,89,65,
Kingston,8 Lido Ct,3167,12/1/2024,770000,3,14.7,1,1,590,132,1960
Monash,4 Dalgan St,3167,10/1/2024,1410000,4,14.7,2,4,590,161,1950
Monash,2 Kaybrook Ct,3167,11/1/2024,,3,14.7,1,4,658,146,1950
Hobsons Bay,7A Brunel St,3015,,815000,3,9.1,2,2,148,,
Hobsons Bay,63 Saltley St,3015,11/1/2024,995000,3,9.1,1,0,669,,
Melbourne,4/5 Miles St,3006,12/1/2024,595000,2,1.2,1,1,0,75,1998
Melbourne,51/88 Wells St,3006,10/1/2024,580000,2,1.2,1,1,0,79,1995
Melbourne,9/120 Sturt St,3006,11/1/2024,580000,2,1.2,1,1,0,70,1994
Hobsons Bay,4/36 Robert St,3015,12/1/2024,380000,1,7.7,1,1,89,37,1980
Hobsons Bay,14 Robb St,3015,12/1/2024,1100000,3,7.7,1,0,305,115,
Hobsons Bay,1/39 Stephenson St,3015,,660000,3,7.7,1,1,221,120,2003
Stonnington,7/49 Bruce St,3142,11/1/2024,867000,2,4.6,1,1,1087,,
Stonnington,9/723 Orrong Rd,3142,10/1/2024,655000,2,4.6,1,1,1816,105,1960
Stonnington,5/3 Tahara Rd,3142,,840000,3,4.6,1,1,1678,94,
Stonnington,2/619 Toorak Rd,3142,10/1/2024,1010000,2,4.6,2,2,586,119,1990
Stonnington,6/696 Orrong Rd,3142,,750000,2,4.6,1,1,0,,1970
Stonnington,32/637 Orrong Rd,3142,12/1/2024,1320000,3,4.6,2,1,3,131,1970
Stonnington,4/5 Selwyn Ct,3142,,922500,3,4.6,1,2,4657,,1980
Hobsons Bay,2/60 Kororoit Creek Rd,3016,10/1/2024,670000,3,8.9,2,2,146,141,2001
Hobsons Bay,5 Nicosia Ct,3016,11/1/2024,1070000,3,8.9,2,5,442,249,2003
Hobsons Bay,27 Champion Rd,3016,11/1/2024,1575000,3,8.9,1,1,860,160,1950
Hobsons Bay,2/60 Kororoit Creek Rd,3016,10/1/2024,720000,3,8.9,2,2,146,141,2001
Hobsons Bay,4 Walter St,3016,11/1/2024,1045000,3,8.9,2,3,526,159,1990
Stonnington,14/27 Lewisham Rd,3181,11/1/2024,585000,2,5.1,1,1,0,79,1965
Stonnington,3/217 Dandenong Rd,3181,12/1/2024,854000,2,5.1,1,1,774,90,
Port Phillip,7/113 Punt Rd,3181,,,1,5.1,1,0,0,48,1975
Banyule,14 Borlase St,3085,10/1/2024,1060000,5,15,2,2,627,232,1960
Port Phillip,4/247 Inkerman St,3183,10/1/2024,450000,2,6.6,1,1,0,50,1960
Darebin,1/37 Clunes St,3083,11/1/2024,488000,3,12.4,1,1,260,150,1961
Melbourne,3/212 Roden St,3003,12/1/2024,1013000,2,1.9,2,1,0,130,2010
Moonee Valley,456/38 Mt Alexander Rd,3032,11/1/2024,360000,2,5.3,1,1,0,51,2010
Moonee Valley,118 Marshall Rd,3042,11/1/2024,640000,3,10.4,1,2,219,101.37,1960
Brimbank,2 Bazentin St,3020,10/1/2024,570000,3,10.5,1,0,423,142,
Yarra,6 Como St,3078,10/1/2024,2345000,4,5.7,2,2,803,,
Hobsons Bay,151 Chambers Rd,3025,12/1/2024,900000,3,9.4,1,2,672,110,1960
Boroondara,38 Belmore Rd,3103,10/1/2024,1475000,4,7.9,3,5,380,,
Boroondara,2/18 Doncaster Rd,3104,11/1/2024,,3,9.7,3,2,200,,
Boroondara,2/43 Sutton St,3104,10/1/2024,,3,9.7,2,2,226,127,1965
Knox,18B Orchard Rd,3153,10/1/2024,640000,3,23.2,2,1,187,125,2010
Maroondah,1/19 Glen Park Rd,3153,10/1/2024,500000,3,23.2,1,2,263,,1970
Bayside,11 White St,3193,10/1/2024,2000000,6,17.3,3,4,836,,
Glen Eira,48 Tucker Rd,3204,12/1/2024,1045000,3,11.4,1,1,401,114,1970
Glen Eira,1 Gladesville Dr,3165,11/1/2024,1220000,5,13.8,2,2,611,188,1950
Casey,96 Avebury Dr,3806,12/1/2024,627500,4,35.2,2,2,687,,
Banyule,31A Beaconsfield Rd,3088,11/1/2024,840000,3,16.1,1,2,509,120,2000
Bayside,20 Byron St,3186,12/1/2024,2650000,3,10.5,2,2,645,219,
Bayside,36/568 New St,3186,12/1/2024,,1,10.5,1,1,1993,46,2000
Bayside,160 Were St,3186,10/1/2024,3250000,5,10.5,3,2,835,,
Bayside,18 Centre Rd,3187,10/1/2024,1731000,4,10.3,3,2,345,239,2001
Hume,1/124 Cuthbert St,3047,,465000,3,14,2,3,248,123.21,2010
Hume,21 Graham St,3047,12/1/2024,518500,3,14,1,0,576,110,1999
Moreland,36 Newman St,3055,10/1/2024,1100000,3,5.2,1,1,322,,
Melton,31 Batman St,3023,11/1/2024,535000,3,14.8,2,2,472,230,2005
Whitehorse,2 Amaroo Ct,3151,11/1/2024,1088000,4,14.7,1,1,536,140.7481,
Brimbank,16 Homebush Rd,3023,12/1/2024,,3,14.8,2,2,397,145,2007
Boroondara,6/9 Eddy St,3124,,677000,2,7.7,1,1,131,76,1975
Boroondara,4/924 Toorak Rd,3124,12/1/2024,,3,7.7,2,2,227,223,2006
Boroondara,108/2 Gascoyne St,3126,10/1/2024,816000,2,8.4,2,1,8140,86.5,2015
Melbourne,5/50 Barkly St,3053,,,1,1.6,1,1,0,30.6,1970
Bayside,2/14 Jack Rd,3192,,950000,3,17.9,3,2,160,149,2013
Moreland,126 Barrow St,3058,12/1/2024,900000,2,6.7,1,1,350,100,
Moreland,12 Rasmussen Ct,3058,10/1/2024,922000,4,6.7,2,2,463,80,1960
Hume,13 Aston St,3064,11/1/2024,665000,4,20.6,2,2,756,236,2007
Hume,13 Brampton Cl,3064,,515500,3,20.6,1,4,651,117,1990
Hume,6 Vision Rd,3064,11/1/2024,660000,3,20.6,2,3,618,225.5,2014
Maroondah,8 Banool Ct,3136,10/1/2024,932000,4,23,2,2,880,225,1970
Maroondah,15 Ronald Rd,3136,10/1/2024,570000,2,23,1,1,312,110,1994
Maroondah,2/26 Vernon St,3136,,875000,4,23,2,2,244,,
Greater Dandenong,110 Gladstone Rd,3175,12/1/2024,627000,3,24.7,1,1,610,120,1970
Nillumbik,17 Norma St,3089,10/1/2024,621000,2,21.8,1,0,610,61,
Manningham,66 Saxonwood Dr,3109,,1856000,6,14.3,3,3,1056,322,1970
Manningham,1 Bernarra Ct,3111,12/1/2024,2705000,7,16.1,2,4,5022,409.54,2004
Whittlesea,33 Starboard Dr,3754,12/1/2024,530500,3,25.9,2,2,400,179,2012
Nillumbik,6 Orbel Ct,3095,10/1/2024,,3,18,2,0,848,127,1979
Whittlesea,59 Greenfields Dr,3076,11/1/2024,940000,4,19.6,3,2,508,364,2012
Whittlesea,2/4 Grimwade Ct,3076,12/1/2024,437000,2,19.6,1,2,351,109,2000
Moonee Valley,9/44 Fletcher St,3040,11/1/2024,310000,1,7.5,1,1,0,,
Moonee Valley,1/8 Graves St,3040,,864000,3,7.5,1,2,177,3,
Moonee Valley,10/30 Richardson St,3040,10/1/2024,291000,1,7.5,1,1,0,47,1970
Moonee Valley,6 Bourke St,3040,11/1/2024,750000,3,7.5,1,1,236,114,2000
Moonee Valley,36 Emerald St,3040,10/1/2024,2200000,5,7.5,3,2,607,291,2016
Yarra,108 Michael St,3068,,1350000,2,3.6,1,1,184,79,
Yarra,222 Rae St,3068,11/1/2024,1852000,3,3.6,2,1,138,125,
Maribyrnong,10/30 Pickett St,3011,10/1/2024,170000,1,5.1,1,0,30,26,2013
Frankston,17 Windoo St,3200,12/1/2024,611000,3,36.9,2,1,691,109,1960
Frankston,14 Poinciana St,3199,11/1/2024,,3,38,1,2,786,174,1960
Macedon Ranges,3 Sansom St,3437,,521000,4,45.9,2,2,978,144,1980
Hume,9 Dolphin Ct,3043,11/1/2024,625000,3,12.9,1,2,544,,
Stonnington,1/1484 Malvern Rd,3146,10/1/2024,,2,7.3,1,1,0,76,1965
Moreland,2/15 Ogden St,3046,12/1/2024,,3,11.2,1,1,194,133,2011
Banyule,2/12 William St,3088,12/1/2024,695000,2,16.1,2,1,208,107,2000
Bayside,46/15 Beach Rd,3188,,1210000,3,13.8,2,2,9838,152,2010
Bayside,1/23 Charming St,3188,10/1/2024,1140000,3,13.8,1,2,1469,204,
Boroondara,1/514 Glenferrie Rd,3122,10/1/2024,1000000,3,5.3,1,1,1079,90,
Boroondara,63 Liddiard St,3122,11/1/2024,2900000,4,5.3,1,3,636,156,
Boroondara,14/59 Riversdale Rd,3122,10/1/2024,450000,2,5.3,1,1,1540,71,1965
Yarra Ranges,15A Westmount Rd,3777,11/1/2024,650000,3,45.2,2,4,724,156.6,2009
Banyule,1 Bardia St,3081,10/1/2024,726500,3,8.8,1,0,593,95,1950
Bayside,2/25 Wilson St,3190,10/1/2024,645000,2,16,1,1,105,64,1970
Melton,3 Sage Cl,3037,10/1/2024,650500,5,18,2,2,615,213,2007
Monash,9/220 Huntingdale Rd,3166,11/1/2024,750000,3,12.3,2,2,321,87,2005
Hume,34 Bliburg St,3047,12/1/2024,650000,4,14,1,1,692,181,1960
Hume,12/1051 Pascoe Vale Rd,3047,11/1/2024,390000,2,14,1,1,165,89,1995
Brimbank,3 Medina Rd,3038,11/1/2024,735000,3,15.5,2,2,749,180,1979
Moonee Valley,18 Grandvalley Dr,3033,10/1/2024,520000,2,11.7,2,2,62,62,2014
Melbourne,17/120 Newman St,3031,,967000,3,3.4,2,2,0,120,1999
Melbourne,10 Rankins Rd,3031,12/1/2024,850000,2,3.4,1,0,133,,
Melbourne,9/11 Smith St,3031,11/1/2024,535000,2,3.4,1,1,0,70,2011
Boroondara,1/177 Brougham St,3101,10/1/2024,758000,2,5.4,1,2,901,,
Boroondara,2/13 Westbrook St,3102,10/1/2024,862000,2,7.3,1,1,1011,72,1970
Greater Dandenong,33 Turramurra Dr,3173,11/1/2024,761000,4,25.2,1,2,680,170,1970
Brimbank,12 Tanglewood St,3021,11/1/2024,,3,14,1,1,532,112,1975
Whittlesea,11 Benaroon Dr,3075,12/1/2024,750000,4,16.3,2,4,544,205,2008
Banyule,13 Anthony Cl,3093,10/1/2024,880000,5,14.6,2,2,725,,
Maribyrnong,14/4 Crefden St,3012,10/1/2024,280000,1,6.4,1,1,3826,55,2009
Maribyrnong,3/83 Mitchell St,3012,12/1/2024,895000,3,6.4,2,2,262,153,2004
Melton,38 Gretel Gr,3337,11/1/2024,320000,4,31.7,2,1,547,200,1986
Melton,21 Sandra St,3337,10/1/2024,480000,3,31.7,1,2,900,100,1980
Whittlesea,26 Coppice St,3754,10/1/2024,670000,4,25.9,2,2,512,221,2012
Whittlesea,6 Renaissance Bvd,3754,12/1/2024,,4,25.9,2,2,482,,
Whittlesea,2/2 Comeram Ct,3082,12/1/2024,460000,2,17.9,1,1,241,88,2000
Whitehorse,29 Fuller St,3132,10/1/2024,950000,3,17.2,1,2,608,138,1975
Whitehorse,2/2 Walter St,3132,11/1/2024,970000,3,17.2,2,1,263,146,2016
Banyule,349 Main Rd,3094,10/1/2024,655000,3,16.2,2,3,382,128,1970
Moonee Valley,6 Addison St,3039,11/1/2024,,4,6.2,2,2,431,,
Kingston,3 Bruthen St,3189,11/1/2024,1175000,3,14.3,2,6,650,,
Monash,12 Holskamp St,3149,11/1/2024,1205000,3,14.2,2,2,402,143,1960
Monash,2 Merton Cl,3149,10/1/2024,1385000,3,14.2,1,2,807,167,1970
Monash,24 Sunnyside Rd,3149,10/1/2024,2000000,3,14.2,1,2,1028,181,1965
Hobsons Bay,2A Gordon St,3015,11/1/2024,710000,2,6.2,1,2,120,121,2011
Hobsons Bay,34 Thorpe St,3015,,1330000,3,6.2,1,3,758,,
Melbourne,187 Errol St,3051,10/1/2024,962000,2,1.8,1,0,91,2,
Whitehorse,31 Olwen St,3131,11/1/2024,1100000,4,15.4,2,3,596,136,1975
Whitehorse,90 Springvale Rd,3131,11/1/2024,926000,3,15.4,1,0,738,,1954
Moreland,13 Kiama St,3046,12/1/2024,610000,2,11.2,1,1,182,112,2015
Glen Eira,2/21 Lillimur Rd,3204,10/1/2024,454000,1,11.4,1,1,1006,51,2010
Glen Eira,6/32 Walsh St,3204,12/1/2024,562000,2,11.4,1,1,0,88,1970
Kingston,13B Elm Gr,3195,11/1/2024,1000000,3,21.5,2,2,298,124,1995
Moreland,9 Dorset Rd,3044,10/1/2024,800000,3,8.5,1,2,287,,
Moreland,5 Fleming Gr,3044,11/1/2024,1501000,5,8.5,3,3,681,263,1960
Moreland,1 Virginia St,3044,10/1/2024,780000,4,8.5,2,3,555,128,1950
Wyndham,23 Bevan Ct,3030,10/1/2024,660000,5,14.7,2,2,571,227.6,2011
Port Phillip,6/156 Bay St,3207,10/1/2024,1631000,3,3.5,2,2,0,,
Port Phillip,107 Stokes St,3207,11/1/2024,2450000,4,3.5,3,2,210,210,2010
Darebin,111 Boldrewood Pde,3073,12/1/2024,840000,3,12,1,4,614,120,1960
Darebin,3/76 Southernhay St,3073,12/1/2024,668500,2,12,2,1,138,104.63,2014
Yarra,7/129 Hoddle St,3121,12/1/2024,890500,2,2.4,2,2,180,123,
Melton,2013 Western Hwy,3335,,340000,2,23.8,1,0,609,,
Knox,11 Jindalee Cl,3178,10/1/2024,870000,5,23.5,2,2,733,217,1986
Bayside,6/76 Bay Rd,3191,,643500,2,15.2,1,1,0,67,1970
Frankston,3/7 East Rd,3198,12/1/2024,572000,3,35.4,2,2,264,127,2002
Maribyrnong,57 Charles St,3011,,850000,2,5.1,1,1,152,91,
Whittlesea,15 Ferncroft Dr,3752,12/1/2024,,4,20.5,2,2,505,222,2009
Stonnington,23/350 Toorak Rd,3141,12/1/2024,1235000,3,2.7,2,1,0,120,
Greater Dandenong,24 Garnsworthy St,3171,10/1/2024,752500,3,20.8,1,2,623,99,1950
Brimbank,12 Altyre Ct,3021,10/1/2024,565000,3,14,1,2,614,110,1975
Brimbank,9 Gray Ct,3021,11/1/2024,610000,3,14,1,2,563,171,1989
Port Phillip,14/12 Fitzroy St,3182,12/1/2024,350000,1,5,1,1,0,41,2005
Port Phillip,6/19 Herbert St,3182,11/1/2024,525000,2,5,1,1,0,60,1970
Port Phillip,15/2 Redan St,3182,12/1/2024,517500,1,5,1,0,980,74,
Port Phillip,7/27 Robe St,3182,,,2,5,1,1,881,49,1993
Hume,11 Bannermann St,3429,10/1/2024,580000,4,31.7,2,2,613,221,2011
Hume,60 Heysen Dr,3429,11/1/2024,420000,3,31.7,1,2,466,101,1985
Brimbank,38 Collenso St,3020,10/1/2024,765000,4,10.5,2,2,690,,
Whitehorse,1093 Riversdale Rd,3127,11/1/2024,2100000,3,10.2,1,9,841,124,1960
Wyndham,2 Skylark Ct,3029,10/1/2024,526000,3,18.4,2,2,407,146,2010
Melton,3 Highlander Ct,3037,10/1/2024,605500,4,18,2,2,724,193,2002
Brimbank,16 Shoppers La,3038,11/1/2024,427500,3,15.5,2,2,189,,
Manningham,30 John St,3107,11/1/2024,1705000,5,12.4,4,2,968,353,1970
Darebin,329 Gillies St,3071,11/1/2024,2070000,4,7,3,2,530,251,2016
Hume,4/48 Banksia Gr,3043,10/1/2024,,3,12.9,1,1,268,,
Hume,3 Henderson Rd,3043,10/1/2024,821000,4,12.9,1,6,763,,
Banyule,34 Toumlin Gr,3084,,905000,3,8.9,2,2,331,166,2001
Knox,53 Somes St,3152,11/1/2024,1015000,3,14.7,2,2,550,,
Wyndham,22 Kramer St,3030,10/1/2024,510000,3,14.7,2,2,658,125,1984
Maribyrnong,15 Alberta St,3012,12/1/2024,845000,3,6.4,1,2,422,109,1950
Wyndham,89 Sayers Rd,3027,10/1/2024,510000,4,17.6,2,2,443,443,
Whittlesea,20 Vanin St,3750,12/1/2024,525000,4,25.5,2,2,415,167.13,
Wyndham,5 Dakara Ct,3024,10/1/2024,480000,3,27.2,1,2,743,110,1990
Maribyrnong,72 Bishop St,3013,11/1/2024,1240000,3,6.3,3,6,668,,1990
Maribyrnong,67 Hawkhurst St,3013,11/1/2024,1115000,3,6.3,1,2,446,115,
Moonee Valley,5/257 Buckley St,3040,,507000,2,7.5,1,1,0,80,1960
Port Phillip,21 Greig St,3206,12/1/2024,2500000,3,3,2,1,165,148.5,
Brimbank,3 Clairmont St,3020,,787000,3,10.5,1,3,716,111,1955
Darebin,5 Ross St,3078,12/1/2024,2220000,4,5.7,2,3,580,184,
Stonnington,4/42 Adelaide St,3143,11/1/2024,700500,2,6.3,1,1,0,,
Stonnington,20 Cambridge St,3143,11/1/2024,2385000,3,6.3,1,0,256,130,
Moonee Valley,27 Hurtle St,3032,,1500000,3,4.3,3,1,382,218,2008
Boroondara,93A Ashburn Gr,3147,,1655000,4,10.2,3,2,510,240,2013
Boroondara,20 Ward St,3147,12/1/2024,2405000,4,10.2,2,2,604,125,
Boroondara,20 Hedderwick St,3104,,3100000,5,9.7,3,2,616,355,
Knox,32 Kumala Rd,3153,11/1/2024,,5,23.2,2,2,992,198,1970
Knox,17 Orange Gr,3153,10/1/2024,700000,3,23.2,2,1,509,140,1980
Knox,12 Pindari Dr,3153,10/1/2024,860000,4,23.2,3,2,304,155,1970
Bayside,71 Oak St,3193,10/1/2024,1470000,2,17.3,1,4,633,116,1960
Bayside,33 Reserve Rd,3193,12/1/2024,1660000,6,17.3,3,4,730,,
Glen Eira,56 Brewer Rd,3204,10/1/2024,1600000,4,11.4,2,2,604,,
Glen Eira,39A McArthur St,3204,,1200000,4,11.4,2,2,293,226,2012
Glen Eira,872 Centre Rd,3165,12/1/2024,1185000,3,13.8,2,2,644,145,
Glen Eira,38 Malane St,3165,11/1/2024,1620000,4,13.8,2,2,426,255,2014
Glen Eira,23 Manuka St,3165,10/1/2024,1580000,4,13.8,2,2,604,175,1950
Glen Eira,20 Northam Rd,3165,,1315000,3,13.8,1,2,617,353,
Whitehorse,48 Elder St,3130,,1695000,4,13.4,3,4,696,215,1950
Kingston,1/23 Bondi Rd,3196,12/1/2024,836000,3,27,2,2,407,134,1970
Knox,12 Briar St,3155,12/1/2024,780000,4,25,2,2,820,180,1975
Knox,27 Helene Ct,3155,,,4,25,1,3,730,153,1975
Banyule,1/3 Campbell Rd,3088,12/1/2024,637000,2,16.1,1,1,318,104,1980
Bayside,18/4 Dudley St,3186,11/1/2024,1400000,2,10.5,2,2,0,104,
Bayside,65A Durrant St,3186,11/1/2024,1175000,3,10.5,1,3,284,120,1970
Bayside,101 Male St,3186,10/1/2024,1935000,3,10.5,2,1,385,161,
Bayside,3 Bown Ct,3187,10/1/2024,2000000,5,10.3,3,2,645,249,1990
Moreland,326 Barkly St,3056,12/1/2024,,3,5.2,2,0,251,108,
Moreland,369 Barkly St,3056,11/1/2024,,2,5.2,1,1,234,106,
Moreland,18 Boase St,3056,,700000,2,5.2,1,1,61,112,2007
Moreland,34A Downs St,3056,10/1/2024,,2,5.2,1,1,240,109,1995
Moreland,8 Jones St,3056,11/1/2024,765000,2,5.2,2,1,77,88,2007
Moreland,102 Mitchell St,3056,10/1/2024,1400000,4,5.2,1,2,678,177,
Moreland,271 Edward St,3057,,1105000,2,4,1,2,173,79,
Moreland,408 Moreland Rd,3055,11/1/2024,1200000,3,5.2,1,1,473,,
Whitehorse,5/19 Hughes St,3125,12/1/2024,845000,4,10.4,3,2,94,184,
Whitehorse,18 Hale Ct,3151,10/1/2024,1032000,4,14.7,2,2,599,120,1960
Brimbank,2 Woodsdale Ct,3023,12/1/2024,821000,4,14.8,2,2,638,270.18,2009
Boroondara,2/42 Faversham Rd,3126,10/1/2024,,2,8.4,1,1,116,85,1960
Glen Eira,135 Leila Rd,3163,11/1/2024,,3,10.1,2,2,602,180,1970
Glen Eira,1/52 Leila Rd,3163,10/1/2024,1275000,3,10.1,2,2,750,132,1984
Glen Eira,163 Oakleigh Rd,3163,11/1/2024,1435000,3,10.1,2,2,430,161,
Melton,6 Alma La,3023,10/1/2024,600000,3,14.8,1,3,406,196,2005
Kingston,14 Parkside Bvd,3197,12/1/2024,529000,2,31.2,1,1,199,84,1970
Kingston,5 Rigby St,3197,,881000,3,31.2,1,2,538,,
Kingston,3 Walkers Rd,3197,12/1/2024,,4,31.2,2,2,633,134,
Glen Eira,2/218 Kambrook Rd,3162,11/1/2024,650000,2,8.7,2,1,0,99,2010
Glen Eira,3/19 Hawthorn Rd,3161,10/1/2024,350000,1,7.8,1,1,0,53.3,1960
Glen Eira,1/41 Narong Rd,3161,10/1/2024,665000,2,7.8,1,1,0,93,1970
Monash,3/3 Inga Ct,3148,,674000,2,11.7,1,1,218,94,1980
Kingston,30 Mulkarra Dr,3196,,840000,3,27,2,2,534,126,1975
Kingston,1/31 Cavanagh St,3192,11/1/2024,745000,2,17.9,1,2,359,98.5,1991
Kingston,19 Shipston Rd,3192,11/1/2024,,3,17.9,1,4,605,130,1960
Kingston,4/59 Wilson St,3192,11/1/2024,850000,2,17.9,1,2,0,81,1970
Monash,18 Renver Rd,3168,10/1/2024,1300000,3,16.7,1,2,725,119,1970
Moreland,1/185 Moreland Rd,3058,,690000,3,6.7,1,1,64,109,2011
Moreland,44 Saunders St,3058,11/1/2024,1600000,3,6.7,2,2,737,169,
Moreland,61 Soudan St,3058,10/1/2024,1157000,3,6.7,1,1,480,,
Moreland,4 Blanche Ct,3058,12/1/2024,690000,3,6.7,1,2,479,115,1980
Moreland,7 Danthonia St,3058,,850000,4,6.7,2,2,300,157.9351,
Yarra,24 Mater St,3066,11/1/2024,1025000,2,2,2,1,108,162,2005
Hume,195 Newbury Bvd,3064,12/1/2024,667000,4,20.6,2,2,480,214,2012
Greater Dandenong,8 Trende St,3175,10/1/2024,678000,3,24.7,1,2,624,150,1970
Greater Dandenong,7 Fletcher Rd,3175,12/1/2024,595000,3,24.7,1,1,530,128,1970
Greater Dandenong,1/4 Rhoden Ct,3175,11/1/2024,305000,2,24.7,1,1,141,73,1980
Kingston,138 Howard Rd,3172,11/1/2024,816000,3,22.2,2,2,533,122,1980
Manningham,33 Clay Dr,3108,,2600000,4,12.4,4,2,1072,328,1960
Manningham,21 Hampshire Rd,3108,12/1/2024,,3,12.4,1,2,647,127,1965
Manningham,34 Henry St,3108,12/1/2024,1600000,5,12.4,2,2,757,335,1980
Manningham,11 Huntingfield Dr,3109,11/1/2024,1662000,4,14.3,2,2,785,199,1980
Casey,24 Betula St,3177,12/1/2024,545000,3,28.8,1,1,700,113,1960
Banyule,2/12 Ashby Gr,3084,10/1/2024,750000,2,8.9,1,1,112,93,1960
Glen Eira,6/26 Parkside St,3185,10/1/2024,975000,2,7.2,1,1,1764,106,1970
Port Phillip,4/193 Brighton Rd,3184,11/1/2024,480000,2,7.2,1,1,1210,65,1968
Port Phillip,6/229 Brighton Rd,3184,12/1/2024,,2,7.2,1,1,0,83,
Port Phillip,108/35 Ormond Rd,3184,11/1/2024,420000,1,7.2,1,1,1192,45,2009
Port Phillip,3/44 Wave St,3184,12/1/2024,695500,2,7.2,1,1,887,76,1973
Whittlesea,11 Grimwade Ct,3076,11/1/2024,,3,19.6,1,4,699,118,1988
Whittlesea,6 Letchworth Pl,3076,,620000,3,19.6,1,2,606,120,1975
Moonee Valley,24 Butler St,3040,12/1/2024,1025000,3,7.5,2,2,203,156,2016
Moonee Valley,27 Miller St,3040,11/1/2024,1320000,3,7.5,2,1,276,149,
Moonee Valley,35 Washington St,3040,,2210000,5,7.5,3,2,590,223,
Moreland,108 Argyle St,3060,,700000,3,13.1,2,2,400,146,1960
Moreland,42 Denys St,3060,12/1/2024,712000,3,13.1,1,2,603,94.3,1960
Moreland,16 Lynch Rd,3060,10/1/2024,775000,3,13.1,1,2,621,141,1960
Knox,32 Elton Rd,3156,10/1/2024,663500,3,24.8,1,2,736,,
Moonee Valley,23 Waltham St,3031,12/1/2024,1290000,4,3.4,2,0,202,,
Whitehorse,42 Sandon Cct,3131,10/1/2024,764000,3,15.4,2,1,258,258,
Frankston,24 Victoria Pde,3199,11/1/2024,700000,3,38,1,2,593,102,1960
Frankston,1 Monterey Bvd,3200,11/1/2024,452000,3,36.9,1,0,624,114,1962
Boroondara,9 Summerhill Rd,3146,10/1/2024,1890000,3,7.3,1,2,554,169,
Monash,91 Orchard St,3150,11/1/2024,1750000,4,16.7,1,2,655,161,1970
Monash,1/8 Short St,3150,,1100000,2,16.7,1,1,258,106,1980
Moreland,92 Glenroy Rd,3046,10/1/2024,750000,4,11.2,2,3,659,,
Moreland,16 Heather Ct,3046,12/1/2024,695000,3,11.2,1,2,649,95,1955
Banyule,5 Cam St,3088,11/1/2024,817000,3,16.1,2,1,610,21,1970
Hume,1 Chester Cl,3059,12/1/2024,680000,3,20.4,2,1,650,204,1990
Hume,7 Murray Ct,3059,10/1/2024,1170000,5,20.4,3,5,1750,310,1990
Hume,23 Wallace Dr,3059,11/1/2024,830000,5,20.4,4,5,602,264,2001
Moreland,20 Lockley St,3046,11/1/2024,827000,3,11.2,1,2,676,113,1960
Moreland,2/126 Middle St,3046,,627000,3,11.2,2,2,0,139,2013
Boroondara,3/150 Barkers Rd,3122,11/1/2024,690000,3,5.3,1,1,1396,95.88,1965
Boroondara,8/9 Coppin Gr,3122,10/1/2024,1022000,2,5.3,1,1,2267,104,
Boroondara,17 Fairview St,3122,,5510000,5,5.3,2,5,820,300,1971
Boroondara,49 Grove Rd,3122,12/1/2024,3335000,4,5.3,2,2,371,276,
Boroondara,14/36 Lisson Gr,3122,12/1/2024,,1,5.3,1,1,0,47,1970
Boroondara,6/15 Shakespeare Gr,3122,11/1/2024,,2,5.3,1,1,0,84,1965
Boroondara,22 Caroline St,3123,10/1/2024,1875000,3,6.2,2,1,282,141,
Boroondara,2 Fairmount Rd,3123,12/1/2024,2320000,4,6.2,2,2,528,199,1980
Boroondara,2/859 Toorak Rd,3123,10/1/2024,1465000,3,6.2,2,2,265,177,2010
Maroondah,14/270 Canterbury Rd,3135,11/1/2024,701000,3,21.3,2,2,173,140,2009
Banyule,79 Bamfield Rd,3081,12/1/2024,885000,3,8.8,1,1,592,125,1960
Melton,4 Whitmore Pl,3037,10/1/2024,485000,3,18,2,1,453,153,1997
Wyndham,22 Strang St,3029,12/1/2024,,3,18.4,2,1,557,136,1971
Banyule,6/40 Magnolia Rd,3079,10/1/2024,,3,7.8,2,1,0,145,2006
Banyule,1/12 Thoresby Gr,3079,10/1/2024,1300000,3,7.8,2,2,334,128,2005
Banyule,6 Oakdene Pl,3079,11/1/2024,2525000,3,7.8,2,1,805,261,
Brimbank,610 Fullarton Rd,3042,11/1/2024,670000,3,10.4,1,2,647,126,1975
Melbourne,9/80 Hobsons Rd,3031,,,3,3.4,2,1,68,,
Melbourne,53 Rankins Rd,3031,10/1/2024,990000,2,3.4,1,0,165,105.7,
Boroondara,3/234 Cotham Rd,3101,,630000,2,5.4,1,1,1037,,1960
Boroondara,3/26 Edgevale Rd,3101,,942000,2,5.4,1,1,0,109,1975
Boroondara,1/321 High St,3101,,515000,1,5.4,1,1,0,62,
Boroondara,11 Arden Ct,3102,,2162000,4,7.3,2,3,794,192,1950
Boroondara,7 Riverside Dr,3102,12/1/2024,2260000,3,7.3,2,4,753,280,
Greater Dandenong,2 Eildon Dr,3173,,745000,4,25.2,2,1,624,159,1969
Darebin,101 The Fairway,3083,12/1/2024,800001,4,12.1,1,2,467,120,1970
Whittlesea,4 Casey Dr,3075,10/1/2024,521000,3,16.3,1,2,589,100,1975
Stonnington,6/36 Johnstone St,3144,11/1/2024,592000,2,5.9,1,1,0,72.9,1977
Stonnington,11/37 Wheatland Rd,3144,10/1/2024,455000,1,5.9,1,1,1112,45.4,
Stonnington,7 Nyora St,3145,10/1/2024,2265000,3,8.4,2,2,531,,
Stonnington,51 Tooronga Rd,3145,12/1/2024,1780000,3,8.4,2,2,580,146,
Maribyrnong,2/6 Horizon Dr,3032,,585000,2,4.3,2,2,37000,90,2004
Maribyrnong,11 Maireana St,3032,10/1/2024,1085000,4,4.3,2,2,238,221.3,2007
Melton,1 Irving Rd,3337,12/1/2024,400000,4,31.7,2,2,643,30,
Melton,1 Tamar Dr,3338,11/1/2024,355000,4,29.8,2,1,766,147,1980
Melton,2 Fairbank Pl,3337,11/1/2024,355000,5,31.7,2,2,666,156,1976
Kingston,10 Chicquita Cct,3194,,815000,3,20,3,2,93,,
Kingston,2/68 Naples Rd,3194,10/1/2024,800000,2,20,1,1,0,104,1980
Kingston,70 Voltri St,3194,,885000,3,20,1,2,530,129,1980
Port Phillip,67 McGregor St,3206,12/1/2024,2010000,3,3,1,0,207,128,
Port Phillip,204 Page St,3206,12/1/2024,5600000,6,3,4,2,472,328,
Whittlesea,6 Brigden Ct,3082,11/1/2024,663500,3,17.9,2,1,991,,
Whittlesea,4 Carlita Cl,3082,10/1/2024,732000,4,17.9,2,1,808,184,1980
Whittlesea,7 Eaglet Ct,3082,12/1/2024,,4,17.9,2,3,649,158,1985
Whittlesea,6 Parklea Ct,3082,11/1/2024,556500,3,17.9,1,2,526,113.2,1985
Moonee Valley,36 Aberfeldie St,3039,11/1/2024,1850000,3,6.2,2,2,596,203,1950
Moonee Valley,26 Scotia St,3039,11/1/2024,760000,2,6.2,1,0,251,110,1980
Yarra Ranges,188 Cardigan Rd,3138,10/1/2024,872000,5,26.5,2,2,1254,186.75,1980
Yarra Ranges,32 Churchill Dr,3138,,730000,3,26.5,2,2,947,104,1978
Kingston,1/6 Krone St,3195,10/1/2024,1170000,4,21.5,2,2,312,179,2004
Monash,1/577 High Street Rd,3149,11/1/2024,720000,2,14.2,1,1,198,,
Monash,3/593 High Street Rd,3149,11/1/2024,572000,2,14.2,1,1,173,,1970
Monash,2/36 Swayfield Rd,3149,12/1/2024,1011000,3,14.2,2,2,297,135,2001
Monash,2 Barclay Ct,3170,10/1/2024,880000,3,18.8,2,2,705,,
Moonee Valley,61 Nolan St,3042,10/1/2024,1337000,4,10.4,2,2,650,254,1955
Melbourne,22 Melrose St,3051,10/1/2024,,2,1.8,1,0,102,66,
Moreland,24 Vincent St,3046,11/1/2024,1138000,4,11.2,2,2,697,189,1960
Monash,41 Clayton Rd,3166,,1114000,2,12.3,1,1,703,90,1960
Monash,3/1 Inga St,3166,12/1/2024,740000,3,12.3,1,1,211,90,2004
Kingston,5 Ellesmere St,3167,10/1/2024,1120000,4,15.5,2,2,564,161,1975
Glen Eira,8/17 Arnott St,3204,12/1/2024,,1,11.4,1,1,821,33,1975
Glen Eira,301/437 North Rd,3204,10/1/2024,,2,11.4,1,1,0,72,2012
Kingston,22 Booth St,3195,10/1/2024,1315000,3,21.5,2,2,627,197,1950
Melbourne,401/228 The Avenue,3052,,1770000,3,1.8,2,1,2431,70,1999
Port Phillip,120/1 Graham St,3207,,1725000,3,3.5,2,2,0,189,2000
Port Phillip,409/216 Rouse St,3207,11/1/2024,665000,2,3.5,2,1,1472,81,2010
Stonnington,37 Charles St,3181,,1400000,3,4.6,2,0,145,138,
Darebin,1 Bellarine St,3072,12/1/2024,1400000,5,8.4,2,2,558,217,
Darebin,121 Murray Rd,3072,10/1/2024,830000,4,8.4,1,2,540,540,1965
Darebin,145 Murray Rd,3072,10/1/2024,,3,8.4,1,2,470,115,
Darebin,202 Raglan St,3072,10/1/2024,945000,3,8.4,1,2,349,120,
Darebin,8 Scotia St,3072,11/1/2024,1210000,3,8.4,2,2,515,126,
Darebin,3/26 Tyler St,3072,10/1/2024,465000,2,8.4,1,1,163,169,
Darebin,42 Tyler St,3072,11/1/2024,725000,3,8.4,1,2,590,94,1950
Darebin,39 William St,3072,11/1/2024,972500,3,8.4,1,1,448,103,
Darebin,26A Young St,3072,11/1/2024,955000,3,8.4,1,1,263,123,2000
Yarra,109 McIlwraith St,3054,12/1/2024,1900000,3,3.5,1,0,204,194,
Darebin,2/33 Oconnor St,3073,10/1/2024,521000,2,12,1,1,0,94,2009
Darebin,76 Powell St,3073,11/1/2024,,3,12,1,1,325,116,
Darebin,2/4 Pratt St,3073,12/1/2024,642500,3,12,2,2,160,140,2010
Yarra,5/202 Lennox St,3121,10/1/2024,575000,2,2.4,1,1,407,66,1960
Maroondah,8 Marwarra St,3135,,910000,4,21.3,1,2,669,179,1965
Maroondah,6 Victoria St,3135,,1200000,4,21.3,1,1,833,151,1960
Hume,12 Simmonds Pl,3064,11/1/2024,425000,3,20.6,2,2,255,141,1996
Bayside,131 Bay Rd,3191,11/1/2024,2300000,4,15.2,2,2,604,166,
Bayside,34 Brighton St,3191,12/1/2024,1710000,3,15.2,2,0,398,150,
Bayside,5 Tennyson St,3191,11/1/2024,2221000,4,15.2,2,2,381,235,2000
Hobsons Bay,21 Catherine Rd,3028,10/1/2024,515000,3,15.5,1,2,531,98,1985
Frankston,43 Galway St,3198,10/1/2024,540000,3,35.4,1,2,648,96,1960
Hobsons Bay,26 Sussex St,3018,11/1/2024,1360000,3,11,2,6,663,127.8,1970
Maribyrnong,17 Tennyson St,3011,11/1/2024,1180000,3,5.1,1,0,198,124,
Hobsons Bay,76 Saltley St,3015,12/1/2024,790000,3,6.2,2,2,334,129,2003
Port Phillip,1211/50 Albert Rd,3205,10/1/2024,530000,2,1.9,1,1,1646,52,2012
Whittlesea,7 Alexis Cl,3752,12/1/2024,915000,4,20.5,3,2,624,410,2005
Whittlesea,18 Grange Dr,3752,11/1/2024,644000,3,20.5,2,4,492,160,2007
Whittlesea,141 Hawkstowe Pde,3752,,905000,5,20.5,5,3,700,270,2010
Stonnington,104/2 Cromwell Rd,3141,10/1/2024,800000,2,2.7,2,1,0,73,2014
Melbourne,78 Hope St,3141,10/1/2024,2210000,2,2.7,2,1,187,133,
Stonnington,4 Palfreyman St,3141,12/1/2024,1400000,3,2.7,1,1,136,132,1993
Stonnington,7/215 Williams Rd,3141,11/1/2024,535000,2,2.7,1,1,0,63,1970
Melbourne,512/22 Dorcas St,3006,10/1/2024,422000,1,0.7,1,1,63,51,2010
Port Phillip,24/62 Wellington St,3182,11/1/2024,451000,1,5,1,1,0,,
Moonee Valley,77 Hillsyde Pde,3041,12/1/2024,790000,2,8.2,2,1,213,120,1990
Hume,1 Heysen Dr,3429,10/1/2024,410000,3,31.7,2,2,600,140,1980
Whitehorse,5/19 Elm St,3127,11/1/2024,740000,2,10.2,1,2,193,80,1970
Melton,16 Kirribilli Bvd,3037,12/1/2024,680000,3,18,2,2,666,231,2005
Manningham,53 Milne St,3106,11/1/2024,1350000,3,15.5,2,2,809,188,1975
Manningham,1/285 Thompsons Rd,3107,11/1/2024,1010000,4,12.4,3,2,332,198,2013
Whittlesea,167 Victoria Dr,3074,12/1/2024,740000,3,15.3,2,2,545,152,1983
Darebin,6/10 Dundas St,3071,10/1/2024,493000,2,7,1,1,0,65,1970
Darebin,53 Keon St,3071,11/1/2024,1626000,4,7,1,2,495,120,
Stonnington,1/36 Grange Rd,3142,12/1/2024,550000,1,4.1,1,1,0,64,1965
Stonnington,2/641 Toorak Rd,3142,11/1/2024,682000,2,4.1,1,1,713,60,1975
Hume,8/366 Melrose Dr,3043,11/1/2024,355000,2,12.9,1,1,108,,
Whitehorse,2/557 Canterbury Rd,3133,12/1/2024,975000,4,17.2,2,2,0,207,2008
Whitehorse,2/660 Canterbury Rd,3133,12/1/2024,820000,3,17.2,2,2,277,125,2016
Banyule,2/32 Sellars St,3087,11/1/2024,655000,3,14.5,2,1,253,116,2005
Wyndham,91 Market Rd,3030,12/1/2024,472000,3,14.7,1,0,700,151,1950
Wyndham,1/4 Pepino Ct,3030,10/1/2024,467000,3,14.7,2,1,268,137,2008
Wyndham,10 Wallara Rd,3030,10/1/2024,390000,3,14.7,1,2,530,109,1987
Maribyrnong,6 Argyle St,3012,11/1/2024,1155000,3,6.4,2,1,342,123,
Maribyrnong,22 Hope St,3012,10/1/2024,1100000,3,6.4,2,3,380,106.4,
Hume,285 Mickleham Rd,3049,12/1/2024,540000,3,16.5,1,2,532,122,1975
Monash,87 Chancellor Dr,3150,11/1/2024,1171000,4,16.7,2,3,800,163,1968
Hobsons Bay,10 Mullins Ct,3016,11/1/2024,,4,6.8,2,1,448,311,1998
Banyule,8 MacAlister Bvd,3085,,1670000,5,12.7,3,2,617,315,2012
Maribyrnong,89 Ballarat St,3013,,,2,6.3,1,0,150,79,
Yarra,5/29 Church St,3067,12/1/2024,480000,2,3,1,1,601,64,1970
Yarra,14/205 Gipps St,3067,10/1/2024,750000,2,3,1,1,2379,69,2013
Moonee Valley,18A Hart St,3042,11/1/2024,730000,3,10.4,1,2,242,124,2010
Brimbank,3 Merlow St,3020,,820000,4,10.5,2,1,604,127,1950
Darebin,38 Grange Rd,3078,12/1/2024,1650000,3,5.7,1,2,827,,
Hobsons Bay,2/10 McAlpine Ct,3018,11/1/2024,670000,3,11,2,1,284,88,1988
Hobsons Bay,1/20 Mulga St,3018,,765000,3,11,2,2,200,139,2007
Hobsons Bay,242 Mason St,3025,10/1/2024,870000,3,9.4,1,4,559,560,1950
Stonnington,504 Orrong Rd,3143,10/1/2024,3200000,4,6.3,4,2,847,285,
Moonee Valley,33 Fenton St,3032,12/1/2024,1750000,4,4.3,2,1,360,249,
Boroondara,22 Duke St,3147,11/1/2024,,4,10.2,2,2,697,,
Monash,47 Ashwood Dr,3147,,1680000,4,10.2,3,3,726,194,1958
Monash,2/7 Murra Ct,3147,10/1/2024,,3,10.2,2,2,280,115,1990
Moonee Valley,24 Doyle St,3034,10/1/2024,750000,3,9.5,1,1,585,30,1965
Boroondara,152 Balwyn Rd,3103,11/1/2024,2380000,3,7.9,2,2,752,278,
Boroondara,17 Birdwood St,3103,12/1/2024,2100000,1,7.9,1,1,678,303,2016
Boroondara,14 Iramoo St,3103,,3050000,4,7.9,4,2,613,340,2009
Boroondara,1A Abassia St,3104,12/1/2024,1557000,3,9.7,2,2,292,181,2010
Boroondara,1/37 Aylmer St,3104,11/1/2024,1420000,3,9.7,2,2,0,,
Boroondara,7 Lemon Rd,3104,10/1/2024,2050000,4,9.7,1,1,1138,152,1950
Knox,1/20 Church St,3153,,520000,2,23.2,1,1,418,76,1970
Knox,95 Orange Gr,3153,12/1/2024,925000,4,23.2,1,10,993,128,1966
Maroondah,12 Baker Rd,3153,10/1/2024,616000,3,23.2,2,0,586,115,1999
Glen Eira,14 Beths St,3204,10/1/2024,2700000,4,11.4,4,2,673,156,
Glen Eira,5D MacKie Rd,3165,10/1/2024,950000,3,13.8,2,2,163,,
Glen Eira,26 May St,3165,10/1/2024,1525000,3,13.8,1,3,581,128,
Glen Eira,52 Paloma St,3165,10/1/2024,1330000,4,13.8,2,2,566,191,1950
Glen Eira,14 York St,3165,10/1/2024,1228000,3,13.8,1,2,623,,
Casey,59 Bemersyde Dr,3806,11/1/2024,608500,4,35.2,2,2,563,168.01,1995
Bayside,6/56 Red Bluff St,3193,,879000,2,17.3,1,1,0,88,1970
Whitehorse,1 Diana Dr,3130,12/1/2024,1280000,4,13.4,2,1,797,164,1960
Banyule,1A Campbell Rd,3088,,710500,2,16.1,1,1,598,110,1985
Bayside,17 Florence St,3187,,2100000,4,10.3,3,2,608,306.19,2000
Bayside,35 Studley Rd,3187,10/1/2024,1620000,4,10.3,2,2,326,515.78,
Hume,3/11 Martell St,3047,,310000,2,14,1,1,171,90,2008
Moreland,6/116 Albert St,3056,12/1/2024,510000,2,5.2,1,0,0,64,2009
Moreland,176 Barkly St,3056,12/1/2024,1925000,3,5.2,1,4,479,182,
Moreland,73 Mitchell St,3056,10/1/2024,890000,2,5.2,1,0,138,78,
Moreland,135 Victoria St,3056,12/1/2024,1500000,4,5.2,1,1,318,100,
Moreland,5/456 Albion St,3055,10/1/2024,312000,1,5.2,1,1,406,40,1970
Moreland,59 Daly St,3055,10/1/2024,1010000,3,5.2,2,4,413,126,
Whittlesea,48 Zara Cl,3083,10/1/2024,755000,4,12.1,2,2,300,162,2014
Yarra,2/50 Gibdon St,3121,11/1/2024,,3,2.4,2,2,1212,,2010
Monash,7 Carmody St,3125,10/1/2024,918000,3,10.4,2,1,207,144,2012
Boroondara,1065 Toorak Rd,3124,10/1/2024,2361000,5,7.7,3,2,844,203,
Yarra,903 Rathdowne St,3054,10/1/2024,1840000,3,3.5,1,1,311,,
Glen Eira,14 Morgan St,3163,,,3,10.1,2,2,557,200,
Frankston,5 Atkins Ct,3201,10/1/2024,500000,3,34.9,2,2,509,125,1993
Glen Eira,2/203 North Rd,3162,11/1/2024,1237000,3,8.7,2,2,0,135,1990
Kingston,28 Regent Pde,3192,11/1/2024,,3,17.9,1,2,627,,
Kingston,2A Walker Gr,3192,10/1/2024,861000,3,17.9,2,2,305,130,2000
Monash,25 Panorama St,3168,11/1/2024,1462000,3,16.7,1,1,816,130,1965
Kingston,20 Botanic Dr,3169,,745000,3,17.5,2,2,180,134,
Hume,25 Jirrahlinga Tce,3064,10/1/2024,,4,20.6,2,2,560,196.1,2007
Maroondah,10 Malcolm Rd,3136,10/1/2024,,4,23,2,2,841,196,2016
Kingston,11 Kimber Ct,3172,10/1/2024,1100000,4,22.2,2,2,840,237,1980
Manningham,3 Hampshire Rd,3108,,1120000,4,12.4,2,2,280,200,2008
Manningham,2/1099 Doncaster Rd,3109,,,3,14.3,2,1,236,145,1980
Manningham,12 Silvana Ct,3109,10/1/2024,1241000,4,14.3,2,2,886,,1980
Manningham,5 Thea Gr,3109,12/1/2024,1125000,4,14.3,3,2,284,180,2006
Melbourne,109 Simpson St,3002,12/1/2024,,3,1.3,1,0,118,177,
Melbourne,7 Webb La,3002,,1350000,2,1.3,2,1,87,115,2005
Glen Eira,1 Baxter St,3185,10/1/2024,1460000,3,7.2,1,0,377,133,
Glen Eira,12/539 Glen Huntly Rd,3185,10/1/2024,550000,2,7.2,1,1,1172,69,1970
Nillumbik,30 Cromwell St,3095,12/1/2024,,4,18,2,2,816,243,1966
Nillumbik,25 Leane Dr,3095,,977500,4,18,2,3,1004,184,1985
Port Phillip,1/173 Glen Huntly Rd,3184,,810000,2,7.2,1,1,0,87,
Port Phillip,3/11 Scott St,3184,12/1/2024,550000,2,7.2,1,1,605,,1970
Port Phillip,16/30 Shelley St,3184,11/1/2024,543000,2,7.2,1,1,0,74,1960
Whittlesea,62 Davisson St,3076,,660000,4,19.6,1,3,558,159,1980
Whittlesea,10 Efficient St,3076,11/1/2024,568000,3,19.6,2,2,420,190,2012
Whittlesea,23 Longwood Dr,3076,10/1/2024,680000,4,19.6,2,2,656,166,1980
Moonee Valley,1/18 Balmoral St,3040,11/1/2024,580000,2,7.5,1,1,921,84,1970
Moonee Valley,1/96 Cooper St,3040,10/1/2024,970000,4,7.5,2,2,0,142,2003
Moonee Valley,37 McPhail St,3040,,1195000,2,7.5,1,1,337,122,
Moonee Valley,11 Waverley St,3040,12/1/2024,1155000,4,7.5,1,3,616,170,
Moonee Valley,2/9 Grace St,3041,11/1/2024,800000,3,8.2,2,1,161,149,2012
Darebin,1/22 Rathmines St,3078,10/1/2024,667000,2,5.7,1,1,86,,
Moreland,28 Princess St,3060,11/1/2024,1018000,5,13.1,2,2,737,194,1990
Knox,50 Carlisle Rd,3156,11/1/2024,1100000,5,24.8,3,2,836,789,2001
Yarra,15 Argyle St,3065,12/1/2024,1394000,3,2.1,2,1,60,200,1950
Yarra,41 Miller St,3068,,1600000,3,3.6,2,0,251,180,
Maribyrnong,9/3 Gordon St,3011,12/1/2024,240000,1,5.1,1,1,1015,46,1970
Maribyrnong,5/232 Nicholson St,3011,10/1/2024,310000,1,5.1,1,0,0,53,
Macedon Ranges,60 Hamilton St,3437,10/1/2024,540000,3,45.9,1,2,665,110,
Hume,305 Carrick Dr,3043,12/1/2024,691000,5,12.9,2,3,551,221,1975
Hume,328 Carrick Dr,3043,10/1/2024,675000,5,12.9,2,2,565,,
Hume,5 Clarke Dr,3043,10/1/2024,660000,5,12.9,2,1,536,,
Monash,53 Campbell St,3150,10/1/2024,3056000,3,16.7,2,2,1590,292,1992
Monash,24 Florence St,3150,12/1/2024,1900000,3,16.7,1,0,738,,
Monash,7 Kinnoull Gr,3150,10/1/2024,2650000,5,16.7,3,2,662,119,1960
Monash,10/18 Tulloch Gr,3150,11/1/2024,655000,3,16.7,2,2,0,133,2002
Monash,4 Turner Ct,3150,12/1/2024,1550000,3,16.7,2,2,648,181,1980
Moreland,80 Gowrie St,3046,10/1/2024,780000,3,11.2,1,2,697,131.27,1960
Moreland,200 West St,3046,10/1/2024,780000,4,11.2,1,3,697,133,1960
Moreland,82 Gowanbrae Dr,3043,11/1/2024,945000,4,12.9,2,4,474,210,2000
Hume,17 Arkley Dr,3059,10/1/2024,645000,4,20.4,2,2,538,154,2000
Casey,11 Turanga Pl,3803,,601000,3,32.3,2,4,604,167.87,1995
Bayside,12/45 Grenville St,3188,11/1/2024,970000,3,13.8,2,2,0,99,2005
Boroondara,49 Lisson Gr,3122,,7650000,4,5.3,2,4,1690,284,
Boroondara,41/168 Power St,3122,10/1/2024,375000,1,5.3,1,1,0,53,1970
Boroondara,8/8 Wallen Rd,3122,,1080000,2,5.3,2,2,6996,136,2000
Boroondara,11 Condor St,3123,10/1/2024,2855000,5,6.2,3,2,572,274,2000
Boroondara,10 Mowbray St,3123,11/1/2024,3255000,4,6.2,3,3,1116,304,1984
Maroondah,8 Madigan Ct,3135,12/1/2024,,3,21.3,2,1,194,,
Banyule,3/5 Austral Ct,3084,12/1/2024,828000,4,8.9,2,2,264,140,2000
Banyule,57 Quinn St,3084,10/1/2024,1230000,4,8.9,1,2,630,237,1950
Banyule,1/5 Glover St,3081,10/1/2024,590000,3,8.8,1,2,290,105,1950
Wyndham,2 Bowden St,3029,,555000,3,18.4,2,4,615,115,
Monash,23 Beauford St,3166,,1093800,3,12.3,1,2,501,180,
Monash,50 Ross St,3166,10/1/2024,1145000,4,12.3,1,2,603,151,1960
Brimbank,3 Serica Ct,3038,10/1/2024,550000,3,15.5,1,4,802,183.97,1978
Melbourne,105/18 Bent St,3031,12/1/2024,730000,2,3.4,2,1,2135,90,2010
Melbourne,17/16 Mawbey St,3031,11/1/2024,392000,1,3.4,1,1,0,60,2001
Melbourne,24 McConnell St,3031,12/1/2024,,2,3.4,1,0,147,95,
Melbourne,54 McConnell St,3031,10/1/2024,1415000,4,3.4,2,0,199,96,1982
Boroondara,871 Glenferrie Rd,3101,12/1/2024,3175000,5,5.4,4,2,769,285,
Darebin,26 Stymie St,3083,12/1/2024,1250000,5,12.1,3,2,544,40,
Whittlesea,11 Bruce St,3075,12/1/2024,,3,16.3,1,2,679,130,1965
Banyule,14 Glenauburn Rd,3093,11/1/2024,800000,5,14.6,2,2,864,,
Stonnington,3 Ash Gr,3145,10/1/2024,2520000,4,8.4,3,4,960,325,
Maribyrnong,6/82 Raleigh Rd,3032,10/1/2024,301000,1,4.3,1,1,887,45,1972
Melbourne,19/300 King St,3000,,740000,2,0,1,1,0,113,1999
Melton,2 Kym Pl,3337,11/1/2024,420000,4,31.7,2,2,642,199.5,2004
Kingston,1/32 Albenca St,3194,11/1/2024,1051000,3,20,2,2,435,141,1980
Kingston,1/29 Milan St,3194,12/1/2024,660000,2,20,1,1,101,300,1990
Port Phillip,78 Erskine St,3206,10/1/2024,2500000,4,3,3,1,209,,
Whittlesea,15 Randell Ct,3082,,,4,17.9,2,2,612,236,2013
Whitehorse,16 Burnett St,3132,12/1/2024,1302000,4,17.2,1,1,842,160,1950
Whitehorse,8/12 Irvine St,3132,10/1/2024,800000,3,17.2,2,2,343,130,2010
Moonee Valley,36 Aberfeldie St,3039,12/1/2024,,3,6.2,2,2,596,203,1950
Moonee Valley,7/110 Maribyrnong Rd,3039,11/1/2024,222000,1,6.2,1,0,0,29,2012
Kingston,6 Bataba St,3189,,1289000,4,14.3,2,1,532,,
Yarra Ranges,7 Cowley Ct,3138,12/1/2024,581000,3,26.5,1,2,484,102,1970
Kingston,5 Epsom Rd,3195,10/1/2024,1350000,4,21.5,2,2,314,,1995
Kingston,5 Hanlon Cl,3195,10/1/2024,1150000,4,21.5,2,2,603,194,2004
Monash,25 Carrol Gr,3149,,1352000,4,14.2,3,2,708,150,1960
Monash,85 Waimarie Dr,3149,10/1/2024,1728000,4,14.2,3,2,720,249,1960
Monash,10 Adela Ct,3170,10/1/2024,2000000,4,18.8,4,2,905,446,
Monash,18 Vincent St,3170,,902000,4,18.8,2,4,726,165,1960
Glen Eira,12 Lydson St,3163,,1561000,3,10.1,1,2,627,132,
Moonee Valley,19 Nolan St,3042,,1300000,3,10.4,1,4,646,150,1950
Moonee Valley,27 The Avenue,3042,11/1/2024,1751000,4,10.4,3,2,564,500,
Melbourne,17/198 Peel St,3051,12/1/2024,550000,2,1.8,1,1,0,,
Darebin,10 Balgonie Pl,3070,12/1/2024,1001000,2,5.3,1,0,166,,
Darebin,1/136 St Georges Rd,3070,10/1/2024,,2,5.3,1,1,0,,1970
Monash,1/3 Saniky St,3168,,840000,3,16.7,1,1,390,118,1970
Whitehorse,7A Alern Ct,3131,12/1/2024,,4,15.4,3,2,616,212,
Whitehorse,66 Springvale Rd,3131,10/1/2024,1060000,5,15.4,3,2,766,274,1970
Moreland,74 Devereaux St,3046,10/1/2024,840000,3,11.2,1,1,722,115,1960
Moreland,79 New Rd,3046,10/1/2024,1071888,4,11.2,2,4,553,190,2001
Moreland,117A Vincent St,3046,12/1/2024,790000,2,11.2,2,1,208,127,2010
Monash,1/17 Claudel St,3166,10/1/2024,820000,3,12.3,2,1,200,130,2013
Monash,36 Bossington St,3167,11/1/2024,1218500,3,15.5,1,2,673,101,1950
Glen Eira,13/37 Murray Rd,3204,12/1/2024,695000,2,11.4,1,1,126,75.45,1970
Kingston,46 Davey St,3195,,940000,3,21.5,2,2,454,122,1950
Kingston,22 Keith St,3195,10/1/2024,1300000,4,21.5,2,2,597,150,1970
Melbourne,7/517 Royal Pde,3052,10/1/2024,850000,3,1.8,1,1,2429,,
Moreland,21 Stennis St,3044,10/1/2024,1199000,3,8.5,2,4,689,165.5,1950
Port Phillip,380 Ross St,3207,10/1/2024,1388000,3,3.5,2,2,104,146,2015
Port Phillip,58 Station St,3207,,964000,1,3.5,1,0,85,,
Stonnington,409/10 Hillingdon Pl,3181,12/1/2024,735000,2,4.6,1,1,0,,
Stonnington,104/27 Macquarie St,3181,10/1/2024,440000,1,4.6,1,1,0,44,2015
Stonnington,135 Williams Rd,3181,11/1/2024,2300000,4,4.6,2,2,291,263.5,
Darebin,196 Raglan St,3072,10/1/2024,840000,4,8.4,1,1,313,113,1950
Darebin,3/36 Crookston Rd,3073,10/1/2024,510000,3,12,1,1,178,100,2009
Darebin,2/65 Purinuan Rd,3073,12/1/2024,635000,3,12,2,2,247,,
Darebin,36 Sturdee St,3073,12/1/2024,,3,12,1,2,893,103,
Yarra,182 Buckingham St,3121,10/1/2024,1255000,3,2.4,2,1,124,123,2008
Yarra,10 Campbell St,3121,10/1/2024,1275000,2,2.4,1,1,110,72,
Yarra,51 Garfield St,3121,10/1/2024,1120000,3,2.4,2,2,134,149,2007
Yarra,17/47 Mary St,3121,,1190000,3,2.4,2,1,105,110,1997
Yarra,7 Wiltshire St,3121,,1425000,3,2.4,3,3,81,81,2000
Maroondah,7 Highton St,3135,11/1/2024,1175000,4,21.3,2,1,842,135,1960
Maroondah,2/22 Avalon Gr,3134,12/1/2024,755000,3,19.9,2,2,306,127,1997
Knox,15 Ada St,3178,11/1/2024,,4,23.5,2,2,502,320,2003
Maribyrnong,5/4 Edward St,3011,10/1/2024,322500,1,5.1,1,1,0,,
Maribyrnong,14 James St,3011,11/1/2024,900000,3,5.1,1,1,252,120,
Frankston,20 Overall Dr,3977,10/1/2024,555698,4,34.7,2,1,534,152,2002
Port Phillip,1403/38 Bank St,3205,12/1/2024,1250000,3,1.9,2,3,0,113,2001
Port Phillip,17/39 Dorcas St,3205,12/1/2024,407500,1,1.9,1,1,0,53,2000
Stonnington,3/43 Cromwell Rd,3141,10/1/2024,771000,2,2.7,1,1,1272,,
Melbourne,61/120 Sturt St,3006,11/1/2024,642500,2,0.7,1,1,8888,77,1994
Brimbank,46A Collins St,3021,10/1/2024,,3,14,1,1,160,129,2000
Brimbank,9 Cornhill St,3021,,610000,3,14,1,1,582,116,1960
Brimbank,2/52 Walter St,3021,10/1/2024,,3,14,1,1,388,95,1992
Port Phillip,9/60 Carlisle St,3182,12/1/2024,615000,2,5,1,1,1123,84,
Hume,27 Holloway Cl,3429,11/1/2024,455000,3,31.7,1,6,639,120,1990
Brimbank,65 Devonshire Rd,3020,12/1/2024,810000,3,10.5,1,2,459,114,1970
Brimbank,43 Duke St,3020,11/1/2024,805000,3,10.5,1,2,631,115,1965
Boroondara,2/52 Barton St,3127,,807000,2,10.2,1,1,1501,84,1960
Brimbank,22 Contursi Dr,3037,12/1/2024,471000,3,18,2,1,338,114,2000
Melton,27 Lucas Tce,3037,12/1/2024,,3,18,2,2,431,431,2008
Brimbank,2 Clifton Ct,3038,,780000,5,15.5,2,2,663,230,1996
Manningham,19 Browning Dr,3106,10/1/2024,,4,15.5,2,2,457,585,
Manningham,124 Swanston St,3107,,1240000,3,12.4,2,1,673,150,1965
Darebin,1/24 Dundas St,3071,10/1/2024,756000,2,7,1,1,0,103,2010
Darebin,55 Rennie St,3071,10/1/2024,1205500,2,7,1,1,361,,
Whitehorse,250 Hawthorn Rd,3133,11/1/2024,1050000,4,17.2,2,2,651,187,1975
Banyule,28 Kuranga Rd,3084,12/1/2024,940000,3,8.9,2,2,541,540,1960
Banyule,42 Frensham Rd,3087,10/1/2024,835000,3,14.5,2,1,447,,1997
Wyndham,43 Stawell St,3030,10/1/2024,830000,3,14.7,2,2,1025,195,1970
Stonnington,19 Newry St,3181,10/1/2024,1400000,3,4.6,1,0,364,,
Yarra,2 Federation La,3067,11/1/2024,855000,3,3,2,1,92,116,2004
Moonee Valley,435 Buckley St,3040,10/1/2024,1210000,3,7.5,1,6,645,,
Moonee Valley,2/19 Hart St,3042,11/1/2024,737500,3,10.4,2,2,143,,2012
Moonee Valley,4 Myrtle Gr,3042,12/1/2024,905000,3,10.4,1,2,573,,1965
Port Phillip,3/78 Kerferd Rd,3206,10/1/2024,685000,2,3,1,0,324,58,
Yarra,10/14 Yarralea St,3078,10/1/2024,330000,1,5.7,1,1,60,40,1970
Moonee Valley,75B Bloomfield Rd,3032,10/1/2024,1010000,3,4.3,2,1,150,125,1990
Moonee Valley,18 McCully St,3032,10/1/2024,990000,3,4.3,1,0,196,102,
Moonee Valley,18A Middle St,3032,12/1/2024,1200000,3,4.3,2,2,198,,
Moonee Valley,7A Downland Sq,3034,,773000,4,9.5,2,2,344,235,2004
Port Phillip,5a Rosamond St,3183,11/1/2024,,3,6.4,2,1,147,,
Boroondara,3 Narrak Rd,3103,10/1/2024,2180000,5,7.9,3,2,646,35,
Boroondara,37 Cascade St,3104,10/1/2024,3200000,5,9.7,3,2,836,168,1970
Knox,7 Huxley Ct,3153,11/1/2024,1030000,4,23.2,2,2,1094,197,
Cardinia,6 Paul Gr,3808,11/1/2024,,4,39.8,2,2,1031,161,1960
Glen Eira,125 Bignell Rd,3165,12/1/2024,1410000,3,13.8,2,3,722,736,
Glen Eira,12 Kennedy St,3165,10/1/2024,,4,13.8,3,2,933,107,1960
Glen Eira,10 Majdal St,3165,11/1/2024,1225000,3,13.8,1,2,580,129,1950
Casey,5 Gretel Pl,3806,12/1/2024,690000,3,35.2,2,2,703,153,1980
Whitehorse,1/10 Duckham St,3130,12/1/2024,,3,13.4,1,1,335,110,1960
Whitehorse,14 Kerr St,3130,,,4,13.4,2,1,592,,
Whitehorse,14 Indra Rd,3130,,1264000,3,13.4,1,2,579,126,1960
Maribyrnong,15 Myalla St,3019,10/1/2024,570000,2,8.6,1,2,567,74,1950
Bayside,3 Champion St,3186,12/1/2024,2655000,3,10.5,2,2,697,183,1991
Bayside,10A Hartley St,3186,,3275000,3,10.5,2,3,289,371.6122,
Bayside,9 Baird St,3187,11/1/2024,2720000,4,10.3,3,2,792,,
Bayside,13 Churchill Ct,3187,12/1/2024,2525000,4,10.3,2,2,725,300,2000
Bayside,167 Thomas St,3187,11/1/2024,1300000,3,10.3,1,2,684,77,
Moreland,240 Barkly St,3056,11/1/2024,1275000,3,5.2,1,1,406,156,
Moreland,25 Ford St,3056,11/1/2024,1204000,3,5.2,1,0,186,101,
Moreland,1 Egginton St,3055,12/1/2024,1268000,4,5.2,2,2,645,217,1950
Moreland,27 Halpin St,3055,10/1/2024,1445000,3,5.2,1,2,613,112,1950
Banyule,5 Cole Ct,3083,10/1/2024,769000,4,12.1,2,2,662,,
Whitehorse,20 Pearce St,3125,10/1/2024,1052000,3,10.4,1,0,801,,
Melbourne,254 Elgin St,3053,10/1/2024,1000000,3,1.6,1,0,96,80,
Melton,9 Hounslow Grn,3023,10/1/2024,1150000,5,14.8,5,4,688,490,2006
Glen Eira,25 Gardenvale Rd,3162,12/1/2024,1700000,4,8.7,2,2,627,185,
Kingston,17 Amaroo Dr,3196,12/1/2024,732000,4,27,2,2,536,202,1985
Kingston,4 Allnutt Ct,3192,,800000,3,17.9,1,1,366,121,1970
Kingston,17 Barclay Dr,3192,11/1/2024,,3,17.9,1,2,533,135,1965
Kingston,44 Eunice Dr,3192,11/1/2024,900000,3,17.9,1,2,537,120,1965
Monash,1/10 Morton St,3168,10/1/2024,780000,3,16.7,2,1,318,103,2000
Moreland,10 Jersey St,3058,,862500,3,6.7,1,2,490,,
Moreland,17 Quarry Cct,3058,10/1/2024,1020000,4,6.7,2,2,441,255,2002
Moreland,34 Soudan St,3058,10/1/2024,996000,2,6.7,1,1,476,97,
Yarra,147 Easey St,3066,11/1/2024,1095000,2,2,1,0,151,88,
Hume,17 Chinnock Ct,3064,12/1/2024,680000,5,20.6,3,2,646,199.73,
Hume,27 Kensley Cct,3064,11/1/2024,492000,4,20.6,2,2,479,166,2009
Hume,7 Perisher Dr,3064,11/1/2024,425000,3,20.6,2,2,263,165,2008
Maroondah,30 Hull Rd,3136,11/1/2024,860000,4,23,3,2,907,170,1970
Hume,50 Kaniva St,3047,12/1/2024,,3,14,1,1,595,,
Kingston,1 Chadree Ct,3172,10/1/2024,840000,3,22.2,2,2,542,,
Kingston,13 Dorrington Ct,3172,,801000,3,22.2,2,1,526,189,1980
Kingston,22 Shannon Ct,3172,12/1/2024,955000,5,22.2,3,2,619,153,1975
Melbourne,24/108 George St,3002,10/1/2024,885000,2,1.3,1,1,1489,,
Nillumbik,42 Parry Rd,3095,10/1/2024,967500,3,18,1,2,768,122,1985
Nillumbik,216 Progress Rd,3095,10/1/2024,890000,4,18,2,2,786,206,1980
Port Phillip,105 Mitford St,3184,10/1/2024,1800000,3,7.2,2,2,188,185,2010
Moonee Valley,11/139 Napier St,3040,12/1/2024,410000,2,7.5,1,1,0,67,1965
Moonee Valley,116 Ogilvie St,3040,10/1/2024,930000,3,7.5,2,1,223,146,2002
Moreland,8 Baird St,3060,11/1/2024,761000,2,13.1,1,2,665,30,
Moreland,16 Wurruk St,3060,12/1/2024,650000,3,13.1,1,4,616,94,1960
Yarra,7/43 Argyle St,3065,12/1/2024,700000,2,2.1,1,1,470,65,2007
Frankston,14 Berringa St,3199,11/1/2024,,3,38,1,2,537,118.54,1960
Frankston,22 Bradshaw St,3199,10/1/2024,715000,5,38,2,1,1424,,
Boroondara,1/64 Glen Iris Rd,3146,12/1/2024,,3,7.3,2,2,364,20,
Moreland,1/8 York St,3046,12/1/2024,512000,3,11.2,1,2,197,96,2003
Banyule,15 Carnon St,3088,,,3,16.1,2,2,1036,132,1954
Banyule,3 Perrumba St,3088,12/1/2024,880000,5,16.1,3,2,789,290,1980
Banyule,22 Yangoora Pl,3088,,925000,4,16.1,2,2,1070,190,1980
Hume,5 Barmah Gra,3059,10/1/2024,715000,4,20.4,2,2,680,230,2011
Hume,21 Destination Dr,3059,11/1/2024,840500,4,20.4,2,2,494,298.21,2014
Hume,29 Piccadilly Ct,3059,12/1/2024,810000,4,20.4,2,3,990,,
Bayside,13 Mills St,3188,,1285000,2,13.8,1,1,348,100,1992
Bayside,2/17 Small St,3188,12/1/2024,685000,2,13.8,1,0,0,81,2007
Bayside,1/2 Flowerdale Rd,3188,10/1/2024,957000,3,13.8,2,2,254,113,1994
Boroondara,8 Kinkora Rd,3122,10/1/2024,2010000,4,5.3,3,3,451,,1970
Boroondara,8 Leslie St,3122,10/1/2024,2370000,3,5.3,2,1,362,188,
Boroondara,9 Manchester St,3122,12/1/2024,1682000,2,5.3,1,1,264,97,
Melton,20 Cuthbert Dr,3037,,,3,18,2,2,666,193,2002
Banyule,2/123 Waterdale Rd,3079,11/1/2024,975000,3,7.8,2,1,103,120,1997
Brimbank,7 Antwerp Dr,3038,10/1/2024,670000,4,15.5,2,2,713,164,1982
Whittlesea,78 French St,3075,10/1/2024,,2,16.3,1,2,766,,
Whittlesea,1 Howell St,3075,10/1/2024,560000,3,16.3,1,1,364,165,1985
Whittlesea,1/11 Maxwell St,3075,,511500,2,16.3,1,2,416,93,1960
Maribyrnong,1/30 Burns St,3012,11/1/2024,810000,3,6.4,2,2,209,16,
Stonnington,4 Hillard St,3145,12/1/2024,,3,8.4,1,2,706,,
Stonnington,8 Vickery St,3145,11/1/2024,3600000,4,8.4,3,2,552,355,2015
Maribyrnong,22 Mephan St,3032,12/1/2024,815000,3,4.3,2,2,198,130,1990
Hume,2 Navarre Ct,3048,10/1/2024,467000,3,17.4,1,1,565,98,1975
Melton,102 Palmerston St,3337,,405000,4,31.7,2,2,590,163,1970
Whittlesea,2/7 Bradley Dr,3082,10/1/2024,428000,2,17.9,1,1,389,104,2005
Whittlesea,31 Development Bvd,3082,12/1/2024,722500,4,17.9,2,2,643,169.5,2001
Whittlesea,1/6 Patmore Ct,3082,,421000,2,17.9,1,1,257,83,1985
Whitehorse,395 Mitcham Rd,3132,12/1/2024,890000,2,17.2,2,1,370,370,
Whitehorse,8 Tourello St,3132,12/1/2024,,3,17.2,1,0,781,,
Moonee Valley,4/342 Ascot Vale Rd,3039,,286000,1,6.2,1,1,114,42.2,1970
Moonee Valley,184 Maribyrnong Rd,3039,,,3,6.2,1,1,449,,
Kingston,1A Dactyl Rd,3189,12/1/2024,1401500,3,14.3,2,4,867,,
Kingston,1/73 Chute St,3195,12/1/2024,920000,4,21.5,2,2,413,170,1975
Yarra Ranges,17 Inverness Rd,3796,12/1/2024,620000,3,31.6,1,4,2385,127,
Monash,5 Armstrong St,3149,12/1/2024,1200000,3,14.2,1,4,807,117,
Monash,73 Lea Rd,3170,,865000,3,18.8,1,2,739,126,1965
Glen Eira,2/41 Kangaroo Rd,3163,11/1/2024,1220500,3,10.1,2,2,462,,
Glen Eira,22 Wahroongaa Rd,3163,11/1/2024,1920000,4,10.1,1,2,718,181,
Hobsons Bay,112 Johnston St,3015,10/1/2024,1230000,3,6.2,1,1,396,123,
Hobsons Bay,36 Junction St,3015,11/1/2024,1220000,3,6.2,1,2,492,103,
Moonee Valley,48 Ida St,3042,10/1/2024,1315000,4,10.4,2,2,650,,
Greater Dandenong,21 Conley St,3174,11/1/2024,660000,3,22.7,1,2,550,112,1960
Melbourne,106/25 Oxford St,3051,10/1/2024,570000,2,1.8,2,1,1223,81,2011
Nillumbik,46 Osborne Rd,3113,10/1/2024,1550000,5,21.1,3,4,4221,321,1980
Darebin,114 Beavers Rd,3070,,1000000,3,5.3,1,1,188,,
Darebin,128 Charles St,3070,10/1/2024,,3,5.3,1,1,247,,
Whitehorse,5 Lynette St,3131,12/1/2024,1075000,4,15.4,2,2,697,216,1970
Moreland,79 New Rd,3046,10/1/2024,1071888,4,11.2,2,4,553,190,2001
Moreland,3/13 Sylvester St,3046,12/1/2024,560000,2,11.2,1,1,132,73,2014
Monash,5 Eastgate St,3166,10/1/2024,1750000,5,12.3,2,2,546,313,
Monash,33 Greta St,3166,10/1/2024,1210000,3,12.3,1,2,700,115,1960
Monash,10 Devoy St,3167,10/1/2024,1500000,4,15.5,2,2,597,,
Kingston,22 Keith St,3195,10/1/2024,1300000,4,21.5,2,2,597,150,1970
Moreland,49 Kent Rd,3044,10/1/2024,860000,2,8.5,1,4,609,,
Moreland,12 Shanley St,3044,,740000,2,8.5,1,1,487,88,
Port Phillip,308/15 Pickles St,3207,11/1/2024,800000,3,3.5,1,2,0,80,2008
Stonnington,9/305 Dandenong Rd,3181,10/1/2024,1020000,2,4.6,1,1,0,102,
Stonnington,24/8 Sydney St,3181,11/1/2024,660000,2,4.6,2,1,0,76,1970
Darebin,21 Edwin St,3072,11/1/2024,1242000,3,8.4,2,3,468,135.5,
Darebin,173 Raglan St,3072,10/1/2024,1350000,5,8.4,3,4,525,266.76,2014
Darebin,6 The Mews,3072,12/1/2024,1020000,3,8.4,3,2,158,159,2008
Darebin,29 Byfield St,3073,11/1/2024,877500,3,12,1,1,598,,
Darebin,69 Chauvel St,3073,,912000,5,12,3,4,890,203,1960
Darebin,9 Kelverne St,3073,11/1/2024,685000,3,12,1,3,494,102,1960
Darebin,1/31 Kenilworth St,3073,,270000,1,12,1,1,0,60,1980
Darebin,1/65 Thackeray Rd,3073,10/1/2024,470000,2,12,1,1,73,,
Yarra,7/129 Hoddle St,3121,11/1/2024,890500,2,2.4,2,2,180,123,
Yarra,15 The Crofts,3121,10/1/2024,,3,2.4,1,0,200,,
Macedon Ranges,53 Bluegum Cct,3431,10/1/2024,817000,4,47.4,2,4,1459,272.4,2011
Maroondah,28 Through Rd,3134,11/1/2024,,3,19.9,1,1,446,114,1955
Port Phillip,84 Brighton Rd,3185,11/1/2024,1005000,2,7.2,2,2,290,,
Knox,71 Kellbourne Dr,3178,,860000,4,23.5,2,0,725,196,1985
Frankston,4 Galilee Dr,3977,12/1/2024,645000,4,34.7,2,2,448,187,2010
Bayside,26 Regent Ct,3191,10/1/2024,1770000,4,15.2,2,2,463,233,1998
Frankston,42 Mitchell St,3198,11/1/2024,1050000,6,35.4,4,2,662,373,
Maribyrnong,36 Bayview Rd,3011,11/1/2024,1085000,3,5.1,1,1,297,211,
Brimbank,7 Arnold St,3020,11/1/2024,780000,4,10.5,2,2,696,199,1999
Brimbank,1/41 Bardsley St,3020,10/1/2024,518000,3,10.5,1,1,322,,
Whitehorse,52 Park Rd,3127,12/1/2024,2000000,5,10.2,3,2,735,286,
Manningham,6 Annan Pl,3106,11/1/2024,1450000,4,15.5,2,2,883,300,2005
Manningham,19 Dena Ct,3106,11/1/2024,1860000,4,15.5,3,3,682,315,1995
Manningham,20 Fyfe Dr,3107,11/1/2024,1181000,3,12.4,1,2,656,,
Whittlesea,18 Darebin Dr,3074,12/1/2024,651000,3,15.3,1,2,555,135,1970
Darebin,19 Alston St,3071,10/1/2024,1250000,3,7,1,2,695,133,1960
Whitehorse,41 Carinya Rd,3133,10/1/2024,1235000,4,17.2,2,4,624,161,1960
Whitehorse,3 Terrara Ct,3133,10/1/2024,1290000,4,17.2,2,2,407,300,2003
Knox,14 Riverpark Dr,3152,12/1/2024,1180000,6,14.7,2,2,453,305,2001
Maribyrnong,243 Essex St,3012,12/1/2024,749000,2,6.4,1,1,369,,
Stonnington,27 Hornby St,3181,11/1/2024,957500,2,4.6,1,1,136,58,
Stonnington,16 Wrexham Rd,3181,12/1/2024,2080000,3,4.6,2,2,754,177.8,
Banyule,3 Sirius Ct,3085,10/1/2024,852000,3,12.7,2,2,629,139.4,1990
Yarra,1/43 Abbotsford St,3067,10/1/2024,505000,2,3,1,1,0,38,1970
Yarra,67 Yarra St,3067,10/1/2024,1402500,3,3,1,1,270,101,1960
Moonee Valley,5 Rita St,3040,11/1/2024,2905000,5,7.5,3,2,557,364,2010
Moonee Valley,163 Halsey Rd,3042,,650000,2,10.4,1,3,374,96,1950
Moonee Valley,127A Parer Rd,3042,11/1/2024,856000,3,10.4,2,1,300,212,2011
Port Phillip,96 Danks St,3206,10/1/2024,1505000,3,3,1,1,149,109,
Port Phillip,99 Merton St,3206,10/1/2024,,3,3,1,1,186,,
Brimbank,2/36 Selwyn St,3020,11/1/2024,600000,3,10.5,2,2,247,127,2013
Hobsons Bay,70 Purnell St,3018,10/1/2024,,3,11,1,4,575,112,1960
Stonnington,8/74 Denbigh Rd,3143,10/1/2024,410000,2,6.3,1,0,1097,63,1967
Moonee Valley,39 Middle St,3032,12/1/2024,1530000,3,4.3,2,1,257,162,
Moonee Valley,91A Walter St,3032,10/1/2024,1082000,3,4.3,2,2,254,120,2000
Boroondara,5/4 Raynes St,3103,10/1/2024,725000,2,7.9,1,1,136,76,1975
Boroondara,1/18 Weir St,3103,12/1/2024,602000,2,7.9,1,1,1129,72,1960
Boroondara,4/229 Whitehorse Rd,3103,12/1/2024,830000,2,7.9,2,1,0,101.76,2007
Boroondara,2/37 Aylmer St,3104,12/1/2024,1300000,3,9.7,2,2,975,147,1985
Boroondara,17 Cityview Rd,3104,12/1/2024,1940000,5,9.7,2,1,629,140,
Boroondara,10 Columba St,3104,10/1/2024,1590000,3,9.7,1,1,697,128,1955
Boroondara,2/14 Hatfield St,3104,11/1/2024,725000,2,9.7,1,1,134,,1970
Knox,15 Clifford St,3153,12/1/2024,705000,4,23.2,2,4,765,141,1975
Bayside,13 Bodley St,3193,10/1/2024,2200000,4,17.3,3,2,704,318,2014
Glen Eira,8/12 Brentwood St,3204,12/1/2024,420000,2,11.4,1,1,0,68,1970
Glen Eira,191 Centre Rd,3204,12/1/2024,1479000,4,11.4,2,2,603,148,
Glen Eira,31 Bristol St,3165,,890000,3,13.8,2,1,260,,
Glen Eira,52 Deakin St,3165,12/1/2024,1655000,4,13.8,2,5,612,363,2003
Glen Eira,81 Marlborough St,3165,12/1/2024,,3,13.8,2,2,614,197,1950
Casey,2 Greystoke Ct,3806,,667000,4,35.2,2,2,792,180,1977
Bayside,1/43 Iona St,3193,12/1/2024,1080000,3,17.3,2,2,328,144,1980
Banyule,1/4 Box Rd,3088,12/1/2024,590000,3,16.1,1,2,392,,
Bayside,1C Baird St,3187,12/1/2024,1750800,3,10.3,4,2,424,201,2012
Bayside,15 Wallen St,3187,12/1/2024,1605000,4,10.3,1,2,606,163,
Bayside,1A Wallen St,3187,12/1/2024,1035000,2,10.3,1,1,542,65,1985
Hume,87 Academy Dr,3047,12/1/2024,505000,3,14,1,1,546,109,2000
Hobsons Bay,32 Millers Rd,3012,10/1/2024,663000,3,6.4,2,2,244,129,2010
Moreland,13 Blair St,3056,,860000,2,5.2,1,1,245,106,
Moreland,141 Edward St,3056,10/1/2024,1505000,3,5.2,1,1,349,,
Moreland,11 Heller St,3056,12/1/2024,2545000,5,5.2,3,4,957,320,1995
Moreland,32 Holloway Rd,3056,11/1/2024,1405000,3,5.2,2,2,401,167,
Moreland,2/90 Tinning St,3056,12/1/2024,,2,5.2,1,1,69,52,1970
Moreland,40 Albion St,3057,10/1/2024,1210000,4,4,2,2,425,140,
Moreland,2/7 Gordon St,3055,12/1/2024,460000,2,5.2,1,1,54,60,1970
Moreland,209 Union St,3055,,1075000,5,5.2,1,1,441,202,
Whittlesea,16 Cranberry Pl,3083,10/1/2024,880000,4,12.1,2,2,520,261,2004
Whittlesea,12 Jones Ct,3083,11/1/2024,1405000,3,12.1,2,2,639,634,
Yarra,2a Cherrill St,3121,10/1/2024,1837500,3,2.4,2,1,93,164,2014
Melton,12 Burke Rd,3023,12/1/2024,593000,3,14.8,2,2,480,195,2007
Whitehorse,11 McComas Gr,3125,12/1/2024,,7,10.4,4,2,765,146,1950
Whitehorse,2C Ray Rd,3151,10/1/2024,780000,3,14.7,2,2,306,138,1999
Boroondara,2/4 Tyne St,3124,11/1/2024,1290000,3,7.7,2,2,321,195.0964,1997
Boroondara,43 Matlock St,3126,10/1/2024,,3,8.4,2,1,359,119,
Boroondara,6 Maysia St,3126,10/1/2024,2408000,4,8.4,2,2,654,221,
Boroondara,42 Parlington St,3126,12/1/2024,,4,8.4,3,2,967,470,1996
Glen Eira,3/51 Coorigil Rd,3163,11/1/2024,1042000,3,10.1,2,2,0,122,2008
Glen Eira,42 Elimatta Rd,3163,10/1/2024,1450000,3,10.1,2,2,621,167,
Frankston,38 Trafford Rd,3201,10/1/2024,525000,4,34.9,2,2,550,172,2010
Glen Eira,5/14 Briggs St,3162,,570000,2,8.7,1,1,601,65,
Glen Eira,641 Inkerman Rd,3161,12/1/2024,1417500,2,7.8,1,2,307,103,
Monash,2/15 Atkinson St,3148,12/1/2024,510000,2,11.7,1,2,897,66,1970
Kingston,1 Dewrang St,3192,,1010000,3,17.9,1,2,532,,
Kingston,1/21 Kayden St,3192,,601000,2,17.9,1,1,1078,94,1972
Kingston,6 Tilley St,3192,10/1/2024,1145000,3,17.9,1,2,584,112,1950
Yarra Ranges,2 Greenridge Ct,3116,10/1/2024,911982,4,27.1,2,3,734,222,1996
Monash,7 Jaguar Dr,3168,,1040000,4,16.7,2,2,735,130,1970
Kingston,1/1 Hadkinson St,3169,10/1/2024,700000,3,17.5,2,2,363,,2006
Yarra,15 Caroline St,3068,11/1/2024,1460000,3,3.6,1,0,192,85,
Yarra,8/96 Spensley St,3068,12/1/2024,556000,2,3.6,1,0,0,,1968
Moreland,10 Arthur St,3058,10/1/2024,865000,3,6.7,2,2,677,110,1960
Moreland,2/4 Manly Ct,3058,11/1/2024,525000,2,6.7,2,1,143,102,
Yarra,43 Campbell St,3066,,1135000,2,2,1,0,144,80,
Yarra,81 Easey St,3066,12/1/2024,900000,2,2,1,0,139,78,
Hume,2 Andover La,3064,10/1/2024,340000,2,20.6,1,1,197,,
Hume,5 Healey St,3064,11/1/2024,499000,3,20.6,2,0,598,158,1990
Hume,10 Huntingdale Ct,3064,10/1/2024,506000,6,20.6,2,2,655,202,1997
Hume,77 Huntington Dr,3064,10/1/2024,430000,3,20.6,2,1,280,127,2010
Hume,84 Royal Tce,3064,11/1/2024,420000,3,20.6,2,2,219,175,2010
Yarra,311/163 Cremorne St,3121,11/1/2024,,2,2.4,2,1,0,75,2007
Maroondah,13 Robinson St,3136,12/1/2024,637000,3,23,1,2,455,156,1960
Maroondah,8 Wildberry Cl,3136,,905000,4,23,2,2,731,178,1985
Maroondah,6 Baringa Rd,3136,11/1/2024,835000,4,23,1,2,1717,153,1950
Brimbank,7 Ballina Ct,3023,11/1/2024,447000,4,14.8,2,2,704,,
Brimbank,8 Drum St,3030,10/1/2024,610000,4,14.7,2,2,528,210,2010
Kingston,4 Ruby Pl,3172,10/1/2024,1255000,4,22.2,2,3,624,277,2004
Manningham,41 Bordeaux St,3108,10/1/2024,1616000,4,12.4,2,2,668,,
Manningham,2/24 Boronia Gr,3109,10/1/2024,871000,3,14.3,2,2,195,142,2010
Manningham,31 Cavalier St,3109,11/1/2024,1451000,3,14.3,2,2,695,130.52,1960
Manningham,30 Daphne St,3109,10/1/2024,1385000,3,14.3,2,3,654,149,1966
Manningham,2A Dianne St,3109,10/1/2024,1360000,3,14.3,2,2,402,200,2007
Kingston,91 Edithvale Rd,3196,11/1/2024,1850000,6,27,4,4,840,547,2011
Kingston,24 Tudor Ct,3196,12/1/2024,612500,2,27,1,2,421,88,1975
Glen Eira,111 Nepean Hwy,3185,12/1/2024,,3,7.2,2,1,306,,
Glen Eira,1/6 Parnell St,3185,12/1/2024,1970000,4,7.2,2,2,470,,
Nillumbik,17 Beard St,3095,,855000,6,18,3,3,804,214,1980
Nillumbik,5 Souter St,3095,10/1/2024,855000,3,18,1,1,654,104,1985
Nillumbik,45 Parry Rd,3095,12/1/2024,895000,4,18,3,2,792,233,1995
Banyule,99 Weidlich Rd,3095,,925000,4,18,2,2,796,,
Port Phillip,1/203 Brighton Rd,3184,11/1/2024,902000,2,7.2,1,0,702,86,
Port Phillip,50 John St,3184,10/1/2024,1410000,2,7.2,1,1,249,117,
Port Phillip,2/481 St Kilda St,3184,,,3,7.2,2,2,797,175,1997
Whittlesea,12 Cabot Dr,3076,,500000,3,19.6,2,2,553,117,1975
Whittlesea,7 Cavalier Ct,3076,11/1/2024,,3,19.6,2,2,637,125,1990
Whittlesea,18 Grimwade Ct,3076,,,3,19.6,2,1,525,125,
Whittlesea,53 Hayston Bvd,3076,12/1/2024,465000,3,19.6,2,1,606,111.04,2005
Whittlesea,13 Orlit Ct,3076,11/1/2024,545000,4,19.6,2,2,635,157,1985
Moonee Valley,100 Bradshaw St,3040,11/1/2024,1980000,2,7.5,1,6,856,105,1950
Moonee Valley,1/7 Mary St,3040,10/1/2024,830000,3,7.5,2,1,176,134,2011
Moonee Valley,1B Ogilvie St,3040,12/1/2024,,3,7.5,2,1,173,107,2007
Moonee Valley,1/10 Winifred St,3040,,850000,3,7.5,2,2,204,,
Moonee Valley,5/8 Keam St,3041,11/1/2024,,2,8.2,1,1,92,63.4,1970
Moonee Valley,36 Ruby St,3040,12/1/2024,1050000,3,7.5,3,1,846,187,
Moreland,139 Anderson Rd,3060,,710000,3,13.1,2,4,491,,
Moreland,8 James St,3060,10/1/2024,800000,4,13.1,2,4,625,140,1960
Moreland,46 Marlborough St,3060,12/1/2024,,2,13.1,1,4,687,94,1960
Moreland,13A Queens Pde,3060,10/1/2024,577000,3,13.1,1,1,164,,2003
Knox,24a Helen Rd,3156,11/1/2024,617000,2,24.8,2,1,306,120,2011
Yarra,74 Best St,3068,11/1/2024,1321000,2,3.6,1,1,167,,
Yarra,710 Brunswick St,3068,12/1/2024,960000,2,3.6,1,0,121,,
Moonee Valley,8 John St,3031,,990000,2,3.4,1,1,180,82,
Maribyrnong,6/6 Rosamond Rd,3011,10/1/2024,455000,2,5.1,1,1,43,86,2010
Whitehorse,33/305 Canterbury Rd,3131,10/1/2024,680000,2,15.4,1,1,189,73,2001
Hume,91 Carrick Dr,3043,12/1/2024,755000,3,12.9,1,1,935,130,1975
Stonnington,2/37 Aintree Rd,3146,12/1/2024,762000,2,7.3,1,1,730,93,
Boroondara,1/25 Gardiner Pde,3146,12/1/2024,1501000,3,7.3,2,2,313,160,1995
Monash,11 Buller Dr,3150,10/1/2024,,4,16.7,2,2,762,,
Monash,19 Norfolk St,3150,,1100000,4,16.7,2,2,726,101,1961
Monash,1/14 Utah Rd,3150,,1135000,3,16.7,2,2,328,152,1980
Moreland,1 Dromana St,3046,10/1/2024,865000,3,11.2,1,1,746,152,1960
Moreland,7/56 Golf Links Rd,3046,11/1/2024,362500,1,11.2,1,1,124,75,1980
Moreland,8 Kalang Rd,3046,10/1/2024,922000,3,11.2,1,1,584,153,1960
Moreland,7 Mitchell Ct,3046,11/1/2024,650000,2,11.2,1,2,650,,
Moreland,73 Pecham St,3046,10/1/2024,963500,3,11.2,2,6,697,174,1960
Banyule,5 Glenice St,3088,11/1/2024,740000,3,16.1,1,3,580,142,1962
Hume,65 Clare Bvd,3059,10/1/2024,730000,4,20.4,2,1,633,270,2004
Hume,69 Greenvale Dr,3059,12/1/2024,770000,3,20.4,2,2,711,154,1985
Bayside,28 The Avenue,3188,11/1/2024,2550000,4,13.8,2,2,726,200,
Boroondara,328 Barkers Rd,3122,11/1/2024,2800000,4,5.3,2,2,750,192,
Boroondara,3 Churchill Gr,3122,12/1/2024,2402500,3,5.3,2,2,273,,
Boroondara,10 Edward St,3122,10/1/2024,1702000,3,5.3,1,2,290,110,
Boroondara,16 Marian St,3122,10/1/2024,,4,5.3,2,2,446,274,2002
Boroondara,8/772 Burwood Rd,3123,11/1/2024,802500,2,6.2,1,2,966,87,1970
Boroondara,6/20 Denmark Hill Rd,3123,10/1/2024,441000,1,6.2,1,0,0,50,1960
Boroondara,5/305 Riversdale Rd,3123,10/1/2024,500000,2,6.2,1,1,1324,72,1970
Banyule,3/62 Darebin St,3084,10/1/2024,738000,2,8.9,1,2,154,107,1985
Banyule,31 Collins St,3081,11/1/2024,800000,3,8.8,1,0,583,92.5,
Banyule,49C Dresden St,3081,10/1/2024,680000,2,8.8,1,1,129,106,2013
Banyule,312 Liberty Pde,3081,12/1/2024,605000,3,8.8,1,2,377,115.96,1960
Banyule,314 Liberty Pde,3081,10/1/2024,,3,8.8,1,2,429,109,1950
Bayside,8 Sydenham St,3190,10/1/2024,1600000,3,16,2,3,598,137,1960
Brimbank,10 Chris Ct,3037,11/1/2024,677000,4,18,2,2,661,196,1999
Melton,10 View Ct,3037,11/1/2024,737500,4,18,2,2,704,230,2004
Wyndham,138 Bellbridge Dr,3029,11/1/2024,,3,18.4,2,2,530,169,1999
Wyndham,9 Hawthorn Dr,3029,12/1/2024,505000,3,18.4,1,1,663,142,1995
Wyndham,10 Kelwin Ct,3029,10/1/2024,680000,4,18.4,2,3,800,158,1990
Wyndham,38 MacEdon St,3029,10/1/2024,442500,3,18.4,1,2,537,121.84,1980
Monash,1/7 Dalston Rd,3166,,1203500,3,12.3,2,2,311,127,2000
Monash,198 Poath Rd,3166,12/1/2024,1250000,3,12.3,1,2,603,,
Banyule,128 Green St,3079,,,3,7.8,1,2,424,114,1950
Banyule,8 Carmichael St,3079,,1640000,3,7.8,1,2,617,158,
Hume,7 Bessell Ct,3047,10/1/2024,,3,14,1,1,708,90,1960
Brimbank,3 Gerona St,3036,10/1/2024,,3,14.5,1,1,589,157,1965
Moonee Valley,10 Cecelia Dr,3033,11/1/2024,806000,3,11.7,2,4,546,,
Brimbank,55 Erebus St,3042,10/1/2024,752500,3,10.4,2,1,468,144,
Melbourne,205/72 Altona St,3031,10/1/2024,400000,1,3.4,1,1,0,56,2008
Boroondara,1/125 Walpole St,3101,10/1/2024,825000,2,5.4,1,3,193,107,1995
Boroondara,6/62 Walpole St,3101,12/1/2024,,2,5.4,1,1,0,80,
Boroondara,9 Hartwood St,3102,10/1/2024,2258000,4,7.3,1,2,836,173,
Greater Dandenong,19 The Strand,3173,12/1/2024,1250000,4,25.2,2,2,560,305,2005
Brimbank,13 Camelia St,3021,12/1/2024,520000,5,14,2,3,545,171,1972
Knox,8 Markhill Pl,3180,11/1/2024,,4,23.3,2,2,900,281,1994
Whittlesea,3/103 Cyprus St,3075,11/1/2024,383000,2,16.3,1,2,138,,
Whittlesea,1 Kent Rd,3075,10/1/2024,600000,3,16.3,2,2,534,121,1980
Whittlesea,61 McKimmies Rd,3075,11/1/2024,487000,3,16.3,1,1,533,160,1970
Whittlesea,13 Rosemary Dr,3075,10/1/2024,572000,3,16.3,1,2,640,140,1975
Banyule,4/38 Alma St,3093,11/1/2024,650000,2,14.6,2,2,248,120,1995
Stonnington,13 Nicholls St,3144,10/1/2024,1700000,3,5.9,2,0,312,141,
Stonnington,3/1 Grant St,3145,12/1/2024,1060000,3,8.4,1,1,206,110,1980
Maribyrnong,21/9 Fabian Ct,3032,11/1/2024,530000,2,4.3,1,1,81,88,1980
Maribyrnong,107 Gatehouse Pl,3032,11/1/2024,450000,2,4.3,1,1,0,93,
Maribyrnong,18/4 Wests Rd,3032,12/1/2024,353000,2,4.3,1,1,4977,79,2000
Melbourne,1814/250 Elizabeth St,3000,11/1/2024,720000,2,0,1,1,0,86,1976
Melton,14 Musk Ct,3337,10/1/2024,295000,3,31.7,1,4,600,122.86,1975
Melton,3 Francis St,3338,11/1/2024,347500,4,29.8,2,1,587,149,1990
Melton,3 Becker Cl,3337,12/1/2024,410000,3,31.7,2,2,740,119,1985
Kingston,1 Rogers St,3194,11/1/2024,1485000,5,20,2,2,720,174,1975
Port Phillip,150 Page St,3206,10/1/2024,1750000,3,3,2,0,138,155,
Whittlesea,3/84 Mill Park Dr,3082,11/1/2024,480750,2,17.9,1,1,114,92,
Whitehorse,5a Compton St,3132,12/1/2024,,2,17.2,1,1,300,90,2011
Whitehorse,27 Forster St,3132,10/1/2024,655000,2,17.2,1,4,446,82,1975
Whitehorse,1/39 Harrison St,3132,10/1/2024,775000,3,17.2,1,2,208,110,1975
Whitehorse,1/10 Owen St,3132,,820000,3,17.2,1,2,439,110,1960
Banyule,35 Astley St,3094,10/1/2024,900000,3,16.2,1,1,575,138,1980
Banyule,21 Beattie St,3094,12/1/2024,806000,3,16.2,1,0,396,108,1955
Banyule,17 Virginia Ct,3094,11/1/2024,980000,4,16.2,3,2,701,300,1993
Monash,1/2 Gwynne St,3149,12/1/2024,670000,2,14.2,1,1,296,,
Monash,3 Rowan Ct,3149,10/1/2024,1615000,3,14.2,1,2,1321,,
Glen Eira,217 Murrumbeena Rd,3163,11/1/2024,1540000,4,10.1,2,2,589,199,
Glen Eira,7/502 Neerim Rd,3163,10/1/2024,470000,1,10.1,1,1,0,76,2000
Greater Dandenong,26 Forster St,3174,11/1/2024,730000,3,22.7,1,4,695,130,1963
Greater Dandenong,6 Helen Ct,3174,10/1/2024,676000,3,22.7,1,1,587,114.2,1960
Greater Dandenong,13 Mather Rd,3174,10/1/2024,,4,22.7,2,4,702,140,1980
Melbourne,72 Curzon St,3051,11/1/2024,1126000,2,1.8,1,0,114,65,
Melbourne,4/8 Falshaws La,3051,12/1/2024,799000,2,1.8,1,1,0,73,
Melbourne,357 Flemington Rd,3051,10/1/2024,1285000,3,1.8,1,1,170,147,1990
Darebin,205 Clarke St,3070,12/1/2024,1512000,3,5.3,1,0,326,125,
Whitehorse,3/7 Lilian St,3131,11/1/2024,1235000,3,15.4,3,2,338,28,
Whitehorse,2/324 Springfield Rd,3131,12/1/2024,777000,3,15.4,2,2,239,113,2014
Monash,2/83 Patrick St,3166,11/1/2024,912000,4,12.3,2,2,344,146,1997
Glen Eira,11 Newham Gr,3204,,1565000,4,11.4,3,2,719,154,
Kingston,5 Booth St,3195,10/1/2024,1270000,2,21.5,1,4,772,120,
Kingston,20 Hawke St,3195,10/1/2024,1137500,4,21.5,2,4,641,180,1980
Kingston,3 Surf St,3195,,1415000,3,21.5,1,2,545,145,1950
Moreland,4/236 Boundary Rd,3044,12/1/2024,530000,2,8.5,2,1,135,84,
Moreland,111 Derby St,3044,,,3,8.5,1,2,525,146,1960
Moreland,1/22 Joffre Rd,3044,11/1/2024,736000,3,8.5,1,0,278,116,1950
Moreland,1/43 Surrey St,3044,,478000,2,8.5,1,1,0,73,1960
Port Phillip,31 Albert St,3207,11/1/2024,1335000,2,3.5,1,0,181,105,
Stonnington,5/305 Dandenong Rd,3181,10/1/2024,740000,2,4.6,1,1,0,100,
Stonnington,102/11 Hillingdon Pl,3181,10/1/2024,698000,2,4.6,1,1,0,85,
Stonnington,20 King St,3181,10/1/2024,,2,4.6,1,0,117,48,
Stonnington,9/3 Rae Ct,3181,11/1/2024,660000,2,4.6,1,1,0,,
Darebin,19 Cynga St,3072,10/1/2024,920000,3,8.4,1,2,693,93,1950
Darebin,105 Gower St,3072,12/1/2024,,3,8.4,1,2,680,129,1960
Darebin,52 May St,3072,12/1/2024,1171000,3,8.4,1,2,483,186,
Darebin,477 Murray Rd,3072,10/1/2024,,5,8.4,2,2,559,192,
Darebin,3/5 Sussex St,3072,10/1/2024,617500,2,8.4,1,3,155,81,1985
Darebin,25 Fyfe St,3073,10/1/2024,575000,2,12,2,1,151,102,2015
Darebin,104 Purinuan Rd,3073,11/1/2024,635000,3,12,2,2,289,147,2009
Darebin,4 Wattle Gr,3073,12/1/2024,860000,3,12,1,2,627,136,1950
Yarra,52/73 River St,3121,10/1/2024,,2,2.4,2,1,14196,86,2005
Yarra,7/4 Smith St,3121,10/1/2024,314000,1,2.4,1,1,0,37,1970
Yarra,9 Wall St,3121,12/1/2024,1341000,2,2.4,1,0,135,87,
Maroondah,2/5 Mines Rd,3135,10/1/2024,609000,2,21.3,1,2,190,70,1970
Banyule,9 Darvall St,3084,12/1/2024,,3,8.9,2,2,468,212,1985
Bayside,8/7 Neptune St,3191,12/1/2024,760000,2,15.2,1,1,0,82,1970
Frankston,12 Riviera St,3198,12/1/2024,795000,4,35.4,2,2,631,158,1960
Maribyrnong,57 Charles St,3011,12/1/2024,830000,2,5.1,1,1,152,91,
Maribyrnong,19 Station Rd,3011,11/1/2024,940000,2,5.1,1,0,207,94,
Stonnington,10/20 Chambers St,3141,,,3,2.7,3,1,913,,1996
Stonnington,4 Hawksburn Rd,3141,10/1/2024,2920000,4,2.7,2,2,564,254,
Stonnington,17/43 Kensington Rd,3141,10/1/2024,400000,1,2.7,1,1,0,43,1950
Melbourne,2/96 Dodds St,3006,12/1/2024,600000,2,0.7,1,1,0,78,
Melbourne,28/161 Sturt St,3006,11/1/2024,,2,0.7,1,1,3634,80,1993
Hobsons Bay,111 The Avenue,3015,10/1/2024,1000000,3,6.2,1,3,399,,
Banyule,11 Erinne Ct,3088,10/1/2024,1387000,5,16.1,3,3,1348,370,2005
Port Phillip,4/57 Chapel St,3182,12/1/2024,480000,1,5,1,1,0,64,
Hume,20 Miller St,3429,11/1/2024,535000,4,31.7,2,2,808,155,1970
Brimbank,81 Parsons St,3020,10/1/2024,1070000,3,10.5,2,2,573,198,
Brimbank,9 Compton Pde,3020,11/1/2024,750000,6,10.5,2,4,588,113,1955
Brimbank,9 McLeod St,3020,10/1/2024,632000,3,10.5,1,1,471,121,1950
Boroondara,25 James St,3127,10/1/2024,2505000,5,10.2,2,0,739,266.53,
Boroondara,33 Kingston Rd,3127,10/1/2024,1785000,3,10.2,1,1,516,120,
Manningham,140 Swanston St,3107,11/1/2024,1375000,4,12.4,2,1,662,240,1950
Whittlesea,18 Plane St,3074,10/1/2024,630000,3,15.3,1,3,654,,
Whittlesea,84 The Boulevard,3074,11/1/2024,740000,3,15.3,1,2,727,109,1952
Darebin,2/124 Flinders St,3071,12/1/2024,745000,2,7,1,1,120,70,1975
Darebin,30 Martin St,3071,11/1/2024,1225000,3,7,1,0,275,90,
Wyndham,1/14 Stable Dr,3029,10/1/2024,,3,18.4,2,1,289,138,2008
Hume,1/6 Burvale Ct,3043,10/1/2024,555000,3,12.9,2,2,286,,
Hume,35 Finningley Dr,3043,10/1/2024,695000,3,12.9,1,2,676,121,1980
Banyule,34 Martins La,3084,10/1/2024,870000,3,8.9,2,2,291,151,2000
Banyule,66 MacOrna St,3087,11/1/2024,710000,4,14.5,1,3,541,145,1960
Wyndham,58 Church St,3030,11/1/2024,570000,3,14.7,1,2,660,113,1960
Maribyrnong,5/19 Waratah St,3012,11/1/2024,,3,6.4,1,1,126,120,1995
Melbourne,1/110 Railway Pl,3003,10/1/2024,660000,2,3.1,1,1,0,91,1993
Hume,124 Raleigh St,3049,11/1/2024,560000,5,16.5,2,2,626,,
Hobsons Bay,2/70 Osborne St,3016,12/1/2024,,2,6.8,1,2,169,78.54,2000
Hobsons Bay,6 Edina St,3016,11/1/2024,862000,3,6.8,1,1,353,85.35,
Whittlesea,8 Yumbarra Pde,3750,10/1/2024,595000,4,25.5,2,2,448,370,2012
Maribyrnong,1/27 Stephen St,3013,,,2,6.3,1,1,80,80,1970
Moonee Valley,3/26 Highridge Cr,3042,10/1/2024,670000,3,10.4,1,2,169,153,2000
Moonee Valley,29 Brentwood Dr,3034,10/1/2024,820000,3,9.5,1,2,680,,
Moonee Valley,6 Ridley Av,3034,12/1/2024,720000,3,9.5,1,1,582,110,1965
Moonee Valley,132 Templewood Cr,3034,11/1/2024,1107500,3,9.5,3,1,668,190,2014
Port Phillip,21/54 Balston St,3183,10/1/2024,328500,1,6.4,1,1,0,,
Knox,15 Edinburgh Rd,3153,10/1/2024,900000,5,23.2,2,2,942,,
Knox,1/20 Kumala Rd,3153,12/1/2024,,2,23.2,1,1,158,69,1975
Glen Eira,4/463 South Rd,3204,10/1/2024,380000,2,11.4,1,1,1,62,2011
Casey,9 Geranium Ct,3806,12/1/2024,920000,4,35.2,5,2,638,352,2014
Casey,9 Sunview Pl,3806,12/1/2024,950000,4,35.2,4,2,603,391,2007
Whitehorse,3/43 The Ridge,3130,10/1/2024,485000,2,13.4,1,1,0,55,1960
Whitehorse,24 Sylvia St,3130,,1291000,3,13.4,2,2,548,127,1970
Knox,8 Darwin Rd,3155,,775000,3,25,1,2,720,131,1970
Knox,34 Russell Cr,3155,,820000,4,25,2,4,719,200,1975
Maribyrnong,14 Enderby Ct,3019,12/1/2024,797000,3,8.6,1,2,694,110,1960
Maribyrnong,10 Menzies St,3019,10/1/2024,760000,5,8.6,2,2,622,,
Maribyrnong,1 Walker Pl,3019,11/1/2024,590000,2,8.6,1,1,304,74,1950
Bayside,1/3 Gleniffer Av,3187,10/1/2024,585000,2,10.3,1,1,0,82,1950
Glen Eira,90 Thomas St,3187,12/1/2024,1580000,4,10.3,1,2,890,165,1970
Hume,48 Walsh St,3047,11/1/2024,386000,3,14,1,1,341,71,1965
Hobsons Bay,3/49 Stenhouse Av,3012,12/1/2024,515000,2,6.4,1,2,159,140,2012
Moreland,9 Blyth St,3056,,1515000,4,5.2,2,2,236,194,
Moreland,37 Fourth Av,3056,12/1/2024,1037000,3,5.2,1,1,210,101,1996
Moreland,219 Glenlyon Rd,3057,10/1/2024,1330000,3,4,2,1,161,190,
Moreland,63 Harrison St,3057,10/1/2024,937000,3,4,2,1,110,121.8,2000
Moreland,302/218 Lygon St,3057,12/1/2024,290000,1,4,1,0,197,41,2012
Banyule,12 Norwood Ct,3083,12/1/2024,730000,3,12.1,1,1,612,101,1960
Banyule,71 Wallara Cr,3083,12/1/2024,660000,3,12.1,1,2,582,119,1970
Whitehorse,389 Blackburn Rd,3151,10/1/2024,1150000,3,14.7,2,2,668,140,1965
Whitehorse,1 Sartori St,3151,10/1/2024,1600000,4,14.7,2,2,592,260,2007
Boroondara,5/26 Cornell St,3124,12/1/2024,755000,2,7.7,1,1,92,82.6,1960
Glen Eira,1/17 Cosy Gum Rd,3163,,750000,2,10.1,1,2,0,85,1970
Glen Eira,5/12 Judith St,3163,11/1/2024,286000,1,10.1,1,1,314,45,1960
Glen Eira,7/177 Oakleigh Rd,3163,10/1/2024,580010,2,10.1,1,1,0,72,1970
Glen Eira,1/108 Truganini Rd,3163,11/1/2024,1250000,4,10.1,3,2,326,223,2005
Melton,5/1 Dargi Grn,3023,10/1/2024,360000,3,14.8,1,1,0,136.49,2009
Melton,20 Hawksbury Grn,3023,10/1/2024,740000,4,14.8,2,2,750,222,2008
Frankston,40 Whimbrel Cr,3201,11/1/2024,647000,4,34.9,2,4,688,204,2002
Monash,1/11 Hiscock St,3148,12/1/2024,930000,3,11.7,2,1,0,127,2011
Moreland,251 Bell St,3058,12/1/2024,760000,2,6.7,1,2,378,105,
Moreland,5A Hardwick St,3058,11/1/2024,876000,2,6.7,2,1,134,100,2014
Yarra,6/13 Alexander St,3066,12/1/2024,365000,1,2,1,0,0,46,1960
Yarra,30 Alexander St,3066,12/1/2024,1297000,3,2,2,0,186,137,
Maroondah,30 Allendale Rd,3136,12/1/2024,865000,5,23,2,2,974,200,1975
Maroondah,21 Dixon Av,3136,11/1/2024,760000,4,23,2,2,815,140,1960
Maroondah,434 Dorset Rd,3136,11/1/2024,725000,3,23,1,2,802,105,1980
Maroondah,21 Taylors Rd,3136,,,4,23,2,2,864,228,2008
Greater Dandenong,2 Chifley Cr,3175,,,3,24.7,1,1,375,,
Greater Dandenong,24 Crawford Av,3175,11/1/2024,614000,4,24.7,2,2,680,,
Greater Dandenong,64 Waranga St,3175,10/1/2024,930000,4,24.7,2,1,830,200,1980
Brimbank,13 Cavendish Dr,3023,12/1/2024,557000,3,14.8,1,2,539,148,1985
Brimbank,13 Poole St,3023,12/1/2024,,3,14.8,1,2,697,135,1955
Kingston,2 Cormorant Pl,3172,10/1/2024,806000,3,22.2,2,1,539,134,1968
Manningham,103 High St,3108,10/1/2024,1430000,4,12.4,2,2,736,,
Manningham,10 Margot Av,3108,10/1/2024,,4,12.4,3,2,674,250,1982
Manningham,20 Dianne St,3109,10/1/2024,1310000,4,14.3,3,2,706,200,1970
Manningham,2 Monet Ct,3109,10/1/2024,1530000,3,14.3,2,2,798,160,1978
Manningham,6/5 Sunray Ct,3111,10/1/2024,630000,2,16.1,1,1,196,100,2000
Banyule,129 Banksia St,3084,12/1/2024,1300000,3,8.9,1,2,615,138,1950
Kingston,96 Berry Av,3196,10/1/2024,1260000,5,27,6,3,900,178,1960
Nillumbik,6/17 Silver St,3095,10/1/2024,655000,3,18,1,2,197,108,2009
Port Phillip,206/35 Ormond Rd,3184,11/1/2024,435000,1,7.2,1,1,1192,44,2009
Whittlesea,8 Efficient St,3076,11/1/2024,490000,3,19.6,2,2,375,155,2012
Whittlesea,6/7 Houston St,3076,10/1/2024,392250,3,19.6,1,1,227,101,
Whittlesea,2/8 Zurzolo Tce,3076,10/1/2024,417500,2,19.6,1,1,157,102,2000
Moonee Valley,20 Butler St,3040,,1000000,3,7.5,2,2,213,169,
Moonee Valley,9/44 Fletcher St,3040,12/1/2024,310000,1,7.5,1,1,0,,
Moonee Valley,13 Gordon St,3040,12/1/2024,1398000,3,7.5,2,1,445,182,1960
Knox,2 Clendon Rd,3156,11/1/2024,664000,3,24.8,2,1,219,138,2010
Knox,2 Francis Cr,3156,,1900000,3,24.8,2,2,1869,502,
Yarra,502/416 Gore St,3065,10/1/2024,790000,2,2.1,1,2,6367,75,
Yarra,604/353 Napier St,3065,10/1/2024,,2,2.1,2,1,4421,84,2011
Yarra,307/185 Rose St,3065,10/1/2024,456000,1,2.1,1,1,0,51,2011
Frankston,87 Aquarius Dr,3199,11/1/2024,565000,3,38,1,2,713,155,1980
Frankston,14 Hoadley Av,3199,12/1/2024,810000,3,38,1,2,835,118,1960
Hume,19 Osborne Av,3043,,749000,4,12.9,2,2,561,160,1970
Stonnington,13/11 Belmont Av,3146,,,1,7.3,1,1,0,38,1950
Stonnington,1/15 Belmont Av,3146,,330000,1,7.3,1,1,0,44,1960
Stonnington,11/62 Edgar St N,3146,10/1/2024,501000,2,7.3,1,1,2015,77,1960
Monash,1 Dorset St,3150,11/1/2024,,3,16.7,2,1,839,116,1970
Moreland,58 Bindi St,3046,10/1/2024,700000,4,11.2,2,1,655,82,1950
Moreland,4/71 Station Rd,3046,11/1/2024,400000,2,11.2,1,1,102,70,2012
Moreland,270 West St,3046,11/1/2024,675000,2,11.2,2,1,248,99,2011
Banyule,53 Narbethong Dr,3088,10/1/2024,866000,3,16.1,2,2,743,147,1980
Hume,23 Fraserburgh Cr,3059,10/1/2024,783000,4,20.4,2,2,750,,
Hume,4 Lysterfield Dr,3059,11/1/2024,800000,5,20.4,3,2,544,332,2008
Moreland,9 Bond St,3046,10/1/2024,735000,3,11.2,1,1,626,122,1950
Moreland,3A Neil St,3046,,595000,2,11.2,2,1,201,111,2005
Bayside,7/4 Small St,3188,,580000,1,13.8,2,1,486,,2012
Bayside,3/8 Eldon Ct,3188,,771000,2,13.8,1,1,0,99,1992
Casey,6 The Mews,3976,10/1/2024,400000,3,33.3,1,1,301,98,1998
Boroondara,5/29 Bell St,3122,10/1/2024,455000,1,5.3,1,1,0,49,1960
Boroondara,1/1091 Burke Rd,3123,11/1/2024,615888,2,6.2,1,1,915,73,1970
Banyule,100 Buckingham Dr,3084,10/1/2024,1430000,4,8.9,2,3,680,,
Bayside,33 Haynes St,3190,11/1/2024,1820000,4,16,2,2,680,680,2006
Monash,40 Canterbury St,3166,,1475000,5,12.3,2,3,548,157,
Banyule,49 Carn Av,3079,11/1/2024,2100000,5,7.8,3,2,740,222,1960
Banyule,3/40 Magnolia Rd,3079,12/1/2024,,3,7.8,2,1,252,,
Banyule,207 Waterdale Rd,3079,11/1/2024,,2,7.8,1,0,620,114,
Hume,17 Fidge Ct,3047,,575500,2,14,1,1,662,98,1960
Brimbank,20 Hopkins Av,3036,10/1/2024,775000,3,14.5,2,2,547,,
Brimbank,37 Parramatta Rd,3036,,635000,4,14.5,2,2,531,138,1975
Brimbank,14 Carbine Wy,3038,11/1/2024,675000,3,15.5,2,4,708,,
Brimbank,131 Odessa Av,3038,12/1/2024,620000,3,15.5,1,4,650,100,1985
Moonee Valley,71 Nyah St,3033,12/1/2024,1005000,5,11.7,3,2,596,176,1970
Brimbank,39 Flinders St,3042,,,3,10.4,1,1,590,130,1970
Melbourne,101/18 Bent St,3031,10/1/2024,710000,2,3.4,2,1,2135,132,
Melbourne,14/8 Mawbey St,3031,11/1/2024,390000,1,3.4,1,1,0,60,2000
Boroondara,88 Gladstone St,3101,12/1/2024,1410000,3,5.4,1,1,404,113,
Boroondara,9/78 Walpole St,3101,10/1/2024,520000,1,5.4,1,1,0,,
Whittlesea,23 Cyprus St,3075,10/1/2024,710500,3,16.3,2,1,655,120,1975
Whittlesea,18 Howell St,3075,10/1/2024,752000,3,16.3,1,2,604,102,1950
Whittlesea,17 Menzies Pde,3075,11/1/2024,622000,3,16.3,1,2,575,113,1970
Maribyrnong,1/1 Clarendon St,3012,12/1/2024,650000,3,6.4,2,2,159,128,2016
Maribyrnong,19/8 Crefden St,3012,12/1/2024,435000,2,6.4,2,1,0,96,2017
Maribyrnong,8 Mitchell St,3032,10/1/2024,,4,4.3,1,3,697,155,
Hume,10 Castella Ct,3048,12/1/2024,450000,3,17.4,1,1,702,96,1970
Hume,23 Goodenia Cl,3048,11/1/2024,440000,3,17.4,1,2,570,112,1992
Melton,28 Atkin St,3337,10/1/2024,550000,4,31.7,2,2,1241,194,1970
Melton,22 Bittern St,3337,10/1/2024,373500,3,31.7,2,2,586,118,1980
Kingston,11/19 Brindisi St,3194,11/1/2024,640000,2,20,1,1,128,72,1972
Kingston,1/1 Franklin St,3194,12/1/2024,940000,3,20,1,2,331,157.9352,1989
Whittlesea,23 Galilee Cr,3082,11/1/2024,,3,17.9,2,2,840,161,1970
Whittlesea,15 Heritage Dr,3082,11/1/2024,790000,4,17.9,2,2,530,186,1990
Whittlesea,15 Mockridge Dr,3082,12/1/2024,704500,5,17.9,3,2,656,130,1970
Whittlesea,49 Romano Av,3082,10/1/2024,550000,4,17.9,2,1,531,175,1970
Whittlesea,53 Romano Av,3082,10/1/2024,598000,5,17.9,3,1,531,122,1990
Whittlesea,15 Warburton Ct,3082,10/1/2024,592000,3,17.9,1,1,622,128,1992
Whittlesea,11 Woolnough Dr,3082,,602000,3,17.9,1,1,546,136,1977
Yarra Ranges,44 Richards Rd,3765,,,4,28.8,2,2,846,160,1980
Moonee Valley,15 Grandison St,3039,10/1/2024,1425500,1,6.2,1,1,552,190,
Moonee Valley,102 Waverley St,3039,10/1/2024,1270000,4,6.2,1,3,478,152,
Yarra Ranges,5 Byron Ct,3138,11/1/2024,650000,3,26.5,2,2,1103,126.8,1976
Kingston,49 Jenkins St,3195,11/1/2024,1400000,4,21.5,2,2,530,313,2007
Kingston,9A Montgomery St,3195,12/1/2024,1627000,3,21.5,2,2,304,233,2007
Monash,15 Virginia St,3149,11/1/2024,1850000,3,14.2,1,1,717,153,1960
Glen Eira,6 Gerald St,3163,,,4,10.1,2,1,632,265,
Greater Dandenong,200 Railway Pde,3174,12/1/2024,650000,3,22.7,1,1,637,,
Melbourne,39/101 Leveson St,3051,12/1/2024,785000,2,1.8,2,1,0,95,2008
Whitehorse,3/29 Mount Pleasant Rd,3131,10/1/2024,676000,2,15.4,1,1,149,84,1970
Whitehorse,8 Olwen St,3131,10/1/2024,1002000,3,15.4,1,2,598,143,1960
Whitehorse,1/44 Shady Gr,3131,,1175000,4,15.4,3,2,289,170,2011
Monash,1/22 Nonna St,3166,10/1/2024,875000,3,12.3,2,2,295,144,2006
Kingston,8 Cedar Ct,3167,12/1/2024,880000,3,15.5,2,2,504,,
Monash,4/1248 North Rd,3167,11/1/2024,774000,4,15.5,2,2,0,147,2000
Glen Eira,2/50 Lillimur Rd,3204,12/1/2024,327000,1,11.4,1,1,0,32,1960
Glen Eira,300 Tucker Rd,3204,11/1/2024,1900000,4,11.4,2,2,700,210,
Kingston,1/168 Beach Rd,3195,11/1/2024,2185000,4,21.5,2,3,220,213,2010
Moreland,8A Tangyes St,3044,,,3,8.5,2,1,330,226,2012
Port Phillip,120/99 Dow St,3207,,635000,2,3.5,2,1,2166,,
Darebin,24 Daleglen St,3073,11/1/2024,351000,1,12,1,1,168,63,1950
Yarra,5/33 Goodwood St,3121,10/1/2024,630000,2,2.4,1,1,0,,1970
Maroondah,5 Jacks Pl,3134,11/1/2024,1725000,4,19.9,2,2,1016,310,2002
Maroondah,1/13 Maidstone St,3134,10/1/2024,633000,2,19.9,1,2,123,95,2005
Maroondah,1 Tweed St,3135,,,4,21.3,1,2,894,115,1950
Knox,45 Severn Cr,3178,10/1/2024,936000,4,23.5,2,2,675,190,1980
Knox,18 Yvette Dr,3178,,860000,3,23.5,2,2,537,220,2001
Bayside,154 Abbott St,3191,12/1/2024,850000,4,15.2,3,2,709,327,2017
Frankston,43 Molesworth St,3198,11/1/2024,800000,4,35.4,2,0,1151,207,1969
Port Phillip,1 Reilly Pl,3205,12/1/2024,1720000,3,1.9,2,2,81,137,1998
Whittlesea,35 Cobblestone Dr,3752,,,3,20.5,2,2,545,196,2005
Whittlesea,28 Kestrel Rd,3752,10/1/2024,875000,4,20.5,2,2,613,332,2004
Whittlesea,3/32 Kumara Cct,3752,11/1/2024,420000,3,20.5,2,2,155,101,2011
Whittlesea,28 Rolain Av,3752,11/1/2024,677500,4,20.5,2,2,609,195,2005
Stonnington,2/45 Caroline St,3141,11/1/2024,600000,2,2.7,1,1,876,62,1972
Stonnington,308/800 Chapel St,3141,12/1/2024,762500,2,2.7,1,1,17200,79,2003
Melbourne,639 Punt Rd,3141,10/1/2024,1855500,4,2.7,2,1,176,216,
Hobsons Bay,64 Craig St,3015,11/1/2024,,2,6.2,1,1,174,100.6,
Brimbank,10 Leslie St,3021,11/1/2024,631000,4,14,1,3,559,158,1970
Brimbank,21 Shirley St,3021,12/1/2024,582000,3,14,1,0,674,94,1960
Port Phillip,22/220 Barkly St,3182,10/1/2024,468000,1,5,1,1,0,55,2000
Port Phillip,9/285 Barkly St,3182,,470000,1,5,1,1,548,44.4,2009
Moonee Valley,1/351 Napier St,3041,11/1/2024,750000,3,8.2,2,2,288,94,1970
Hume,13 McComb St,3429,10/1/2024,410000,4,31.7,2,2,587,164,1986
Hume,17 Mudie Av,3429,11/1/2024,,4,31.7,2,2,581,139,1960
Brimbank,8 Kinnane Cr,3020,,830500,3,10.5,1,2,508,111,1950
Brimbank,27 Buckingham Cr,3020,,551000,3,10.5,1,2,613,105,1974
Brimbank,1/52 Drinkwater Cr,3020,12/1/2024,450000,3,10.5,1,2,283,104,1970
Whitehorse,1/17 Albert Cr,3127,12/1/2024,781000,2,10.2,1,2,140,,
Manningham,7 Clays Ct,3106,,1635000,4,15.5,3,2,896,215,1985
Manningham,5 Sophora Ct,3107,12/1/2024,1138000,3,12.4,2,2,706,184,1970
Knox,325 Forest Rd,3154,12/1/2024,477000,3,27,1,1,518,102,1960
Whittlesea,18 Dakota Dr,3074,11/1/2024,605000,3,15.3,1,2,533,114,1975
Whittlesea,13 Kemp Av,3074,12/1/2024,610000,3,15.3,1,2,544,131,1970
Whittlesea,232 Main St,3074,12/1/2024,580000,3,15.3,1,2,538,140,1975
Darebin,1/54 Pender St,3071,11/1/2024,415000,1,7,1,1,0,39,1970
Darebin,159A Smith St,3071,12/1/2024,905000,2,7,1,0,225,100,1960
Wyndham,4 Romek Wy,3029,12/1/2024,,3,18.4,2,2,347,134,2010
Hume,19 Gordon St,3043,10/1/2024,895000,4,12.9,2,2,700,267,1999
Hume,1/119 Melrose Dr,3043,11/1/2024,,4,12.9,1,3,0,158,1975
Knox,10/1401 High Street Rd,3152,11/1/2024,570000,3,14.7,1,1,190,,2000
Knox,6/17 Pach Rd,3152,12/1/2024,778000,3,14.7,2,2,306,,2012
Knox,1 Riverpark Dr,3152,,1055000,4,14.7,2,2,652,203,1997
Wyndham,2 Brookville Av,3030,10/1/2024,,4,14.7,2,2,639,,2000
Wyndham,9 Sherrin Ct,3030,11/1/2024,529000,3,14.7,2,2,847,143,1980
Wyndham,46 Vincent Cr,3030,,484000,3,14.7,1,0,531,100,1960
Melbourne,125/33 Jeffcott St,3003,11/1/2024,670000,2,3.1,1,1,17,90,1996
Melbourne,207/493 Victoria St,3003,11/1/2024,510000,2,3.1,1,1,75,66,2007
Hume,14 Devenish Ct,3049,11/1/2024,410000,3,16.5,1,2,542,107,1970
Stonnington,8/9 The Avenue,3181,12/1/2024,410000,1,4.6,1,1,0,51,1960
Wyndham,112 Eureka Dr,3024,12/1/2024,478000,4,27.2,2,2,400,151.54,2008
Maribyrnong,62 Stephen St,3013,12/1/2024,1285000,3,6.3,1,1,284,124,
Yarra,143 Charles St,3067,10/1/2024,1635000,3,3,1,0,142,130,
Hobsons Bay,232 Blyth St,3018,10/1/2024,1225000,3,11,1,1,697,132,1970
Hobsons Bay,41 Maidstone St,3018,12/1/2024,767000,3,11,2,1,305,132,2005
Hobsons Bay,1 Sheppard Ct,3028,10/1/2024,810000,4,15.5,2,2,749,180.9,1989
Stonnington,9 Baldwin St,3143,12/1/2024,1480000,2,6.3,1,2,369,,
Stonnington,21/62 Wattletree Rd,3143,10/1/2024,821000,2,6.3,2,1,3093,75,2006
Moonee Valley,29 Myrnong Cr,3032,12/1/2024,1250000,3,4.3,1,1,327,,
Boroondara,2/6 Ramu Gr,3147,12/1/2024,1520000,4,10.2,3,2,267,190,2012
Boroondara,19 Ward St,3147,10/1/2024,2299500,3,10.2,2,3,634,230,
Boroondara,54 Northcote Av,3103,,2360000,4,7.9,3,2,848,214,
Boroondara,45A Helston St,3104,12/1/2024,1460000,4,9.7,2,2,433,185,1955
Bayside,14 Cavell Ct,3193,11/1/2024,1780000,5,17.3,3,2,613,,
Glen Eira,60A Fromer St,3204,,1280000,4,11.4,3,2,306,200,2014
Glen Eira,15A Windsor Av,3204,12/1/2024,1750000,4,11.4,3,2,429,262,2013
Casey,3 Ellaswood Cl,3806,10/1/2024,683000,4,35.2,2,2,670,185,
Whitehorse,140 Surrey Rd,3130,11/1/2024,1100000,3,13.4,1,2,492,124,1957
Whitehorse,5 Hibiscus Rd,3130,,1250000,4,13.4,2,2,580,161,1965
Whitehorse,13 Patricia St,3128,10/1/2024,1525000,3,10.9,1,1,904,,
Banyule,31 Boyce Av,3088,10/1/2024,,3,16.1,1,2,905,183,1962
Bayside,23 Arthur Av,3186,,3000000,5,10.5,3,2,818,826.8367,
Bayside,2A Collins St,3186,10/1/2024,4050000,4,10.5,4,4,508,465,2011
Bayside,4 Glendora Av,3186,12/1/2024,2210000,4,10.5,2,1,396,175,
Bayside,18 Marriage Rd,3187,11/1/2024,2150000,3,10.3,1,2,696,,
Bayside,174 South Rd,3187,10/1/2024,,3,10.3,1,2,605,181,
Bayside,3/87 Thomas St,3187,12/1/2024,890000,2,10.3,1,2,275,106,1970
Hume,38 Stanhope St,3047,12/1/2024,632000,3,14,1,4,697,100,1960
Moreland,26 MacFarland St,3056,10/1/2024,1310000,3,5.2,1,1,302,91,
Moreland,22 Lowan St,3057,10/1/2024,1615000,3,4,1,3,471,,
Moreland,11 Henderson St,3055,10/1/2024,1500000,4,5.2,2,3,444,256,1997
Manningham,3 Coromandel Ct,3105,,1751000,4,10.8,3,4,646,320,1998
Whittlesea,13 Cher Av,3083,10/1/2024,685000,4,12.1,2,1,287,152,1990
Whittlesea,22 Ebony Dr,3083,10/1/2024,725000,4,12.1,1,2,542,130,1980
Darebin,6/70 Grange Bvd,3083,,505000,2,12.1,1,2,90,90,1995
Whittlesea,23 Wisteria Dr,3083,,1253000,4,12.1,2,2,760,366,2000
Whitehorse,61 McCubbin St,3125,11/1/2024,,4,10.4,2,1,627,196,1950
Boroondara,13 Golding St,3126,10/1/2024,2100000,4,8.4,2,4,544,,
Boroondara,3 Leeds St,3126,10/1/2024,2725000,4,8.4,2,2,650,275,2006
Melton,25 Coppin La,3023,10/1/2024,,4,14.8,2,2,463,307,2012
Frankston,9 Talba Ct,3201,11/1/2024,552500,3,34.9,2,2,779,147,1988
Glen Eira,75 Normanby Rd,3161,10/1/2024,1925000,4,7.8,2,2,494,176,
Monash,1/1 Dundee Av,3148,10/1/2024,995000,4,11.7,2,1,402,131,1960
Bayside,10 Jack Rd,3192,11/1/2024,1200000,4,17.9,2,4,679,190,1960
Kingston,10 Boree Av,3169,10/1/2024,1241000,4,17.5,2,2,625,625,1950
Monash,56 Eva St,3168,10/1/2024,1250000,4,16.7,1,1,711,96,1960
Monash,2/46 Jaguar Dr,3168,10/1/2024,729500,3,16.7,1,1,270,218,1970
Yarra,3/8 Forest St,3066,10/1/2024,,2,2,1,1,0,60,1975
Hume,16 Bottlebrush Rd,3064,10/1/2024,565000,4,20.6,2,2,482,207,2012
Hume,1 Consort Pl,3064,11/1/2024,615000,4,20.6,2,2,756,222,2001
Hume,40 Grove Rd,3064,,548000,4,20.6,2,2,400,171,2010
Hume,12 Surrey Ct,3064,12/1/2024,716000,3,20.6,2,6,1005,160,1995
Maroondah,57A Binbrook Dr,3136,10/1/2024,730000,3,23,2,2,269,150,2007
Maroondah,45 Lyons Rd,3136,12/1/2024,766000,3,23,2,2,507,128,1960
Boroondara,1/5 Leonard St,3103,11/1/2024,1680000,4,7.9,2,1,254,172,1995
Brimbank,7 Alexander Cl,3037,11/1/2024,,3,18,2,2,358,106,1990
Nillumbik,11 Wayland Ct,3089,10/1/2024,815000,3,21.8,2,3,790,135,1980
Melton,6 Tame St,3427,10/1/2024,615000,6,27.7,3,1,850,254,1980
Manningham,2/5 Kirton Ct,3108,10/1/2024,780000,3,12.4,1,2,220,,
Manningham,30 Leslie St,3111,12/1/2024,1328000,5,16.1,3,3,785,252,1980
Melbourne,502/1 Powlett St,3002,,,2,1.3,2,1,997,92,2001
Nillumbik,17/1336 Main Rd,3095,12/1/2024,762000,4,18,2,2,573,180,1980
Nillumbik,4 Colric Pl,3095,12/1/2024,900000,3,18,2,2,812,129,1980
Port Phillip,25/5 Dickens St,3184,10/1/2024,559000,1,7.2,1,1,0,,
Port Phillip,4 Kendall St,3184,10/1/2024,3175000,4,7.2,2,3,558,174,
Port Phillip,12/37 Tennyson St,3184,11/1/2024,520000,2,7.2,1,1,3256,74,1970
Whittlesea,17 Brigantia St,3076,11/1/2024,550000,4,19.6,2,2,400,,2011
Moonee Valley,11 Banchory St,3040,10/1/2024,2165000,4,7.5,2,3,951,238,
Moonee Valley,25 Hesleden St,3040,11/1/2024,2050000,5,7.5,3,3,663,419,
Moonee Valley,32 Roberts St,3040,10/1/2024,1500000,4,7.5,2,2,465,148,
Yarra,302/424 Gore St,3065,10/1/2024,,1,2.1,1,1,1730,60,2011
Yarra,40 Newry St,3068,11/1/2024,1705000,3,3.6,1,1,139,116,
Moonee Valley,25 Elm St,3031,12/1/2024,1220000,3,3.4,1,1,293,104,
Maribyrnong,101/26 Beaurepaire Pde,3011,11/1/2024,455000,2,5.1,1,1,0,62,2015
Maribyrnong,12/26 Park St,3011,11/1/2024,575000,2,5.1,2,1,88,94.5,2000
Macedon Ranges,42 Kilmore Rd,3437,11/1/2024,775000,3,45.9,2,4,1290,231,1988
Hume,245 Carrick Dr,3043,10/1/2024,629000,3,12.9,1,2,552,136,1980
Boroondara,26 Audrey Cr,3146,11/1/2024,3400000,5,7.3,3,2,720,392,1950
Stonnington,11/1419 High St,3146,11/1/2024,320000,1,7.3,1,0,0,49,1960
Boroondara,15 Renwick St,3146,10/1/2024,2165000,4,7.3,3,2,409,255,2016
Boroondara,5/31 Yeovil Rd,3146,10/1/2024,,2,7.3,1,1,100,87,1960
Monash,42 Caithness Cr,3150,11/1/2024,1311000,3,16.7,2,1,853,28,1972
Moreland,4/10 Gladstone Pde,3046,11/1/2024,565000,2,11.2,1,2,193,105,1995
Moreland,111 Loongana Av,3046,12/1/2024,770000,3,11.2,1,2,604,132,1960
Nillumbik,55 Booyan Cr,3088,12/1/2024,714000,3,16.1,1,1,594,95,1993
Banyule,142 Elder St,3088,11/1/2024,815000,3,16.1,2,2,609,168,1980
Bayside,68 Spring Rd,3188,10/1/2024,1345000,3,13.8,1,1,587,131,1950
Boroondara,9/454 Burwood Rd,3122,12/1/2024,420000,1,5.3,1,1,0,47,2004
Boroondara,5 Connell St,3122,12/1/2024,1857000,2,5.3,1,1,230,116.65,
Boroondara,10 Through St,3122,11/1/2024,1425000,3,5.3,1,1,333,108,
Boroondara,13 Violet Gr,3122,11/1/2024,1910000,3,5.3,2,2,242,165,1990
Boroondara,3/20 Yarra Gr,3122,11/1/2024,1485000,3,5.3,2,2,0,139,1975
Boroondara,2/23 Harold St,3123,12/1/2024,505000,1,6.2,1,1,0,52,1960
Maroondah,23 Viviani Cr,3135,10/1/2024,912000,3,21.3,2,2,471,144,1965
Banyule,8/75 Hawdon St,3084,,450000,2,8.9,1,0,2020,68,1998
Banyule,97 Edwin St,3081,10/1/2024,1645000,4,8.8,2,4,596,120,
Banyule,4/32 Montgomery St,3081,,720000,3,8.8,1,1,146,,
Melton,96 Glenbruar Dr,3037,10/1/2024,580000,4,18,2,2,600,174,2002
Monash,10 Bowen St,3166,10/1/2024,1570000,4,12.3,2,1,455,170,
Nillumbik,40 Anzac Av,3099,,790000,5,26.1,2,2,1034,225,1985
Hume,47 Lorraine Cr,3047,12/1/2024,550000,3,14,1,2,704,94,1950
Melbourne,33 Kensington Rd,3031,11/1/2024,1225000,3,3.4,2,2,223,122,
Boroondara,56 Hartington St,3101,10/1/2024,1510000,3,5.4,1,2,446,115,1960
Boroondara,3/33 Parkhill Rd,3101,11/1/2024,1007000,3,5.4,2,1,0,114,1977
Boroondara,3/32 Wimba Av,3101,12/1/2024,860000,2,5.4,2,1,0,108,1950
Maribyrnong,3/14 Edgar St,3012,12/1/2024,,3,6.4,1,1,118,86,1970
Maribyrnong,182 Williamstown Rd,3012,11/1/2024,900000,3,6.4,1,1,275,11,
Melton,17 Narebar Ct,3337,10/1/2024,345000,4,31.7,1,0,651,150,2000
Maribyrnong,3/25 Cathcart St,3012,11/1/2024,642500,2,6.4,2,1,126,95,2015
Maribyrnong,16A Madden St,3012,10/1/2024,798000,3,6.4,2,2,159,152,2010
Maribyrnong,3/13 Winston St,3012,10/1/2024,710000,3,6.4,2,2,186,134.6,2011
Stonnington,20 Coonil Cr,3144,10/1/2024,4050000,4,5.9,3,2,787,282,
Stonnington,1219 Malvern Rd,3144,10/1/2024,1650000,3,5.9,1,2,354,117,
Stonnington,30 Warner St,3144,10/1/2024,2020000,3,5.9,2,2,400,216,2007
Stonnington,431 Wattletree Rd,3145,10/1/2024,2500000,3,8.4,3,3,1011,206,
Stonnington,641 Waverley Rd,3145,10/1/2024,2500000,3,8.4,1,2,1128,110,1950
Maribyrnong,13 Cedar Dr,3032,10/1/2024,1200000,3,4.3,2,2,352,204,1997
Maribyrnong,2/10 Pridham St,3032,11/1/2024,940000,3,4.3,2,2,366,183.84,2012
Glen Eira,41 McKinnon Rd,3204,,1200000,2,11.4,1,2,397,96,
Melton,7 Haywood Gr,3337,10/1/2024,,4,31.7,2,2,935,210,2005
Kingston,5 Napier St,3194,10/1/2024,2025000,4,20,2,2,408,274,2010
Whittlesea,4 Vasari Gdns,3754,12/1/2024,630000,4,25.9,2,2,475,220,2012
Moonee Valley,39 Taylor St,3039,,1225000,3,6.2,2,2,674,141,
Kingston,8 Ashmore Av,3195,11/1/2024,1800000,4,21.5,2,2,656,303,1950
Monash,1/37 Bennett Av,3149,11/1/2024,900000,3,14.2,2,2,344,3,2000
Monash,44 William St,3149,12/1/2024,2558000,5,14.2,5,2,667,431,2015
Hobsons Bay,5/13 Liley St,3015,10/1/2024,730000,3,6.2,2,2,200,126.7,2005
Moonee Valley,45 Muriel St,3042,10/1/2024,1230000,3,10.4,2,1,324,207,2016
Monash,3/6 Reid St,3167,12/1/2024,601000,2,15.5,1,1,0,62,1980
Glen Eira,22/30 Lillimur Rd,3204,,370000,1,11.4,1,1,2029,54,2009
Moreland,1/22 Archibald St,3044,12/1/2024,900000,3,8.5,2,1,0,149,2014
Moreland,2/566 Pascoe Vale Rd,3044,10/1/2024,257500,1,8.5,1,1,0,35,1970
Moreland,4/566 Pascoe Vale Rd,3044,10/1/2024,257500,1,8.5,1,1,995,35,1970
Moreland,17 Valerie St,3044,,1114000,3,8.5,2,2,256,190,2017
Wyndham,4 Hewett Dr,3030,10/1/2024,520000,3,14.7,2,2,312,185,2014
Port Phillip,305/38 Nott St,3207,11/1/2024,,2,3.5,2,1,0,77,2013
Stonnington,19 Airlie Av,3181,,,4,4.6,2,2,401,154,
Stonnington,95 Chomley St,3181,11/1/2024,1250000,2,4.6,1,0,192,100,
Stonnington,4/24 Grandview Gr,3181,10/1/2024,400000,1,4.6,1,2,0,50,1960
Stonnington,8 Linden Ct,3181,10/1/2024,4200000,4,4.6,2,2,787,275,
Stonnington,20/20 St Edmonds Rd,3181,,626000,2,4.6,1,2,0,78,2000
Darebin,66 McNamara St,3072,,1148000,4,8.4,1,2,552,140,
Darebin,13 Clinnick St,3073,12/1/2024,935000,3,12,1,2,529,99,1960
Darebin,22 Dyson St,3073,10/1/2024,510000,3,12,2,2,292,119,1950
Darebin,13 Nutwood St,3073,10/1/2024,755000,4,12,2,2,479,157,1995
Darebin,52 Powell St,3073,12/1/2024,1200000,4,12,2,2,499,260,
Maroondah,6A Heather Gr,3134,12/1/2024,800000,3,19.9,2,1,461,133,2005
Banyule,7 Pilgrim Ct,3084,11/1/2024,1170000,5,8.9,3,3,694,210,1975
Knox,5 Drysdale Ct,3179,,870000,3,22.2,2,2,590,151,1981
Port Phillip,426 Dorcas St,3205,,,4,1.9,3,1,153,93,
Whittlesea,15 Vincent Dr,3752,,485000,4,20.5,2,2,196,163,2008
Melbourne,2/1 Alexandra Av,3141,10/1/2024,1350000,2,2.7,2,1,0,109,
Melbourne,44/100 Commercial Rd,3141,12/1/2024,940000,3,2.7,2,3,0,20,
Stonnington,10/20 Cromwell Rd,3141,11/1/2024,410000,1,2.7,1,1,0,50,1960
Melbourne,17/30 Miles St,3006,11/1/2024,625000,2,0.7,1,1,0,88,
Port Phillip,12/14 Chapel St,3182,10/1/2024,701000,2,5,1,0,0,107,1950
Port Phillip,48 Greeves St,3182,,1600000,4,5,2,3,613,160,
Moonee Valley,78 Bulla Rd,3041,12/1/2024,2000000,7,8.2,3,4,608,355,1999
Moonee Valley,5 Kilburn St,3041,10/1/2024,1610000,4,8.2,3,2,861,274,1955
Brimbank,75 Duke St,3020,12/1/2024,700000,3,10.5,2,1,485,130,1950
Brimbank,80 Wright St,3020,,615000,2,10.5,1,0,418,94,
Whitehorse,37 Newton St,3127,,2400000,5,10.2,3,2,593,309,2016
Wyndham,37 Tyler Cr,3029,12/1/2024,505000,4,18.4,2,2,498,167,2010
Wyndham,4 Welford St,3029,10/1/2024,560000,4,18.4,2,2,452,159,2009
Manningham,67 Hawtin St,3106,11/1/2024,1205000,4,15.5,2,2,646,167,1980
Manningham,270 Serpells Rd,3106,12/1/2024,,5,15.5,3,2,787,334,1990
Manningham,53 Fyfe Dr,3107,10/1/2024,1410000,5,12.4,2,2,648,250,1975
Whittlesea,5 Natalie Ct,3074,11/1/2024,670000,3,15.3,2,2,541,121,1980
Stonnington,3/716 Orrong Rd,3142,10/1/2024,1860000,3,4.1,2,2,0,176,
Stonnington,6/14 Woorigoleen Rd,3142,10/1/2024,1350000,3,4.1,2,1,187,133,
Whitehorse,11 Manhattan Sq,3133,,980000,4,17.2,2,0,539,192,1978
Wyndham,3 Argyle Cr,3030,,455000,4,14.7,1,4,534,101,1983
Wyndham,24 Swallow St,3030,11/1/2024,455000,3,14.7,1,1,610,125,1980
Maribyrnong,18 Molesworth Ct,3012,10/1/2024,1276000,4,6.4,2,1,323,130,
Monash,3 Jensen Ct,3150,10/1/2024,1157000,4,16.7,2,2,752,162,1971
Monash,19 Kooringa Cr,3150,12/1/2024,1100000,5,16.7,2,2,672,237,1970
Manningham,2 Rindlebrook Pl,3115,10/1/2024,900000,3,25.2,2,2,0,177,
Wyndham,6 Melliodora Ct,3024,10/1/2024,500000,4,27.2,2,1,512,179,2005
Maribyrnong,1/23 Bena St,3013,12/1/2024,1142000,4,6.3,3,2,234,176,2012
Maribyrnong,33A Severn St,3013,11/1/2024,780000,2,6.3,1,1,178,84,2013
Maribyrnong,8/232 Williamstown Rd,3013,10/1/2024,500000,2,6.3,1,1,0,85,
Hobsons Bay,35 Lowe Av,3018,10/1/2024,935000,4,11,2,2,629,180,1985
Hobsons Bay,65 Sargood St,3018,10/1/2024,815000,3,11,2,2,159,130,2014
Hobsons Bay,4/15 Stapley Cr,3025,10/1/2024,451500,3,9.4,1,1,180,88,1965
Moonee Valley,24/157 Epsom Rd,3032,12/1/2024,825000,3,4.3,2,2,2905,164,2005
Moonee Valley,2/25 Harold St,3032,12/1/2024,425500,2,4.3,1,1,1727,82,1960
Moonee Valley,37 Roxburgh St,3032,10/1/2024,1306000,3,4.3,1,0,199,126,
Monash,10 Kiewa St,3147,12/1/2024,1420000,3,10.2,1,1,726,130,1965
Kingston,5/148 Nepean Hwy,3195,12/1/2024,805000,3,21.5,2,2,0,164,2006
Moonee Valley,9 Thompson St,3034,11/1/2024,934000,4,9.5,2,1,581,163,1975
Boroondara,92 Winmalee Rd,3103,12/1/2024,2330000,3,7.9,2,4,656,210,1970
Maroondah,17 Kalawar Av,3153,11/1/2024,,3,23.2,2,2,792,148,1980
Whitehorse,17 Hirst St,3130,,1070000,3,13.4,1,2,448,96,1950
Whitehorse,1/108 Surrey Rd,3130,,706000,2,13.4,1,1,305,305,
Knox,3 Devenish Rd,3155,12/1/2024,785000,3,25,2,2,723,138,1980
Knox,10 Hansen Rd,3155,,950000,4,25,2,4,2033,255,1970
Bayside,51 Bay St,3186,11/1/2024,2800000,4,10.5,3,2,498,226,
Bayside,37/18 Cochrane St,3186,,290000,1,10.5,1,1,0,35,1960
Hume,37 Gosford Cr,3047,,570500,3,14,1,1,640,92,1965
Hume,37 Stanhope St,3047,10/1/2024,631000,4,14,2,2,696,158,1960
Hobsons Bay,1/42 Nolan Av,3012,10/1/2024,372100,2,6.4,1,1,0,66,2000
Moreland,15 Hall St,3056,,1350000,4,5.2,2,1,372,184,
Moreland,2/111 Victoria St,3057,12/1/2024,702500,2,4,2,1,65,78,2013
Moreland,10/3 Allard St,3055,10/1/2024,275000,1,5.2,1,1,1388,36,1970
Moreland,22 Henderson St,3055,10/1/2024,835000,2,5.2,1,1,207,77,1950
Banyule,27 Norfolk Cr,3083,12/1/2024,710000,3,12.1,1,1,540,142,1968
Glen Eira,55 Tranmere Av,3163,,1840000,3,10.1,2,1,483,171,
Glen Eira,5/40 Woorayl St,3163,12/1/2024,430000,2,10.1,1,1,2048,68,1960
Kingston,20 Parkside Bvd,3197,12/1/2024,495000,2,31.2,1,1,198,94,1980
Frankston,10A William Rd,3201,12/1/2024,403500,2,34.9,2,3,339,101,2009
Glen Eira,4/7 Hudson St,3161,12/1/2024,361000,1,7.8,1,1,60,53,1975
Monash,1/3 Evans St,3148,11/1/2024,960000,3,11.7,2,2,382,151,2000
Moreland,19 Hall St,3058,10/1/2024,900000,3,6.7,1,0,227,102,
Yarra,6/13 Alexander St,3066,11/1/2024,365000,1,2,1,0,0,46,1960
Hume,28/60 Cradle Mountain Dr,3064,11/1/2024,310000,2,20.6,1,1,38,114,2013
Maroondah,33 Jackson St,3136,10/1/2024,662000,3,23,1,1,396,120,1950
Brimbank,26 Irvine St,3023,,535000,3,14.8,1,0,675,,
Brimbank,10 Alexander Cl,3037,,560000,3,18,2,2,543,153,1995
Kingston,18 Albert Pl,3172,10/1/2024,802000,3,22.2,2,2,251,185,1998
Kingston,29 Elliott Cr,3172,10/1/2024,800000,3,22.2,2,4,801,150,1980
Kingston,5 Tarnook Ct,3172,10/1/2024,854000,4,22.2,2,2,676,181,1975
Manningham,6/22 Powers St,3111,10/1/2024,920000,3,16.1,2,2,239,187,2007
Manningham,14 Sturdee Rd,3111,12/1/2024,904000,3,16.1,1,2,720,116,1960
Banyule,104 Studley Rd,3084,10/1/2024,1440000,3,8.9,1,2,598,116,1955
Glen Eira,307/242 Glen Huntly Rd,3185,11/1/2024,900000,3,7.2,2,2,0,,
Nillumbik,38 Meruka Dr,3095,12/1/2024,1054000,4,18,3,2,791,230,1974
Casey,18 Struan Av,3802,10/1/2024,625000,4,28.5,2,2,669,165,1980
Whittlesea,1 Centurion Ct,3076,,600000,3,19.6,1,2,524,155,1970
Whittlesea,40 Lyndarum Dr,3076,,630000,3,19.6,2,2,388,127,2012
Whittlesea,4 Nuthall Wy,3076,10/1/2024,1012000,4,19.6,3,3,631,355,2009
Whittlesea,1 Saddlers Ct,3076,12/1/2024,565000,4,19.6,2,2,548,110,1985
Moonee Valley,10/10 Ardoch St,3040,10/1/2024,,2,7.5,1,1,0,62,1980
Moonee Valley,2/9 McCulloch St,3041,,785000,2,8.2,1,2,145,,
Moonee Valley,384 Buckley St,3040,11/1/2024,1410000,3,7.5,2,1,585,198,1950
Knox,5 Bruce Cr,3156,10/1/2024,748888,4,24.8,2,4,1014,280,1960
Knox,42 Bryden Dr,3156,,850000,4,24.8,2,1,738,148,1985
Yarra,205/96 Charles St,3065,12/1/2024,490000,1,2.1,1,1,0,57,2013
Maribyrnong,19/44 Everard St,3011,10/1/2024,440000,3,5.1,1,1,0,,
Maribyrnong,5/248 Gordon St,3011,,395000,2,5.1,1,1,0,73,1970
Maribyrnong,27 Leander St,3011,,991000,2,5.1,1,1,318,106,
Whitehorse,35 Panorama Dr,3131,11/1/2024,945000,4,15.4,2,2,294,194,2010
Whitehorse,52 Parkmore Rd,3131,,1020000,2,15.4,1,1,581,116.4,1970
Frankston,12 Tantani St,3199,12/1/2024,506000,3,38,1,4,578,123,1984
Frankston,50 Towerhill Rd,3199,,755000,4,38,1,1,622,163,1960
Macedon Ranges,1/12 Rodney St,3437,11/1/2024,426000,3,45.9,1,1,412,103,1950
Boroondara,3/14 Charles St,3146,12/1/2024,540000,2,7.3,1,1,0,77,1960
Monash,2/25 Fernhill St,3150,11/1/2024,960000,2,16.7,1,1,229,101,1990
Monash,707 Waverley Rd,3150,,1116500,5,16.7,2,2,701,182.85,1960
Banyule,1/111 Nepean St,3088,11/1/2024,585000,2,16.1,1,1,240,79,1965
Banyule,13 Stowe Av,3088,10/1/2024,800000,4,16.1,2,2,626,169,1960
Banyule,54 Warralong Av,3088,11/1/2024,896000,3,16.1,2,1,653,130,1970
Boroondara,15/1 Muir St,3122,,1150000,3,5.3,2,1,5259,119,2000
Boroondara,24/1 Muir St,3122,12/1/2024,1100000,3,5.3,2,1,109,109.5,1999
Maroondah,1/34 Campbell St,3135,11/1/2024,525000,2,21.3,1,1,0,80,1980
Banyule,2/3 Mary Av,3081,,650000,2,8.8,1,1,140,107,2013
Banyule,54 Alamein Rd,3081,11/1/2024,580000,2,8.8,1,2,498,75,1955
Wyndham,30 Don Av,3029,10/1/2024,536500,3,18.4,2,4,578,129.7,1972
Wyndham,62 Powell Dr,3029,11/1/2024,557000,3,18.4,1,2,577,,1975
Brimbank,11 Cromer Pl,3038,11/1/2024,,4,15.5,2,3,815,198,2000
Brimbank,4 Nandeen Ct,3038,,590000,4,15.5,2,2,757,152,1980
Moonee Valley,54 David Av,3033,11/1/2024,920000,3,11.7,2,1,313,140,1960
Moonee Valley,44 Granite Wy,3033,12/1/2024,1100000,4,11.7,4,2,500,267,2011
Moonee Valley,14 Noga Av,3033,10/1/2024,840000,3,11.7,1,2,575,138,1970
Melbourne,11/12 Mawbey St,3031,11/1/2024,535000,2,3.4,2,1,0,110,1998
Boroondara,2/8 Pleasant Av,3101,11/1/2024,1080000,3,5.4,2,2,151,103,1960
Greater Dandenong,3 Oakwood Dr,3173,11/1/2024,575000,4,25.2,1,2,384,131,1975
Knox,22 Watersedge Cl,3180,12/1/2024,1040000,4,23.3,2,2,633,,
Maribyrnong,15 Havelock St,3012,12/1/2024,1170000,2,6.4,1,2,686,,
Maribyrnong,20 Jackson St,3012,12/1/2024,930000,3,6.4,1,4,545,116,
Maribyrnong,76A Norfolk St,3012,12/1/2024,650000,2,6.4,2,1,279,104,2013
Maribyrnong,72B Richelieu St,3012,10/1/2024,702000,3,6.4,2,2,189,131,2000
Maribyrnong,403/77 Village Wy,3032,11/1/2024,,2,4.3,1,2,0,93,2003
Hume,13 Allendale Ct,3048,10/1/2024,,3,17.4,1,1,631,111,1960
Hume,7 Dalton Ct,3048,,570000,4,17.4,2,2,665,665,
Hume,11 Hermitage Ct,3048,11/1/2024,,3,17.4,1,2,798,128,1985
Hume,16 Papworth Pl,3048,12/1/2024,515000,4,17.4,3,0,653,122,1985
Melbourne,806/22 Coromandel Pl,3000,11/1/2024,387000,2,0,1,0,0,47,2011
Melton,15 Kurrajong Cr,3338,10/1/2024,336000,3,29.8,1,1,580,116,1975
Melton,23 Neerim St,3338,11/1/2024,426000,4,29.8,2,3,655,142,1975
Whittlesea,46 Buckmaster Dr,3082,12/1/2024,775500,3,17.9,1,4,840,125,1980
Whittlesea,14 Malua Cr,3082,10/1/2024,726000,3,17.9,2,2,615,132,1982
Whittlesea,6 Whernside Ct,3082,10/1/2024,710000,4,17.9,1,2,666,123,1985
Whitehorse,21B Vernal Av,3132,11/1/2024,1045000,3,17.2,2,2,401,,
Banyule,2/22 Looker Rd,3094,11/1/2024,820000,3,16.2,2,2,260,157,2010
Moonee Valley,115 Eglinton St,3039,,,4,6.2,2,2,388,151,
Kingston,10 Barilla Rd,3189,12/1/2024,935000,3,14.3,2,2,280,109,1985
Yarra Ranges,27 Marion Av,3138,10/1/2024,780000,3,26.5,2,3,1469,,
Monash,46 Sesame St,3149,10/1/2024,2248000,5,14.2,5,2,729,398,2016
Monash,2 Viewbank Rd,3149,10/1/2024,1260000,3,14.2,1,2,743,148.47,1960
Monash,27 Glencairn St,3170,,960000,5,18.8,2,1,731,130,1965
Glen Eira,9/14 Wahroongaa Cr,3163,11/1/2024,956000,3,10.1,2,1,137,137,1994
Casey,2 Ireland Av,3805,,605000,3,34.1,2,2,688,121,1990
Moonee Valley,42 Newman Cr,3042,10/1/2024,950000,4,10.4,1,2,558,148,1970
Melbourne,1/150 Peel St,3051,,541000,2,1.8,1,1,0,53,2004
Darebin,179 Arthurton Rd,3070,10/1/2024,,3,5.3,2,0,258,124,
Darebin,15 Bird Av,3070,11/1/2024,1100000,3,5.3,1,2,449,,
Darebin,182 Separation St,3070,10/1/2024,,3,5.3,1,2,530,,
Darebin,8 Swift St,3070,10/1/2024,1800000,3,5.3,1,2,771,,1950
Monash,3 Risdon Dr,3168,12/1/2024,1211000,4,16.7,3,3,727,167,1970
Monash,42 Bishop St,3166,10/1/2024,1610000,4,12.3,2,2,592,193,1950
Monash,3 McKenzie Ct,3166,12/1/2024,1150000,2,12.3,1,3,622,122,1970
Cardinia,4 Toorang Ct,3810,12/1/2024,435000,4,47.3,2,2,553,553,2005
Kingston,1/6 Birdwood St,3195,10/1/2024,1190000,3,21.5,2,2,0,131,2013
Kingston,4/25 White St,3195,,503750,1,21.5,1,1,80,88,2007
Wyndham,84 Beachview Pde,3030,10/1/2024,690000,4,14.7,2,2,540,531,2012
Wyndham,49 Lindsay Gdns,3030,12/1/2024,596000,4,14.7,2,2,416,182.9,2006
Wyndham,15 Metcalf Wy,3030,12/1/2024,698000,4,14.7,2,2,448,190,2012
Stonnington,6/299 Dandenong Rd,3181,10/1/2024,500000,2,4.6,1,1,0,78,1960
Darebin,7 Kenneth St,3072,11/1/2024,1060500,4,8.4,2,4,490,130,
Darebin,66 Crookston Rd,3073,11/1/2024,953000,3,12,1,2,743,115,1970
Darebin,6/767 High St,3073,12/1/2024,468000,2,12,1,1,0,81,2012
Darebin,2/27 Horton St,3073,11/1/2024,710000,2,12,2,1,126,138,2013
Darebin,107 McFadzean Av,3073,11/1/2024,725000,3,12,1,2,579,,
Darebin,106 Miranda Rd,3073,11/1/2024,880000,3,12,2,3,743,,
Darebin,1/118 Rathcown Rd,3073,12/1/2024,502000,2,12,1,2,230,69,2015
Yarra,201/65 Stawell St,3121,12/1/2024,800000,2,2.4,2,2,0,89,2008
Maroondah,2/9 Green St,3135,11/1/2024,710000,3,21.3,1,2,314,88,1989
Banyule,7 Hylton Cr,3084,11/1/2024,1310000,2,8.9,1,1,1313,,
Knox,3 Barwon Ct,3178,12/1/2024,735000,3,23.5,2,1,721,143,1984
Knox,2 Wallingford Pl,3178,,755000,3,23.5,2,2,551,178,2003
Hume,16 Reading Cl,3064,11/1/2024,537000,3,20.6,2,2,640,156,1994
Frankston,14/10 Claude St,3198,,386000,2,35.4,1,1,150,106,1970
Frankston,10 Maple St,3198,10/1/2024,763000,4,35.4,2,4,611,184.75,1980
Frankston,210 Seaford Rd,3198,,768000,4,35.4,2,3,542,170,1970
Port Phillip,26 Bridport St,3205,10/1/2024,2800000,3,1.9,2,2,216,193.74,
Whittlesea,16/74 Thomas St,3752,10/1/2024,345000,2,20.5,1,1,305,131,1999
Stonnington,906/700 Chapel St,3141,,666000,2,2.7,1,1,0,73,2005
Stonnington,7/2 Cromwell Rd,3141,10/1/2024,910000,2,2.7,2,2,0,,
Brimbank,11 Craigielea Av,3021,12/1/2024,610000,2,14,1,2,419,135,1975
Brimbank,17 Jamieson St,3021,10/1/2024,550000,3,14,1,1,606,130,1965
Brimbank,62 Lester Av,3021,10/1/2024,520000,4,14,2,1,699,110,1950
Port Phillip,8/289 Barkly St,3182,11/1/2024,470000,2,5,1,0,0,67,1950
Brimbank,18 Benjamin St,3020,11/1/2024,860000,3,10.5,1,3,446,126,
Brimbank,27 Champa Rd,3020,12/1/2024,580000,4,10.5,2,4,270,,
Brimbank,1 Cowes Pl,3038,11/1/2024,,4,15.5,3,2,724,330,1990
Brimbank,3 Mantaura Av,3038,10/1/2024,704000,4,15.5,2,2,644,,
Stonnington,2/619 Toorak Rd,3142,12/1/2024,1140000,2,4.1,2,2,586,119,1990
Moonee Valley,2115/18 Mt Alexander Rd,3032,10/1/2024,341500,2,4.3,1,1,16000,68.5,2012
Hume,2/28 Broadmeadows Rd,3043,12/1/2024,470000,2,12.9,1,1,161,,1960
Whitehorse,18 Barbara St,3133,11/1/2024,1111500,3,17.2,1,0,722,94,1960
Knox,42 Argyle Wy,3152,11/1/2024,1045000,4,14.7,3,2,728,153,1990
Knox,12/440 Stud Rd,3152,12/1/2024,622000,3,14.7,1,1,137,71,2012
Manningham,24 Fossickers Wy,3113,12/1/2024,,3,21.1,2,0,830,135,1975
Kingston,7 Portland Pl,3195,10/1/2024,,4,21.5,2,2,604,,
Banyule,1/34 Longmuir Rd,3087,,655000,2,14.5,1,1,298,98,1975
Wyndham,6 Cassowary Av,3030,11/1/2024,505000,3,14.7,2,4,557,116,1987
Wyndham,3 Gavan Ct,3030,12/1/2024,,3,14.7,1,3,909,,1965
Wyndham,2/50 Tower Rd,3030,10/1/2024,335000,2,14.7,1,1,190,113,1980
Maribyrnong,5/2 Ormond Rd,3012,10/1/2024,,3,6.4,2,2,125,131,2013
Hume,27 Eyre St,3049,12/1/2024,800000,3,16.5,2,2,898,142,1985
Monash,994 Waverley Rd,3150,11/1/2024,1090000,5,16.7,2,2,698,246,1978
Hobsons Bay,47 Pasco St,3016,11/1/2024,1920000,4,6.8,2,0,388,178,
Whittlesea,24 Edenvale Bvd,3750,12/1/2024,530000,4,25.5,2,2,448,155,2011
Maribyrnong,17 Adeney St,3013,12/1/2024,982500,3,6.3,2,2,444,122,
Maribyrnong,12 Montague St,3013,11/1/2024,1230000,3,6.3,1,2,433,144,
Yarra,133 Yarra St,3067,12/1/2024,1190000,2,3,2,1,147,175,2000
Moonee Valley,45 Afton St,3040,12/1/2024,2050000,3,7.5,2,6,402,,
Moonee Valley,5 Aroona Ct,3040,,1680000,3,7.5,2,2,673,136,1965
Moonee Valley,18 Valencia St,3040,11/1/2024,1472000,5,7.5,3,2,486,,
Hobsons Bay,16 Cain Ct,3018,10/1/2024,1005000,3,11,1,2,636,,
Hobsons Bay,52 Shirley St,3028,12/1/2024,620000,3,15.5,1,2,466,107,1975
Hobsons Bay,12 Chambers Rd,3025,11/1/2024,830000,3,9.4,2,2,529,130,1965
Hobsons Bay,313 Millers Rd,3025,12/1/2024,805000,4,9.4,2,5,562,146,1950
Hobsons Bay,2/16 Stapley Cr,3025,10/1/2024,510000,2,9.4,1,1,170,100,2001
Stonnington,16/74 Denbigh Rd,3143,11/1/2024,486000,2,6.3,1,2,0,63,1960
Moonee Valley,2/41 Sandown Rd,3032,12/1/2024,855000,3,4.3,1,2,159,129,2011
Moonee Valley,67 The Parade,3032,10/1/2024,1035000,2,4.3,1,1,319,117,
Monash,5 Kiewa St,3147,11/1/2024,1450000,4,10.2,2,1,803,154,1965
Monash,47B Vannam Dr,3147,11/1/2024,1060000,3,10.2,2,2,343,1,2000
Kingston,14 Ebb St,3195,,970000,3,21.5,2,2,612,154,1960
Moonee Valley,49 Ridge Dr,3034,12/1/2024,750000,3,9.5,1,2,561,103,1990
Moonee Valley,55 Ridge Dr,3034,10/1/2024,800000,5,9.5,2,3,577,166,1985
Boroondara,7 Adeney St,3104,12/1/2024,2400000,5,9.7,4,2,742,262,1980
Boroondara,67 Winfield Rd,3104,10/1/2024,1850000,4,9.7,4,3,929,266,1960
Cardinia,12 Windsor Dr,3807,10/1/2024,670000,4,39,2,2,900,244,2005
Bayside,16A Coronet Gr,3193,11/1/2024,1850000,3,17.3,3,2,252,203,2007
Banyule,9 Sullivan St,3081,10/1/2024,906000,2,8.8,1,1,617,109.98,1960
Glen Eira,2/21 Vickery St,3204,12/1/2024,,2,11.4,1,1,834,75,1967
Glen Eira,12 Wood St,3204,,,5,11.4,2,2,591,188,1950
Whitehorse,2A Stewart Av,3130,12/1/2024,874000,3,13.4,2,1,232,103,2014
Maribyrnong,12/27 Marnoo St,3019,11/1/2024,560000,3,8.6,1,1,158,137,2002
Hume,82 Cuthbert St,3047,11/1/2024,450000,3,14,1,1,0,100,1960
Moreland,148 Donald St,3056,12/1/2024,1120000,3,5.2,1,1,322,107,
Moreland,54 Dunstan Av,3056,12/1/2024,1110000,2,5.2,1,0,196,101,
Moreland,24 Mitchell St,3056,12/1/2024,1790000,4,5.2,3,6,733,238,1950
Moreland,408/1 Brunswick Rd,3057,10/1/2024,390500,1,4,1,1,0,49,2011
Banyule,22 Alma Rd,3083,,800000,4,12.1,1,1,535,132,
Banyule,43 Cheadle Cr,3083,10/1/2024,999000,5,12.1,2,2,627,268,1991
Glen Eira,5/9 Cosy Gum Rd,3163,,796000,2,10.1,1,2,0,86,1975
Glen Eira,2A Walden Gr,3163,11/1/2024,1050000,3,10.1,1,2,184,133,1990
Glen Eira,6/374 Dandenong Rd,3161,,610000,2,7.8,1,1,816,88,2007
Kingston,1/15 Cross Rd,3196,10/1/2024,639000,2,27,1,2,278,104,1980
Kingston,30 Nancy St,3192,,1050000,3,17.9,1,2,539,169,1970
Yarra,11/165 Noone St,3068,10/1/2024,640000,2,3.6,2,1,533,110,2011
Moreland,35 Belgrave St,3058,11/1/2024,1285000,3,6.7,1,2,579,143,
Yarra,53 Mater St,3066,,1080000,2,2,1,0,0,94,
Hume,42 Excelsior Hts,3064,,1000000,6,20.6,3,2,752,40,
Hume,11 Heytesbury Cr,3064,11/1/2024,607500,3,20.6,2,2,654,185,1999
Hume,60 Northumberland Cct,3064,10/1/2024,,3,20.6,2,2,448,150,2008
Hume,24 Paddington St,3064,,515000,3,20.6,2,2,490,122.25,
Hume,70 Penhall Dr,3064,10/1/2024,510000,3,20.6,2,2,350,161,2014
Hume,36 Serenity Wy,3064,10/1/2024,592500,4,20.6,2,2,448,188,2011
Greater Dandenong,1 Caroline St,3175,10/1/2024,669000,3,24.7,1,1,713,145,1960
Greater Dandenong,7 Buchan St,3175,12/1/2024,895000,5,24.7,2,4,779,186,1970
Brimbank,11 Barley Ct,3037,11/1/2024,505000,4,18,2,2,344,105.9,1995
Manningham,5 Alma Ct,3108,10/1/2024,1530000,5,12.4,3,2,851,215,1975
Manningham,18B Churchill St,3109,10/1/2024,,3,14.3,1,2,0,121,2010
Manningham,45 Elizabeth St,3109,10/1/2024,1385000,4,14.3,3,2,417,203,1980
Casey,33 Kanooka Gr,3177,12/1/2024,472500,2,28.8,1,2,590,74,1960
Melbourne,205/30 St Andrews Pl,3002,12/1/2024,895000,1,1.3,1,1,0,60,1990
Kingston,9a Ivan Av,3196,11/1/2024,,2,27,1,2,224,104,2000
Glen Eira,16 Allison Rd,3185,,,3,7.2,2,2,458,165,
Glen Eira,4/49 Seymour Rd,3185,10/1/2024,1200000,3,7.2,1,2,1405,117,1965
Port Phillip,7/59 Ormond Rd,3184,10/1/2024,630000,2,7.2,1,1,637,73,1970
Moonee Valley,18 Royal Av,3041,10/1/2024,1535000,3,8.2,1,2,811,152,
Moreland,115 Lorne St,3060,,830000,2,13.1,1,1,779,102,1950
Knox,7 Austin St,3156,11/1/2024,740000,3,24.8,1,2,968,118,1955
Maribyrnong,107/250 Barkly St,3011,11/1/2024,430000,2,5.1,1,1,1909,110,2007
Maribyrnong,16 Creswick St,3011,11/1/2024,900000,3,5.1,1,3,312,106,
Maribyrnong,15 Greer St,3011,10/1/2024,1000000,4,5.1,2,1,180,206,1994
Maribyrnong,12 Jerrold St,3011,11/1/2024,,4,5.1,1,3,446,101.7,
Whitehorse,19 Victor Cr,3131,11/1/2024,1011000,3,15.4,1,1,590,114,1960
Stonnington,2/10 Osborne Av,3146,,580000,2,7.3,1,1,200,62,1970
Stonnington,8/12 Osborne Av,3146,12/1/2024,519500,2,7.3,1,1,1101,73,1970
Monash,2/51 Avonhurst Dr,3150,11/1/2024,656000,2,16.7,1,1,345,120,2012
Monash,32 Maylands Cr,3150,12/1/2024,1182000,5,16.7,2,3,650,152,1975
Monash,2/32 Wilson Rd,3150,12/1/2024,,3,16.7,2,2,365,124,1996
Moreland,4/39 Clovelly Av,3046,11/1/2024,493000,2,11.2,1,2,201,201,2000
Moreland,8 Granville St,3046,12/1/2024,940000,3,11.2,2,5,627,173,1960
Moreland,3/42 Harold St,3046,,435000,2,11.2,1,1,144,73,2010
Moreland,146 East St,3046,11/1/2024,741000,4,11.2,1,2,652,158,1960
Moreland,99 Hilton St,3046,11/1/2024,550000,3,11.2,1,2,325,100,1950
Bayside,7 Exon St,3188,10/1/2024,1405000,3,13.8,2,2,220,139,2014
Maroondah,91 Campbell St,3135,10/1/2024,1270500,4,21.3,2,3,801,180,1957
Maroondah,61 Canterbury Rd,3135,,751000,3,21.3,1,2,693,129,1950
Bayside,10 Haynes St,3190,12/1/2024,1535000,4,16,2,2,719,719,1998
Melton,93 Saronvale Cr,3037,10/1/2024,700000,4,18,2,4,788,236,1995
Wyndham,46 Bourke Cr,3029,12/1/2024,520000,3,18.4,1,0,609,109,1986
Wyndham,2 Burge Cr,3029,,650000,4,18.4,2,2,680,205,1985
Monash,3/9 Clapham Rd,3166,11/1/2024,472000,2,12.3,1,1,0,70,1970
Banyule,4/75 Green St,3079,10/1/2024,880000,2,7.8,1,2,229,113,2005
Banyule,6/36 Livingstone St,3079,12/1/2024,985000,4,7.8,3,2,181,154,2016
Hume,12 Lorraine Cr,3047,10/1/2024,528000,3,14,1,3,588,92,1960
Moonee Valley,3 Border Dr,3033,12/1/2024,918000,3,11.7,2,2,669,166,2000
Boroondara,38 Wiltshire Dr,3101,,591000,2,5.4,1,2,0,90,
Brimbank,261 Taylors Rd,3021,10/1/2024,565000,3,14,2,3,543,106.9,1980
Melton,8 Carberry Dr,3337,,362000,4,31.7,2,2,685,141,1970
Whittlesea,69 Monash St,3075,,560000,3,16.3,1,2,535,104,1970
Frankston,17/165 North Rd,3910,12/1/2024,447000,3,41,1,2,230,102,2002
Maribyrnong,7 Churchill Av,3012,11/1/2024,681000,3,6.4,1,2,523,93.82,1950
Maribyrnong,12 Inkerman St,3012,12/1/2024,1005000,3,6.4,1,5,653,109,
Maribyrnong,18 Pullar St,3012,11/1/2024,468000,2,6.4,1,2,312,89,1990
Maribyrnong,7 Cavalry Cct,3032,10/1/2024,640000,3,4.3,2,2,91,132,2000
Hume,1/2 Dakara Cl,3048,12/1/2024,420000,3,17.4,1,1,658,94,1990
Melton,8 Charles Ct,3338,12/1/2024,326000,3,29.8,1,1,611,115,1985
Whittlesea,4 Streeton Cct,3082,10/1/2024,725000,3,17.9,2,2,602,129,1980
Whitehorse,11 Beaufort St,3132,10/1/2024,1101000,3,17.2,1,2,774,132.6,1950
Whitehorse,1/17 Milne St,3132,12/1/2024,926000,4,17.2,3,2,374,170,2000
Moonee Valley,16/122 Maribyrnong Rd,3039,10/1/2024,362000,1,6.2,1,1,0,55,2015
Kingston,3/2 Woods Av,3195,10/1/2024,309000,1,21.5,1,1,57,42,1978
Monash,4/254 Waverley Rd,3149,10/1/2024,611000,2,14.2,1,1,161,82,1970
Monash,2 Kinkora Ct,3170,,755000,3,18.8,2,2,197,132,2005
Monash,25 Morawa Dr,3170,10/1/2024,862000,3,18.8,2,2,246,3,2002
Monash,75 Wattle Gr,3170,,815500,3,18.8,2,2,434,104,1960
Hobsons Bay,102 Market St,3015,12/1/2024,1100000,3,6.2,2,3,449,154.3,
Moonee Valley,8 Goble St,3042,10/1/2024,1130000,4,10.4,2,2,650,163,1975
Moonee Valley,64 Muriel St,3042,10/1/2024,1006000,4,10.4,2,1,270,178.74,2008
Greater Dandenong,2/21 Marna Ct,3174,11/1/2024,445000,2,22.7,1,3,197,82,1998
Greater Dandenong,371 Princes Hwy,3174,12/1/2024,,3,22.7,1,1,603,130,1970
Melbourne,306/64 MacAulay Rd,3051,12/1/2024,465000,2,1.8,1,1,0,53,2010
Darebin,31 Gladstone Av,3070,10/1/2024,1335000,3,5.3,1,1,390,112,
Monash,44 Golf Rd,3167,10/1/2024,1390000,4,15.5,2,2,558,243,2010
Cardinia,1 Loxton Wy,3810,,643500,4,47.3,2,2,600,300,2010
Moreland,1A Braeside St,3044,10/1/2024,510000,2,8.5,1,1,129,88.3,2012
Moreland,3/25 Devon Rd,3044,12/1/2024,550000,2,8.5,1,1,164,80.7,2008
Moreland,2/8 Stewart St,3044,12/1/2024,580000,2,8.5,1,1,103,111,2010
Darebin,5/49 Austral Av,3072,10/1/2024,250000,1,8.4,1,1,631,34,1965
Darebin,1/70 Bruce St,3072,10/1/2024,392000,1,8.4,1,1,629,41,1965
Darebin,24 Dermot St,3072,10/1/2024,505000,1,8.4,1,1,102,43,2000
Darebin,27 Pender St,3072,12/1/2024,980000,3,8.4,1,3,397,107,
Darebin,9/23 Ashley St,3073,11/1/2024,320000,2,12,1,1,89,65,1965
Darebin,1/3 Drysdale St,3073,11/1/2024,617500,2,12,2,1,0,114,2010
Darebin,11 Knox St,3073,12/1/2024,1282500,5,12,2,2,499,251,2015
Yarra,221/253 Bridge Rd,3121,10/1/2024,419000,2,2.4,1,1,3512,51,2011
Yarra,401/28 Tanner St,3121,10/1/2024,1667500,2,2.4,2,2,92,141,
Yarra,306/45 York St,3121,11/1/2024,685000,2,2.4,2,1,0,77,2011
Maroondah,26 Major St,3134,12/1/2024,882500,3,19.9,2,2,918,145,1975
Maroondah,3 Sang Ct,3134,11/1/2024,910000,3,19.9,2,2,651,162,1977
Bayside,124 Abbott St,3191,,1651000,3,15.2,2,1,390,125,1950
Knox,72 Arnold Dr,3179,10/1/2024,1040000,4,22.2,2,2,1134,152,1970
Knox,17 Walsh Av,3179,10/1/2024,1120000,4,22.2,2,2,960,179,1985
Whittlesea,102 Vincent Dr,3752,12/1/2024,500000,3,20.5,2,2,330,118,2008
Stonnington,7/85 Caroline St,3141,10/1/2024,420000,1,2.7,1,1,0,43,1960
Stonnington,804/2 Claremont St,3141,10/1/2024,460000,2,2.7,2,0,0,63,2014
Stonnington,10/391 Toorak Rd,3141,,1340000,2,2.7,2,2,0,133,1995
Greater Dandenong,1/2 Mary St,3171,12/1/2024,580000,2,20.8,2,2,155,89.25,
Greater Dandenong,5 Gwent St,3172,10/1/2024,700000,3,22.2,1,2,638,105,1980
Port Phillip,8/240 Barkly St,3182,10/1/2024,,1,5,1,1,0,49,1971
Moonee Valley,10 Fenacre St,3041,11/1/2024,1220000,4,8.2,1,2,750,185,1960
Hume,315 Elizabeth Dr,3429,11/1/2024,500000,3,31.7,1,3,678,127,1975
Hume,11 Gruner St,3429,10/1/2024,,3,31.7,1,4,606,96,1994
Brimbank,95A Berkshire Rd,3020,10/1/2024,650000,4,10.5,2,1,283,181.6,2005
Brimbank,9 Noble Ct,3020,12/1/2024,615000,3,10.5,2,1,358,27,1999
Brimbank,7 Argyll St,3037,,740000,4,18,2,2,1017,156,2000
Wyndham,26 Bradman Dr,3029,10/1/2024,463500,4,18.4,2,2,371,156,2006
Wyndham,30 Cobram St,3029,10/1/2024,530000,3,18.4,2,2,400,153,2009
Wyndham,7 Vive St,3029,10/1/2024,446000,3,18.4,2,2,326,162,2012
Melton,55 Bloomsbury Dr,3037,10/1/2024,520000,3,18,2,2,389,161,2005
Melton,20 Hobart Wy,3037,10/1/2024,530000,3,18,2,1,343,119,2011
Melton,6 Hobart Wy,3037,10/1/2024,725500,5,18,3,2,450,260,2011
Brimbank,23A Wentworth Dr,3038,,502000,3,15.5,2,2,198,143,2004
Manningham,32 Hillhouse Rd,3106,10/1/2024,1275000,4,15.5,2,2,812,33,
Manningham,46 Feathertop Av,3107,10/1/2024,1215000,4,12.4,2,4,729,240,1970
Manningham,1/6 Union St,3107,12/1/2024,731000,2,12.4,1,1,217,115,2005
Whittlesea,24 Banksia Av,3074,10/1/2024,,3,15.3,1,2,526,116,1970
Whittlesea,14 Marjory St,3074,10/1/2024,631000,3,15.3,1,2,584,121,1965
Darebin,105 Fyffe St,3071,11/1/2024,1110000,3,7,1,0,396,113,
Stonnington,8/161 Alexandra Av,3142,11/1/2024,735000,2,4.1,1,1,0,84,
Hume,56 Broadmeadows Rd,3043,,822000,3,12.9,1,1,778,112,1960
Whitehorse,88 Boronia Rd,3133,,988000,3,17.2,1,1,653,119,1970
Knox,1/20 Kensington Pl,3152,10/1/2024,630000,3,14.7,1,2,169,141,2001
Banyule,18 Barry St,3087,10/1/2024,,3,14.5,1,1,598,104.4,1975
Banyule,27 Kurrajong Cr,3087,10/1/2024,710000,3,14.5,1,2,600,115,1974
Wyndham,8 Centenary Cr,3030,10/1/2024,383000,3,14.7,1,2,548,95,1960
Wyndham,5 Flourish Wy,3030,12/1/2024,463000,4,14.7,2,2,358,148,2012
Wyndham,3 Parramatta Rd,3030,12/1/2024,452000,3,14.7,1,3,567,121,1980
Wyndham,17 Timbarra Dr,3030,,665000,4,14.7,2,2,520,201,2014
Wyndham,6 Troup Ct,3030,12/1/2024,485000,3,14.7,1,1,633,88,1960
Wyndham,17 Xavier Ct,3030,12/1/2024,510000,4,14.7,2,1,531,147,2003
Maribyrnong,16 Market St,3012,11/1/2024,850000,3,6.4,1,2,269,111,
Hobsons Bay,22 Hotham St,3016,12/1/2024,1440000,4,6.8,2,0,240,170,
Yarra Ranges,15 Yarra St,3775,10/1/2024,620000,3,31.4,2,1,863,180.56,1975
Maribyrnong,61 Eirene St,3013,11/1/2024,900000,2,6.3,1,3,463,123.5,
Maribyrnong,30 Freame St,3013,12/1/2024,1407000,4,6.3,2,2,446,152,1955
Moonee Valley,10A Coniston Av,3042,10/1/2024,780000,3,10.4,2,1,195,192,2005
Brimbank,10 Elinga Ct,3021,12/1/2024,555000,3,14,1,3,566,126,1980
Brimbank,1/26 Talmage St,3020,10/1/2024,,3,10.5,2,2,175,110,2014
Brimbank,1 Chelsey St,3022,10/1/2024,627000,3,12.8,1,2,697,102,1960
Monash,7 Barrington Dr,3147,10/1/2024,1540000,4,10.2,2,3,668,205,1970
Boroondara,27 Burroughs Rd,3103,11/1/2024,3812000,5,7.9,4,2,729,1,2012
Boroondara,12 Maud St,3104,11/1/2024,1755000,4,9.7,2,2,605,155,
Knox,592 Mountain Hwy,3153,11/1/2024,606000,3,23.2,1,1,424,94,1970
Glen Eira,2 Osborne Av,3204,11/1/2024,1435000,3,11.4,3,2,307,177,2014
Glen Eira,16 Waratah St,3165,,1260000,3,13.8,2,2,669,138,1960
Casey,33 Jane St,3806,11/1/2024,620000,3,35.2,1,2,792,101,1970
Bayside,5/323 Beach Rd,3193,10/1/2024,600000,2,17.3,1,1,0,74,1960
Whitehorse,12/5 Travellyn Ct,3130,10/1/2024,615000,2,13.4,1,1,3316,85,1970
Knox,15 New St,3155,11/1/2024,770000,4,25,2,2,723,1,1970
Bayside,6/105 Cochrane St,3186,12/1/2024,845000,2,10.5,1,1,100,110,1960
Hume,18 Katunga Cr,3047,11/1/2024,706000,4,14,1,4,752,115,1960
Melton,30 Pinrush Rd,3338,10/1/2024,456000,4,29.8,2,2,576,189,2010
Moreland,1/46 Davies St,3056,10/1/2024,650000,2,5.2,1,1,108,70,1970
Moreland,1/51 Brunswick Rd,3057,,620000,2,4,1,1,123,79,1960
Moreland,3/51 Brunswick Rd,3057,10/1/2024,683000,2,4,1,1,0,91,1970
Moreland,2/38 Ethel St,3057,10/1/2024,501000,2,4,1,1,71,47,1970
Moreland,603/29 Nicholson St,3057,11/1/2024,615000,2,4,1,1,0,70,2008
Moreland,17 Cohuna St,3055,10/1/2024,1150000,2,5.2,1,1,539,107,
Whitehorse,1/2 Ellesmere Rd,3151,12/1/2024,835000,3,14.7,2,2,347,143,2000
Brimbank,16 Westbury St,3023,,640000,3,14.8,2,2,316,170,2008
Boroondara,52 Ellsworth Cr,3124,12/1/2024,1280000,3,7.7,2,2,186,158,2014
Boroondara,6 Regent St,3124,11/1/2024,2500000,4,7.7,2,3,947,225,
Boroondara,2/37 Thomas St,3124,12/1/2024,600800,2,7.7,1,1,1625,1,1960
Glen Eira,1/80 Truganini Rd,3163,12/1/2024,1151000,3,10.1,2,1,259,115,1995
Kingston,29 Whatley St,3197,12/1/2024,625000,3,31.2,2,1,379,170,1950
Frankston,9 Pinewood Dr,3201,11/1/2024,480000,3,34.9,1,0,528,106,1981
Monash,1/6 Crana Ct,3148,11/1/2024,1050000,5,11.7,2,2,276,159,2011
Kingston,11 Rebecca Cl,3196,10/1/2024,835500,5,27,5,4,570,243,1990
Kingston,22 Cavanagh St,3192,11/1/2024,1740000,4,17.9,2,2,721,283,2010
Yarra,7/16 The Esplanade,3068,11/1/2024,591000,2,3.6,1,1,0,64,1970
Moreland,68 Marks St,3058,12/1/2024,1400000,4,6.7,2,2,426,165,
Moreland,34 Soudan St,3058,12/1/2024,996000,2,6.7,1,1,476,97,
Moreland,17 Delta Av,3058,11/1/2024,1011000,4,6.7,2,2,500,145,
Moreland,10 Shore Gr,3058,12/1/2024,830000,3,6.7,2,2,275,142,2008
Hume,15 Champion Pde,3064,10/1/2024,510000,4,20.6,2,1,336,83,2014
Hume,10 Olympic Wy,3064,,590000,4,20.6,2,2,512,200.71,2007
Hume,66 Willmott Dr,3064,11/1/2024,390000,3,20.6,1,1,301,109,2001
Casey,13 Cumquat Ct,3977,,500000,4,34.7,2,0,579,149,1990
Maroondah,24 County Tce,3136,11/1/2024,1020000,4,23,2,2,560,253,
Manningham,10 Wilsons Rd,3108,11/1/2024,1420000,3,12.4,1,2,721,130,1965
Manningham,14 Morello Cir,3109,,1120000,3,14.3,2,2,253,253,
Manningham,21 Runnymede St,3109,12/1/2024,1460000,3,14.3,1,2,660,117,1965
Casey,49 Kanooka Gr,3177,10/1/2024,450000,3,28.8,1,0,585,85,1960
Glen Eira,3/14 Sinclair St,3185,11/1/2024,834500,2,7.2,1,2,538,92,2005
Nillumbik,15 Highpoint Cr,3095,12/1/2024,920000,4,18,3,2,1503,209,1980
Port Phillip,3/28 Avoca Av,3184,11/1/2024,,2,7.2,1,1,837,80,
Port Phillip,1/121 Brighton Rd,3184,,720000,2,7.2,1,2,797,90,
Port Phillip,4/19 Ruskin St,3184,10/1/2024,,3,7.2,2,2,0,111,2010
Port Phillip,3/521 St Kilda St,3184,12/1/2024,,2,7.2,1,1,795,80,2005
Cardinia,35 Kings Rd,3782,,655000,2,36.9,1,0,1000,81.79,1980
Casey,44 Denton Dr,3802,10/1/2024,630000,3,28.5,2,2,581,128,1985
Casey,9 Knight Ct,3802,10/1/2024,676000,3,28.5,2,3,810,114,1980
Whittlesea,19 Lotus Ct,3076,10/1/2024,658000,4,19.6,2,2,571,200,1997
Whittlesea,13 Manley St,3076,10/1/2024,500000,3,19.6,2,2,321,130,2011
Whittlesea,8 Shields St,3076,12/1/2024,560000,3,19.6,2,1,390,147,2007
Whittlesea,2/33 Wedge St,3076,12/1/2024,503000,2,19.6,2,2,214,115,2000
Darebin,9 Rushall St,3078,11/1/2024,1800000,3,5.7,1,2,697,112,
Knox,3 Hooker Rd,3156,10/1/2024,861000,3,24.8,2,1,720,162,1960
Knox,72 Ormonde Rd,3156,10/1/2024,890000,4,24.8,2,2,659,177,1992
Maribyrnong,9/51 Napier St,3011,10/1/2024,370000,2,5.1,1,1,0,60,1960
Frankston,55 Margate Av,3199,12/1/2024,680000,4,38,2,3,767,210,1980
Frankston,7 Wirilda Cr,3200,12/1/2024,570000,3,36.9,1,4,632,104,1960
Frankston,90 Yuille St,3199,11/1/2024,945000,4,38,2,2,694,265,2009
Glen Eira,1/1110 Glen Huntly Rd,3163,11/1/2024,,2,10.1,1,1,0,77,2010
Stonnington,4/1508 Malvern Rd,3146,10/1/2024,,2,7.3,1,1,197,1,1970
Moreland,20A Apsley St,3046,11/1/2024,820000,3,11.2,1,4,650,135,1950
Moreland,69 Melbourne Av,3046,10/1/2024,680000,3,11.2,1,1,422,104,1960
Banyule,50 Albion Cr,3088,10/1/2024,,4,16.1,2,2,789,169,1975
Banyule,12 Yangoora Pl,3088,11/1/2024,900000,4,16.1,3,1,807,190,1975
Banyule,2/14 Edgar St,3084,11/1/2024,835000,3,8.9,2,2,161,135,2010
Bayside,1/12 Jillian Av,3190,10/1/2024,1200000,3,16,1,2,269,125,2000
Bayside,1/1 Peterson St,3190,12/1/2024,1030000,3,16,2,2,240,180,2006
Kingston,31 The Crescent,3190,11/1/2024,1200000,4,16,2,2,304,183,2007
Bayside,46 Wilson St,3190,10/1/2024,1150000,2,16,1,2,591,100,1950
Melton,20 Viridian Dr,3037,10/1/2024,618350,4,18,2,2,542,221,2009
Wyndham,7 Brooke Ct,3029,10/1/2024,540000,3,18.4,2,2,580,200,1990
Banyule,25 Fairy St,3079,10/1/2024,2530000,4,7.8,2,0,637,306,
Brimbank,45 Collinson St,3042,10/1/2024,750000,3,10.4,2,2,761,222,1980
Brimbank,26 Snow St,3042,10/1/2024,765000,5,10.4,3,4,650,178,1970
Melbourne,401/40 Altona St,3031,11/1/2024,,2,3.4,1,1,1775,59,
Boroondara,6/385 Barkers Rd,3101,11/1/2024,1405000,3,5.4,2,2,325,129,1980
Boroondara,11 Raheen Dr,3101,,3015000,4,5.4,2,2,813,276,1970
Greater Dandenong,28 Eildon Dr,3173,12/1/2024,745000,3,25.2,1,4,540,108,1980
Melton,55 Dunvegan Dr,3337,11/1/2024,375000,3,31.7,2,1,637,131,1980
Whittlesea,2/7 Cooma Ct,3075,,,2,16.3,1,1,277,100,1980
Whittlesea,168 Darebin Dr,3075,12/1/2024,544000,3,16.3,1,2,534,129,1960
Whittlesea,52 Monash St,3075,10/1/2024,580500,3,16.3,1,1,532,934,1980
Maribyrnong,1/1 Clarendon St,3012,10/1/2024,670000,3,6.4,2,2,159,128,2016
Maribyrnong,2/166 Mitchell St,3012,10/1/2024,821000,4,6.4,3,2,294,151,2014
Hume,2/11 Dutton Ct,3048,10/1/2024,360000,3,17.4,1,1,154,108,2008
Hume,19 Papworth Pl,3048,11/1/2024,510000,3,17.4,1,1,670,101,1960
Melbourne,709/87 Franklin St,3000,10/1/2024,565000,2,0,1,0,89,85,2003
Melton,48 Manson Dr,3338,10/1/2024,,3,29.8,1,2,670,124,1975
Melton,20 Linlithgow Wy,3337,11/1/2024,427500,4,31.7,1,2,865,129.92,1980
Whittlesea,14 Jasmine Dr,3082,12/1/2024,668000,3,17.9,2,1,555,196,1990
Whittlesea,14 Medlar Ct,3082,,650000,3,17.9,2,1,661,141,1990
Whittlesea,2 Mimosa Rd,3082,11/1/2024,490000,2,17.9,1,2,374,100,
Moonee Valley,90 Bent St,3039,12/1/2024,1400000,4,6.2,2,1,375,200,
Yarra Ranges,149 Manchester Rd,3138,10/1/2024,696000,3,26.5,1,2,886,120,1960
Monash,16 Walker Rd,3149,10/1/2024,1406000,3,14.2,2,2,660,133,1960
Monash,35 Bevis St,3170,12/1/2024,9000000,3,18.8,1,1,744,117,1960
Monash,5 Grainger Ct,3170,10/1/2024,1001000,3,18.8,1,2,727,168,1970
Glen Eira,2/20 Gerald St,3163,12/1/2024,540000,2,10.1,1,1,80,67,1970
Glen Eira,1/48 Kangaroo Rd,3163,10/1/2024,910000,2,10.1,1,2,402,106,1970
Glen Eira,8/25 Omama Rd,3163,11/1/2024,295000,1,10.1,1,1,0,45,1970
Glen Eira,33 Weeroona Rd,3163,,1965000,3,10.1,2,3,926,58,
Hobsons Bay,22/4 Mason St,3015,,,2,6.2,1,1,963,86,2012
Greater Dandenong,38 Dunblane Rd,3174,10/1/2024,695000,3,22.7,1,1,671,142,1950
Darebin,30 Johnson St,3070,,1515000,4,5.3,1,2,318,161,
Whitehorse,2/281 Springvale Rd,3131,11/1/2024,813000,3,15.4,2,2,266,134,2001
Moreland,2/36 Curie Av,3046,11/1/2024,545000,2,11.2,1,1,0,80,2013
Moreland,15 Nerissa Gr,3046,10/1/2024,1300000,4,11.2,2,2,866,175,1960
Moreland,88 Vincent St,3046,10/1/2024,1260000,4,11.2,2,2,656,204,1960
Moreland,61 Pardy St,3044,12/1/2024,940000,3,8.5,1,1,559,109,1955
Wyndham,23 Boathaven Rd,3030,10/1/2024,620000,4,14.7,2,2,448,238,2011
Port Phillip,83 Evans St,3207,11/1/2024,1722500,2,3.5,1,0,101,75,
Darebin,20 Austral Av,3072,,1485000,4,8.4,1,2,509,202,
Darebin,1/33 Oconnor St,3073,10/1/2024,672000,2,12,1,1,243,120,2012
Yarra,16/297 Church St,3121,10/1/2024,666000,2,2.4,1,1,0,60,
Yarra,5/33 Davison St,3121,,330000,1,2.4,1,1,0,43.7,1970
Maroondah,23 Rosedale Cr,3135,10/1/2024,1400000,3,21.3,2,4,941,97,1950
Port Phillip,10/199 Hotham St,3185,10/1/2024,558500,2,7.2,1,1,1453,63,1970
Hume,13 McKinley Dr,3064,12/1/2024,460000,3,20.6,2,3,266,153,2000
Hume,10 Sheridan Wy,3064,12/1/2024,490000,3,20.6,2,2,400,143,1996
Bayside,6 Duff St,3191,11/1/2024,1660000,4,15.2,2,2,390,235,2004
Bayside,1/10 Reno Rd,3191,12/1/2024,1235000,4,15.2,2,2,404,165,
Frankston,18 Catron St,3198,12/1/2024,,4,35.4,2,2,771,160,1965
Frankston,13 Hayman Av,3198,12/1/2024,880000,4,35.4,2,2,535,199,1970
Maribyrnong,2/70 Windsor St,3011,,945000,2,5.1,1,1,126,65,
Hobsons Bay,89A New St,3015,11/1/2024,730000,3,6.2,2,2,340,135,2000
Port Phillip,372 Coventry St,3205,12/1/2024,980000,2,1.9,1,0,64,112,2000
Whittlesea,7 Loveridge Wy,3752,11/1/2024,561000,4,20.5,2,1,229,156,
Stonnington,9/17 Howitt St,3141,10/1/2024,570000,2,2.7,1,1,0,64,1965
Port Phillip,45/151 Fitzroy St,3182,11/1/2024,,2,5,1,1,0,82,
Hume,1/6 Anthony St,3429,11/1/2024,360000,2,31.7,1,1,143,112,1999
Hume,19 Muirfield Dr,3429,12/1/2024,475000,3,31.7,1,4,754,131,1985
Hume,26 Xavier Ct,3429,10/1/2024,495000,3,31.7,2,2,563,150,1994
Brimbank,2 Day St,3020,12/1/2024,695000,3,10.5,1,0,694,113.6,1950
Brimbank,73 Hilma St,3020,12/1/2024,760000,3,10.5,1,2,1143,100,1980
Brimbank,18 Marchant Cr,3020,11/1/2024,583500,3,10.5,1,1,672,110,1970
Brimbank,23 Contursi Dr,3037,10/1/2024,585000,3,18,2,2,662,232,2004
Manningham,51 Jeffrey St,3107,11/1/2024,1245000,3,12.4,2,2,779,135,1970
Manningham,13 Melaleuca Av,3107,10/1/2024,2000000,6,12.4,3,2,1054,235,1970
Whittlesea,2/1 Charles St,3074,,407000,2,15.3,1,1,140,78,2010
Darebin,13 Rayment St,3071,,891000,3,7,2,2,199,140,1999
Hume,1/171 Melrose Dr,3043,10/1/2024,615500,3,12.9,2,1,238,118,2011
Hume,9/200 Melrose Dr,3043,10/1/2024,300000,2,12.9,1,1,0,66.32,1980
Knox,11 Kirrum Cl,3152,10/1/2024,1310000,5,14.7,3,2,818,255,1985
Wyndham,18 Conquest Dr,3030,10/1/2024,645000,4,14.7,2,2,555,237,2002
Wyndham,46 Coventry Dr,3030,10/1/2024,482500,4,14.7,2,0,533,170,1980
Wyndham,13b Kingfisher Ct,3030,,394000,3,14.7,2,4,287,137,2013
Hume,43 Bamford Av,3049,11/1/2024,821000,4,16.5,3,2,544,264,1997
Hume,4 Pershore Ct,3049,12/1/2024,635000,3,16.5,2,1,691,177,1975
Whittlesea,30 Sherwin St,3757,,601000,3,35.5,2,1,972,149,1996
Hobsons Bay,75 Cecil St,3016,12/1/2024,1050000,3,6.8,1,0,179,115,
Hobsons Bay,2/29 Dover Rd,3016,11/1/2024,385000,1,6.8,1,1,0,35.64,1967
Stonnington,201/152 Peel St,3181,11/1/2024,560000,2,4.6,1,1,0,61.6,2012
Maribyrnong,54 Pentland Pde,3013,,2450000,6,6.3,3,2,1087,388.5,
,1 Alma St,3040,11/1/2024,1436000,4,7.5,3,3,511,187,
,86 Grieve Pde,3018,,913000,3,11,2,3,530,148,1985
,95 Marion St,3025,11/1/2024,1070000,3,9.4,1,3,693,134,1950
,121 Kooyong Rd,3143,10/1/2024,5100000,4,6.3,2,2,761,255,
,132 The Parade,3032,12/1/2024,985000,3,4.3,1,,245,91,
,16/109 Hotham St,3183,10/1/2024,600000,2,6.4,1,1,2283,85,1980
,14 Wanbrow Av,3104,12/1/2024,1950000,5,9.7,3,2,743,0,
,3 Grieve St,3153,10/1/2024,824000,3,23.2,1,2,725,112,1980
,45 Tambet St,3165,12/1/2024,1470000,3,13.8,2,2,616,154,1960
,18 Viewgrand Dr,3806,11/1/2024,975000,4,35.2,3,2,675,332,2005
,20 Iona St,3193,10/1/2024,1950000,4,17.3,3,2,665,206,1950
,15 Merle St,3130,,1375000,4,13.4,1,3,757,150,1968
,6 Parkside Av,3128,12/1/2024,1820000,2,10.9,1,2,701,94,
,9 Berkeley Gr,3187,10/1/2024,,4,10.3,2,2,583,323,
,1/9 Binnie St,3187,10/1/2024,817500,2,10.3,1,1,111,95,
,39 Wilkinson St,3056,12/1/2024,,2,5.2,1,0,140,90,
,18 Ethel St,3057,11/1/2024,1023000,2,4,1,,154,76,
,30 Glenn Cr,3083,11/1/2024,680000,3,12.1,1,2,532,106,1977
,22 Moreton Cr,3083,10/1/2024,814000,3,12.1,1,2,542,0,1970
,1188 Plenty Rd,3083,10/1/2024,715000,3,12.1,1,1,541,120,1960
,3/25 Thomas St,3124,12/1/2024,692500,2,7.7,1,1,145,72,1970
,521 Canning St,3054,10/1/2024,1520000,2,3.5,1,1,193,106,
,24 Clifton St,3145,,1609000,4,8.4,2,2,664,155,
,4 Warren Rd,3192,10/1/2024,1295000,3,17.9,2,2,657,195,1958
,2/21 Oakes Av,3169,12/1/2024,,2,17.5,1,2,914,89,1970
,34 Fenwick St,3068,12/1/2024,1436000,3,3.6,2,,123,128,1990
,87 Phillips St,3058,10/1/2024,1210000,3,6.7,1,4,460,141,
,60 Woiwurung Cr,3058,11/1/2024,631000,2,6.7,2,1,1965,103,2000
,3 Thorpdale Av,3048,12/1/2024,457000,3,17.4,1,2,551,118,1975
,34 Ruskin Av,3136,,730000,4,23,2,2,655,184,1965
,4 Merrill Cr,3136,12/1/2024,790000,3,23,2,2,659,131,1987
,4 Selby Ct,3136,,857000,3,23,2,1,1007,250,1980
,8 Echuca St,3047,12/1/2024,477000,3,14,1,1,627,97,1960
,19 Ross St,3175,10/1/2024,510000,3,24.7,2,1,673,125,1995
,17 Wentworth Cl,3089,11/1/2024,950000,4,21.8,2,2,879,235,1995
,7 Ambrose St,3108,11/1/2024,1375000,4,12.4,2,3,652,218,1970
,50A Cassowary St,3109,10/1/2024,1175000,4,14.3,2,2,723,235,2009
,28 Highfield Rd,3109,10/1/2024,1381000,3,14.3,2,1,646,170,1975
,3/1 Cameron Rd,3040,10/1/2024,1185000,4,7.5,3,1,205,168,2010
,24 Fletcher St,3040,10/1/2024,2100000,4,7.5,2,3,920,256,1990
,89a Kerferd St,3041,11/1/2024,801000,3,8.2,2,1,256,125,2000
,103 Arthur St,3078,12/1/2024,1492000,3,5.7,2,1,292,117,
,5A Edward St,3060,12/1/2024,515000,2,13.1,1,2,177,84,2013
,2 Kya Cl,3156,10/1/2024,760000,3,24.8,1,2,944,104,1981
,130 Gore St,3065,11/1/2024,2300000,3,2.1,2,1,203,163,
,43 Waltham St,3031,,1500000,3,3.4,1,2,241,119,
,11 Heathcote Dr,3131,,730000,2,15.4,1,1,296,296,1998
,4 Eton Ct,3199,12/1/2024,695000,4,38,1,3,713,109,1950
,3 Diosma Ct,3199,,1155000,3,38,2,2,2405,242,1980
,30 Grange Rd,3199,11/1/2024,1905000,4,38,2,2,1471,180,1960
,22 Koonalda Rd,3043,10/1/2024,650000,3,12.9,1,3,529,117,
,14 Snaefell Cr,3043,12/1/2024,670000,4,12.9,2,3,213,156,1970
,25A Beryl St,3146,12/1/2024,1300000,3,7.3,2,2,400,170,
,19 Cromwell St,3046,10/1/2024,835000,4,11.2,1,3,649,122,1960
,129 Glenroy Rd,3046,11/1/2024,830000,3,11.2,1,2,655,110,1960
,133 Morell St,3046,10/1/2024,,3,11.2,1,3,618,116,1960
,4/74 Rutherglen Cr,3043,10/1/2024,635000,4,12.9,2,2,2679,4,2005
,35 Hermitage Dr,3059,10/1/2024,797000,4,20.4,2,2,1057,195,1995
,32 Retreat Rd,3188,10/1/2024,1900000,4,13.8,3,2,699,228,1985
,2 Stewart Cl,3021,11/1/2024,750000,5,14,2,4,647,207,1983
,57 Derby St,3101,12/1/2024,1690000,4,5.4,2,4,350,168,
,2/9 Havelock St,3012,11/1/2024,722000,3,6.4,2,2,147,125,2015
,6 Adori Pl,3032,12/1/2024,983000,3,4.3,2,2,359,185,2008
,9 Hibiscus Cl,3048,12/1/2024,,3,17.4,2,2,452,140,1992
,20 Perry Cl,3337,10/1/2024,430000,3,31.7,1,2,583,103,1980
,30 Borrowdale Rd,3337,10/1/2024,438000,3,31.7,2,2,575,172,2016
,14 Glengala Ct,3194,,900000,4,20,2,2,530,216,1980
,9 Glengala Ct,3194,10/1/2024,960500,3,20,2,2,535,132,1985
,108 Oak Av,3194,11/1/2024,840000,3,20,2,2,163,154,2012
,86 Waverley St,3039,10/1/2024,1210000,3,6.2,2,0,411,114,
,3 Doull Ct,3170,10/1/2024,650000,3,18.8,2,1,145,129,2015
,63 Haverbrack Dr,3170,12/1/2024,1105000,4,18.8,3,2,650,224,1985
,88 Maddox Rd,3015,10/1/2024,940000,4,6.2,2,2,510,196,2016
,36 Shaw St,3042,,1300000,2,10.4,1,1,650,380,2016
,3 Ford Av,3166,11/1/2024,1150000,4,12.3,2,2,1060,175,
,26 Thompson St,3204,12/1/2024,2110000,5,11.4,3,4,664,245,1980
,2 Kershaw St,3195,10/1/2024,1320000,4,21.5,2,5,600,179,1950
,3/43 Danin St,3044,10/1/2024,676000,3,8.5,2,2,122,108,2012
,114 Fongeo Dr,3030,10/1/2024,,3,14.7,2,2,353,135,2011
,333 Princes St,3207,10/1/2024,1764000,3,3.5,2,,131,133,
,1 Cameron St,3073,10/1/2024,,3,12,2,3,488,135,1950
,39 Crevelli St,3073,10/1/2024,612500,3,12,1,1,170,128,1950
,79 North Rd,3073,,900000,4,12,1,4,646,119,1950
,5 Maidstone St,3134,11/1/2024,,3,19.9,1,2,669,106,1960
,16 Sandover Dr,3064,12/1/2024,570000,4,20.6,2,2,504,0,2000
,303 Park St,3205,12/1/2024,1137000,2,1.9,1,,126,79,
,8 Ipswich St,3021,11/1/2024,645000,3,14,1,0,539,138,1960
,187 Mascoma St,3041,12/1/2024,1280000,3,8.2,3,2,571,302,1960
,20 Brett Ct,3429,11/1/2024,570000,4,31.7,2,2,693,174,1995
,43 Lister Cr,3429,10/1/2024,540000,4,31.7,2,2,650,161,1995
,35 Oxley St,3429,10/1/2024,482000,3,31.7,2,4,664,138,1975
,10 Mayne St,3020,11/1/2024,713500,3,10.5,1,2,520,131,1968
,6 Pukaki Ct,3038,10/1/2024,705000,3,15.5,2,1,677,138,1980
,316 Rossmoyne St,3071,10/1/2024,1375000,3,7,2,3,530,145,1950
,19/337 Station St,3071,12/1/2024,,3,7,2,2,120,0,2000
,4 Albany Ct,3030,12/1/2024,630000,4,14.7,2,2,720,163,2001
,7 Thompson Ct,3030,,510000,3,14.7,1,1,614,123,1970
,54 Sussex St,3013,11/1/2024,890000,3,6.3,1,,338,123,
,34 Green St,3042,10/1/2024,1000001,3,10.4,2,1,697,163,2017
,78 Hawker St,3042,10/1/2024,,3,10.4,1,1,767,,
,77A Fulham Rd,3078,11/1/2024,1170000,3,5.7,1,1,268,126,1994
,7/35 Grieve Pde,3018,11/1/2024,458000,2,11,1,1,63,75,1975
,18 Ascot St,3032,,870000,3,4.3,2,3,388,92,1950
,1/37 Ascot Vale Rd,3032,12/1/2024,870000,3,4.3,2,1,3215,178,
,58 Station St,3195,10/1/2024,780000,3,21.5,1,2,292,91,1955
,7 Relowe Cr,3103,,2750000,5,7.9,5,2,1235,397,2016
,286 Balwyn Rd,3104,12/1/2024,1950000,4,9.7,3,1,747,,
,2 Lynne Ct,3104,,2000000,4,9.7,2,5,700,300,2007
,8 Kite Av,3153,10/1/2024,900000,4,23.2,2,2,656,193,1975
,7 McNamara St,3193,12/1/2024,1354000,3,17.3,1,2,612,124,1950
,2 Goodwin St,3130,12/1/2024,1390000,3,13.4,2,3,698,194,
,55 Stanhope St,3047,,753000,4,14,1,2,696,,
,378 Albion St,3055,,875000,3,5.2,1,1,275,106,
,47 Everett St,3055,12/1/2024,1250000,4,5.2,2,2,600,180,2004
,13 Zeal St,3055,11/1/2024,1225000,2,5.2,1,2,501,495,
,41 Estelle St,3105,,980000,3,10.8,2,1,573,161,1970
,36 Ormond Bvd,3083,12/1/2024,,4,12.1,3,2,331,331,2010
,15 Wattlebird Ct,3125,,,4,10.4,2,4,514,258,2000
,17 McGregor St,3126,,3130000,4,8.4,2,2,618,,
,87 Palmerston St,3053,10/1/2024,1263000,3,1.6,1,1,110,128,
,782 Lygon St,3054,11/1/2024,1065000,2,3.5,1,,4025,,
,125 Newry St,3054,11/1/2024,950000,2,3.5,1,,97,,
,15 Byron St,3169,11/1/2024,985000,3,17.5,1,2,674,98,1950
,11 Abercarn Av,3064,10/1/2024,595000,4,20.6,1,0,641,110,1990
,37 Lee St,3023,10/1/2024,589000,3,14.8,2,2,544,125,1996
,2 Bishop Av,3089,12/1/2024,745000,4,21.8,2,2,767,,
,1A Shelford Gr,3172,10/1/2024,952000,4,22.2,2,3,681,168,1970
,4 Tudor Rd,3108,10/1/2024,1540500,5,12.4,2,2,726,,
,345 Serpells Rd,3109,10/1/2024,1600000,4,14.3,3,2,878,306,1970
,8 Bower Wy,3754,10/1/2024,481000,3,25.9,2,1,359,150,2011
,15 Marian Ct,3095,10/1/2024,950000,4,18,2,2,651,198,1990
,9 Mason Av,3184,12/1/2024,1400000,3,7.2,2,,225,122,
,11 Northumberland Dr,3076,12/1/2024,641000,3,19.6,2,2,535,148,1970
,10/81 Rufus St,3076,10/1/2024,,2,19.6,1,1,161,,
,20 Butler St,3040,12/1/2024,,3,7.5,2,2,595,169,
,4 Parklands Cl,3156,12/1/2024,797000,3,24.8,2,1,626,145,1995
,127 Princes St,3031,10/1/2024,820000,3,3.4,1,0,185,98,
,37 Waltham St,3031,12/1/2024,1225000,2,3.4,1,1,150,96,
,27 Summerhill Rd,3011,10/1/2024,800000,2,5.1,1,2,353,123,
,7 Orrong Av,3199,12/1/2024,1010000,3,38,2,2,306,125,1970
,24 Sycamore Rd,3199,,830000,4,38,1,4,600,158,1985
,204 Panorama Dr,3437,11/1/2024,780000,4,45.9,3,2,20200,189,1985
,38 Allison Av,3146,12/1/2024,2200000,3,7.3,2,2,705,158,
,16 Clematis St,3150,10/1/2024,,4,16.7,2,2,742,164,1970
,56 Maude Av,3046,10/1/2024,,2,11.2,1,2,378,92,1955
,39 Scotland Av,3088,11/1/2024,1000000,5,16.1,2,2,900,192,1955
,6 Epping St,3046,11/1/2024,750000,3,11.2,1,3,665,104,1970
,2 Homebush Cr,3123,11/1/2024,2710000,3,6.2,1,3,615,,
,5 Marden Pl,3135,11/1/2024,1165000,4,21.3,2,2,442,207,2016
,25 Westmore Dr,3135,,932000,5,21.3,2,2,543,200,1980
,14 Ashwood Av,3190,12/1/2024,1550000,4,16,2,2,613,187,1960
,22 Claremont Cr,3029,10/1/2024,510000,3,18.4,1,2,600,129,1975
,46 McArthur Rd,3079,12/1/2024,1535000,3,7.8,2,1,697,128,
,10 Melville Cl,3036,11/1/2024,678500,3,14.5,1,2,539,104,1975
,2 Ajax Cl,3038,11/1/2024,720000,4,15.5,2,2,660,177,1985
,11 David Av,3033,11/1/2024,1188000,4,11.7,2,2,612,202,1961
,165 Chirnside St,3012,11/1/2024,1100000,3,6.4,2,0,275,122,
,19 Howard St,3012,10/1/2024,865000,2,6.4,1,2,327,131,1950
,57 Edsall St,3144,10/1/2024,1510000,3,5.9,1,0,228,156,
,13 Manna Ct,3048,,,3,17.4,1,2,501,129,1992
,71 Hume Av,3338,,410000,4,29.8,1,2,578,104,1980
,14A Teague Av,3194,,875000,3,20,2,2,165,19,
,13 Leonardo Dr,3754,12/1/2024,,4,25.9,2,2,573,245,
,136 Page St,3206,11/1/2024,6400000,5,3,2,1,553,308,
,3 Rosehill Ct,3082,10/1/2024,757000,4,17.9,2,3,800,270,1985
,53 Dunlavin Rd,3132,10/1/2024,1200000,4,17.2,3,2,367,334,2015
,15 Tirana St,3132,12/1/2024,,3,17.2,2,2,534,187,1970
,13 Hudson St,3039,10/1/2024,1205000,3,6.2,1,1,375,118,
,11 Murray St,3039,,1240000,3,6.2,2,2,784,172,2007
,327 Hull Rd,3138,10/1/2024,720000,3,26.5,1,1,862,97,1960
,26 Mirls St,3015,,1567000,4,6.2,2,2,409,181,
,63 Nolan St,3042,12/1/2024,1370000,4,10.4,3,2,634,251,2017
,39 Valias St,3113,10/1/2024,902000,4,21.1,2,0,1457,147,1970
,36 Winifred St,3070,10/1/2024,1685000,4,5.3,1,1,442,112,
,9 Young St,3166,10/1/2024,1495000,4,12.3,2,1,581,179,1950
,24 Columbia St,3167,10/1/2024,,3,15.5,1,2,704,120,1970
,672 North Rd,3204,12/1/2024,1103000,3,11.4,1,2,401,134,1960
,10 Ray St,3044,12/1/2024,850000,3,8.5,1,3,446,,
,1 Princes Pl,3207,11/1/2024,1845000,3,3.5,3,2,114,240,2009
,346 Princes St,3207,12/1/2024,1000000,3,3.5,1,0,99,96,
,22 Irving Av,3181,11/1/2024,1650000,3,4.6,1,0,435,200,1966
,753 Gilbert Rd,3073,10/1/2024,,3,12,1,1,482,109,1965
,69 Buckingham St,3121,11/1/2024,1525000,3,2.4,2,0,195,122,
,36/73 River St,3121,10/1/2024,592000,2,2.4,2,1,14294,77,2006
,25 Georges Rd,3134,12/1/2024,1040000,2,19.9,1,1,766,100,1950
,8 Ian Av,3135,12/1/2024,800000,4,21.3,2,2,650,112,1960
,11 Greville Rd,3084,11/1/2024,1800000,4,8.9,2,2,635,276,1955
,18 Colchester Cct,3064,11/1/2024,580500,3,20.6,2,2,568,147,2003
,50 Bamfield St,3191,11/1/2024,2700000,4,15.2,2,1,722,318,
,121 Sandringham Rd,3191,10/1/2024,2290000,5,15.2,3,2,553,273,
,1 Victory St,3191,,1725000,3,15.2,1,2,493,117,
,6 Manyung Ct,3198,11/1/2024,770000,3,35.4,1,1,591,130,1963
,206 Montague St,3205,10/1/2024,1355000,2,1.9,1,0,109,78,
,54 Palmerston Cr,3205,12/1/2024,1210000,3,1.9,2,,149,,
,14 The Avenue,3752,11/1/2024,540000,3,20.5,2,2,362,152,2005
,2 Hopetoun Gr,3141,10/1/2024,1360000,3,2.7,1,,250,98,
,3 Kemp Pl,3429,10/1/2024,388000,3,31.7,1,0,650,114,
,32 Cumberland St,3020,12/1/2024,770000,3,10.5,1,2,608,130,1960
,57 Guildford Rd,3127,,3625000,5,10.2,3,2,1011,327,
,34 Marcus Rd,3107,11/1/2024,1585000,4,12.4,4,2,386,147,1965
,1 Newlands Ct,3152,11/1/2024,925000,4,14.7,3,4,534,176,1975
,22 Broadwater Dr,3195,10/1/2024,1232000,4,21.5,2,2,620,244,2004
,1 Scott St,3030,10/1/2024,621000,4,14.7,2,2,556,177,2001
,2/157 Peel St,3181,12/1/2024,810000,2,4.6,1,1,652,,2013
,74 Lehmanns Rd,3750,12/1/2024,420000,3,25.5,2,2,167,,
,18 Wigan Cl,3750,12/1/2024,730000,4,25.5,2,2,400,248,2012
,279 Hyde St,3013,,800000,4,6.3,2,2,277,142,1950
,96 Pentland Pde,3013,10/1/2024,1100000,3,6.3,1,0,221,137,
,13 Valencia St,3040,12/1/2024,1650000,4,7.5,2,1,484,186,1950
,121 Richardson St,3206,10/1/2024,1960000,3,3,2,,152,161,
,20 Kooyong Rd,3143,,1715000,3,6.3,3,1,1889,141,
,69 Gloucester Rd,3147,11/1/2024,1555000,3,10.2,1,4,649,101,1950
,23 Nungerner St,3103,11/1/2024,,3,7.9,2,2,679,203,
,1 Page St,3104,,,3,9.7,2,2,625,,
,19 Bolton St,3193,10/1/2024,3778000,5,17.3,4,4,1254,465,1980
,4 Clairmont Av,3204,,2210000,4,11.4,3,2,557,233,
,21 Yaralla Rd,3165,10/1/2024,,3,13.8,1,3,585,105,1960
,2 Furness St,3130,12/1/2024,1900000,5,13.4,3,2,1003,270,1960
,27 Gerald St,3130,10/1/2024,1850000,4,13.4,2,2,628,287,2012
,152 Middleborough Rd,3130,12/1/2024,1100000,4,13.4,3,2,592,168,2017
,16B Newberry Av,3196,10/1/2024,1830000,4,27,3,2,353,222,2004
,40 Allanfield Cr,3155,10/1/2024,,3,25,1,1,439,112,1970
,35 Shepherd St,3019,12/1/2024,840000,3,8.6,1,2,620,93,1960
,1 Airlie St,3186,10/1/2024,1342000,3,10.5,1,3,287,110,
,1 Leonie Ct,3186,12/1/2024,1960000,3,10.5,2,2,709,36,1960
,176 Albert St,3056,12/1/2024,911000,2,5.2,1,1,132,77,
,4/135 Brunswick Rd,3056,11/1/2024,640000,2,5.2,1,1,82,2,
,5 McPherson St,3056,10/1/2024,1820000,4,5.2,2,2,317,288,2017
,4/831 Park St,3056,10/1/2024,170000,1,5.2,1,0,1250,,
,33 Holmes St,3057,12/1/2024,950000,2,4,2,1,224,89,
,21 Millicent Av,3105,12/1/2024,1225000,4,10.8,1,2,753,130,1960
,54 Linacre Dr,3083,12/1/2024,1505000,5,12.1,3,2,659,179,2015
,1 Oxford Dr,3083,11/1/2024,730000,4,12.1,2,2,538,144,1970
,19 Davis Av,3124,12/1/2024,2835000,6,7.7,3,2,794,283,1970
,9 Lofty Av,3124,,2450000,5,7.7,3,2,570,239,
,25 Byron St,3163,10/1/2024,850000,2,10.1,2,1,117,101,2007
,22A Mernda Av,3163,11/1/2024,1508000,3,10.1,2,2,338,147,2011
,60 Carrington Cr,3201,10/1/2024,578000,3,34.9,2,2,673,677,
,33 Baxter Av,3196,10/1/2024,,3,27,1,3,534,127,1970
,38 Fairview Av,3192,10/1/2024,1201000,3,17.9,2,3,638,156,1960
,1/76 Scotsburn Av,3168,11/1/2024,810000,3,16.7,1,2,340,100,1955
,7 Kewarren Ct,3058,10/1/2024,975000,4,6.7,2,2,301,209,2005
,9A Methven St,3058,12/1/2024,880000,3,6.7,1,1,771,104,2004
,9 Ryland St,3058,12/1/2024,841000,3,6.7,1,3,533,150,1960
,382A Smith St,3066,12/1/2024,931000,2,2,1,1,109,90,2001
,2 Ravenwoods Wy,3064,10/1/2024,492000,3,20.6,2,2,255,184,2009
,14 Venetian Ct,3136,10/1/2024,858000,3,23,1,2,857,139,1960
,60 First Av,3175,10/1/2024,682000,3,24.7,1,5,556,105,1987
,32 Fernhill Dr,3172,11/1/2024,1281000,4,22.2,2,2,566,234,2000
,4/30 Fromhold Dr,3108,12/1/2024,751000,3,12.4,2,1,170,139,2010
,5 Ryder Ct,3109,10/1/2024,1330000,5,14.3,3,3,751,439,1980
,5 Hakea St,3177,10/1/2024,469000,3,28.8,1,2,585,101,1959
,119 Dalton St,3095,11/1/2024,915000,3,18,2,2,795,146,1960
,50 Ogilvie St,3040,,,3,7.5,1,2,658,183,1950
,44 Separation St,3078,10/1/2024,1255000,4,5.7,1,1,368,148,
,7 Separation St,3078,12/1/2024,1300000,3,5.7,2,4,579,113,1960
,13 Leslie St,3199,,,4,38,2,2,536,180,1965
,31 Chapman Bvd,3150,10/1/2024,1275000,3,16.7,2,2,714,164,1973
,50 Madigan Dr,3150,10/1/2024,,5,16.7,2,2,718,237,1980
,34 Crana Gr,3088,12/1/2024,922000,3,16.1,2,2,587,200,1979
,6 Murumba St,3088,11/1/2024,865000,4,16.1,2,2,734,211,1980
,24 Posy St,3059,10/1/2024,650000,5,20.4,2,2,512,239,2014
,15 May St,3188,12/1/2024,1820000,4,13.8,2,2,412,423,
,102 Willis St,3188,12/1/2024,1450000,3,13.8,1,1,464,147,
,357 Auburn Rd,3122,,2325000,4,5.3,3,2,649,227,
,25 William St,3122,,1450000,3,5.3,1,0,216,104,
,110 Allenby Rd,3037,10/1/2024,628000,4,18,2,1,480,120,2003
,3 Dryburgh Pl,3037,12/1/2024,645500,3,18,2,2,719,155,2000
,9 Matthew Cl,3029,12/1/2024,525000,4,18.4,2,2,452,134,1993
,17 Emu Pde,3047,10/1/2024,626000,3,14,1,2,622,87,1960
,6 Riverside Av,3036,11/1/2024,840000,3,14.5,2,2,725,225,1970
,16 Ash Gr,3033,10/1/2024,1230000,4,11.7,4,2,538,127,1990
,5 Woodlands Av,3102,12/1/2024,1325000,2,7.3,1,2,422,88,
,22 Woolcock Av,3102,10/1/2024,1975000,3,7.3,1,2,676,160,
,70 Chirnside St,3012,12/1/2024,1140000,4,6.4,1,0,276,118,
,5 Wales St,3012,12/1/2024,1000000,3,6.4,2,2,275,282,
,32 Milton Pde,3144,12/1/2024,2750000,4,5.9,2,3,357,270,2015
,27 Wheatland Rd,3144,11/1/2024,3400000,4,5.9,2,2,561,285,
,25 Darebin Ct,3048,11/1/2024,370000,3,17.4,1,1,784,95,1978
,1/131 Balcombe Rd,3194,11/1/2024,995000,3,20,3,2,248,166,2011
,9 Taree Pl,3082,10/1/2024,900000,4,17.9,2,2,609,231,2003
,85 Victoria Cr,3127,11/1/2024,2500000,4,10.2,3,3,402,277,1950
,48 Vine St,3039,12/1/2024,1200000,4,6.2,1,1,455,145,
,2/165 Wickham Rd,3189,10/1/2024,828000,3,14.3,2,2,301,117,1980
,37 Illuka Cr,3149,,2420000,5,14.2,5,2,757,503,1975
,15 Lynden Gr,3149,,1335000,4,14.2,1,3,731,145,1970
,37 Pascall St,3149,10/1/2024,1480000,4,14.2,2,2,695,160,1970
,1 Sneddon Ct,3170,,,4,18.8,2,2,748,152,1996
,12 Emily Dr,3805,,792500,4,34.1,2,2,846,174,1996
,70 Anderson St,3015,12/1/2024,1262000,3,6.2,2,2,343,110,1980
,8 Brown St,3015,12/1/2024,1210000,4,6.2,1,0,325,160,1983
,21 Haldane Rd,3042,10/1/2024,1186000,3,10.4,1,4,654,112,1955
,8 Aberdeen Gr,3070,12/1/2024,1320000,3,5.3,1,1,227,119,
,242 Waterloo Rd,3046,12/1/2024,725000,3,11.2,1,1,327,111,1960
,25 Rhodes Pde,3044,11/1/2024,850000,3,8.5,1,1,712,133,
,18 Creswick Dr,3030,11/1/2024,765000,4,14.7,2,2,612,219,2004
,38 Yuruga Bvd,3030,12/1/2024,,4,14.7,2,2,334,244,2000
,84 Ross St,3207,11/1/2024,1960000,3,3.5,2,0,253,230,
,4/27 McMahon Rd,3073,10/1/2024,465000,2,12,1,1,676,61,2012
,76 North Rd,3073,10/1/2024,920000,2,12,1,2,665,100,1955
,37 Spencer Pl,3121,11/1/2024,1500000,3,2.4,2,2,72,145,2011
,29 Type St,3121,10/1/2024,1200000,2,2.4,1,,135,86,
,14 Norfolk Av,3134,10/1/2024,935000,4,19.9,3,2,540,119,
,4 Short St,3135,11/1/2024,746000,3,21.3,1,1,400,135,1950
,21 Orion Wy,3064,11/1/2024,380000,3,20.6,1,1,372,92,2000
,6 Jennings St,3191,12/1/2024,1915000,4,15.2,2,2,563,220,
,145 George St,3179,11/1/2024,962000,4,22.2,2,3,724,166,1985
,250 Ferrars St,3205,,855000,1,1.9,1,0,67,72,
,16 Margaret St,3141,11/1/2024,1305000,3,2.7,1,,174,110,
,26 Briarwood Ct,3429,11/1/2024,405000,3,31.7,1,3,515,101,1991
,60 Riddell Rd,3429,10/1/2024,482000,3,31.7,1,1,573,126,1965
,1 Whitty La,3429,10/1/2024,436000,3,31.7,2,2,350,220,2004
,117 Berkshire Rd,3020,10/1/2024,665000,4,10.5,2,3,600,183,1975
,29 Essex Rd,3127,10/1/2024,1810000,4,10.2,3,2,349,223,1997
,10 Pembroke St,3127,11/1/2024,2230000,5,10.2,2,2,754,270,
,36 Newmans Rd,3106,10/1/2024,1930000,5,15.5,3,2,807,377,2000
,4 Charlton Pl,3074,10/1/2024,750000,3,15.3,2,2,536,169,1980
,119A Harold St,3071,11/1/2024,1605000,4,7,2,2,348,92,
,1 Marina St,3133,11/1/2024,1150000,5,17.2,2,2,599,235,
,2 Country La,3084,12/1/2024,1009000,3,8.9,2,2,663,136,1980
,14 Danaher Av,3756,12/1/2024,366000,3,44.2,1,1,502,77,1978
,12 McLean Ct,3152,11/1/2024,1440000,4,14.7,3,6,717,247,1985
,20 Mingana Rd,3152,11/1/2024,1060000,4,14.7,2,3,729,173,1970
,12 Manfred St,3087,10/1/2024,,3,14.5,1,2,571,124,1960
,81 Parramatta Rd,3030,,,3,14.7,1,2,640,125,1985
,1/4 Tedesco Ct,3030,12/1/2024,515000,3,14.7,2,1,251,194,2012
,94 Wattle Av,3030,10/1/2024,603500,4,14.7,2,4,650,184,1994
,15 Alberta St,3012,11/1/2024,,3,6.4,1,2,417,109,1950
,127 Stanhope St,3012,11/1/2024,1060000,4,6.4,3,2,512,512,
,199 Hawke St,3003,12/1/2024,1500000,3,3.1,2,1,862,209,
,22 Bushlark Cr,3027,12/1/2024,555000,3,17.6,2,2,265,25,2014
,5 Gladstone St,3181,10/1/2024,1425000,3,4.6,1,1,188,150,
,9 Hawkhurst St,3013,,1190000,3,6.3,1,2,515,89,1955
,35 Angelique Gr,3021,,506000,3,14,1,2,544,120,1980
,123 Richardson St,3206,10/1/2024,2550000,4,3,2,,152,175,
,721 Ballarat Rd,3022,11/1/2024,730000,3,12.8,2,2,739,112,1970
,18A New St,3143,10/1/2024,1460000,2,6.3,1,1,181,80,
,28 New St,3143,10/1/2024,1726000,2,6.3,2,2,269,128,
,21 Warner Av,3147,11/1/2024,1920000,4,10.2,3,2,391,203,2016
,33 Douglas St,3147,10/1/2024,,3,10.2,1,2,787,115,1955
,58 Fortuna Av,3104,12/1/2024,2000000,4,9.7,3,4,958,255,2015
,8 Hillview Rd,3104,11/1/2024,2270000,4,9.7,2,2,654,334,2010
,16 Riverview Rd,3104,10/1/2024,1890000,3,9.7,2,1,632,144,
,210 Centre Rd,3204,10/1/2024,1895000,4,11.4,2,2,557,220,
,77A Orange St,3165,12/1/2024,1280000,3,13.8,2,2,335,239,2013
,41 Shrewsbury St,3165,10/1/2024,1595000,4,13.8,1,2,581,167,1960
,2A Hillcrest Av,3186,10/1/2024,1850000,4,10.5,3,3,421,170,2000
,7/226 Glenlyon Rd,3057,11/1/2024,320000,1,4,1,1,682,34,1980
,3 England St,3105,10/1/2024,,4,10.8,2,2,602,170,1970
,567 Grimshaw St,3083,12/1/2024,1234000,3,12.1,1,2,896,139,1965
,61 Newhaven Rd,3151,10/1/2024,1000000,3,14.7,2,2,788,108,1960
,2 Augusta Av,3061,11/1/2024,650000,4,16.6,2,4,688,175,1970
,242 Canning St,3054,12/1/2024,1540000,2,3.5,1,,158,112,
,37 Saturn St,3162,12/1/2024,2450000,5,8.7,4,2,554,312,2017
,3 Third Av,3196,10/1/2024,710000,3,27,1,1,650,138,1960
,2/41 Harpley St,3192,10/1/2024,955000,2,17.9,2,1,836,112,2009
,6 Shadwell St,3192,10/1/2024,1230000,3,17.9,1,1,584,133,1960
,13 Dyer Ct,3169,10/1/2024,883300,5,17.5,2,2,402,177,1980
,6 Rosewall Pl,3169,10/1/2024,790000,3,17.5,1,2,532,114,1975
,36 Rutland St,3068,11/1/2024,1310000,2,3.6,1,,146,104,
,269 Bell St,3058,10/1/2024,880000,3,6.7,1,1,379,107,
,4 Jamieson St,3058,11/1/2024,1070000,3,6.7,1,2,392,98,
,13 Jessie St,3058,,1500000,5,6.7,3,4,900,180,
,87 Nicholson St,3058,12/1/2024,1085000,4,6.7,2,1,430,155,
,7 Eve Ct,3064,10/1/2024,582500,3,20.6,1,0,947,132,1972
,13 Eveline St,3064,10/1/2024,480000,4,20.6,2,2,312,148,2015
,73 Mareeba Wy,3064,,523000,4,20.6,2,2,484,159,2009
,3 Pembury St,3064,12/1/2024,485000,3,20.6,2,1,321,150,2013
,25 Toorak Av,3136,10/1/2024,1152000,4,23,2,2,1880,255,
,29 Kilmore Cr,3047,10/1/2024,475000,3,14,1,2,560,108,1965
,11 Evelyn Ct,3172,12/1/2024,,4,22.2,2,2,364,210,1995
,416 Serpells Tce,3111,11/1/2024,1200000,4,16.1,2,2,375,254,1998
,2/9 Standring Cl,3111,11/1/2024,988000,3,16.1,2,2,243,150,2012
,115 Ella Gr,3196,12/1/2024,875000,3,27,1,3,694,136,1975
,8 Prentice St,3185,12/1/2024,2105000,3,7.2,2,1,346,180,
,30 Shoobra Rd,3185,10/1/2024,2410000,4,7.2,2,1,390,120,
,5 Thomas St,3095,12/1/2024,810000,3,18,2,2,868,135,1980
,3 Michael Ct,3095,10/1/2024,1115000,6,18,3,4,966,332,1990
,4/130 Tennyson St,3184,11/1/2024,,3,7.2,1,2,1730,152,2001
,83 Nimmo St,3040,,1600000,4,7.5,4,3,543,259,2015
,151 Perry St,3078,12/1/2024,1280000,4,5.7,2,2,485,133,
,3 Kirby Ct,3156,10/1/2024,875000,4,24.8,3,4,793,225,1980
,4/118 Rose St,3065,12/1/2024,580000,1,2.1,1,1,782,67,1998
,124 Victoria St,3065,10/1/2024,2478000,3,2.1,2,,205,106,
,80 Dover St,3031,11/1/2024,1017500,3,3.4,2,2,459,153,2003
,28 Central Av,3011,10/1/2024,942000,2,5.1,1,1,241,91,
,72 Bath Rd,3146,10/1/2024,1300000,3,7.3,1,2,403,124,1960
,4 Faircroft Av,3146,10/1/2024,1307500,3,7.3,1,1,316,111,
,1A York Rd,3146,10/1/2024,,3,7.3,2,1,303,150,
,22 Campbell St,3150,10/1/2024,1310000,3,16.7,1,1,782,102,1960
,2 Cherry St,3150,12/1/2024,,5,16.7,2,1,651,124,1970
,16 Cooper Av,3150,,1292000,4,16.7,2,2,768,169,1970
,8A Finchley Av,3046,10/1/2024,831000,4,11.2,3,3,708,175,2007
,25 Hilda St,3046,11/1/2024,570000,3,11.2,1,1,308,93,1950
,78 Justin Av,3046,,805000,2,11.2,1,4,712,82,1970
,85 Marigold Cr,3043,10/1/2024,931000,4,12.9,2,2,462,212,2008
,28 Bell St,3122,10/1/2024,1600000,2,5.3,1,,200,101,
,13 Train St,3190,10/1/2024,1225000,5,16,2,2,506,210,1950
,3 Silvana Wy,3037,11/1/2024,478000,3,18,1,1,318,118,2003
,22 Roseland Cr,3029,10/1/2024,520000,3,18.4,1,2,538,112,1980
,29 Hendricks Cr,3047,12/1/2024,650000,4,14,3,1,693,120,1980
,4 Limestone Av,3033,10/1/2024,1295000,3,11.7,3,2,326,271,2012
,41 Patricia St,3033,10/1/2024,1250000,4,11.7,2,2,534,211,1970
,15 Shelley St,3033,11/1/2024,986000,4,11.7,1,2,615,176,1964
,9A The Crossway,3033,10/1/2024,620000,3,11.7,2,1,292,113,2013
,89 Stockmans Wy,3031,12/1/2024,841000,2,3.4,1,1,105,108,2005
,30 Stirling St,3101,11/1/2024,2180000,3,5.4,1,2,372,126,
,13 Ramsay Av,3102,10/1/2024,2118000,3,7.3,2,2,664,188,
,47 Churchill Wy,3137,12/1/2024,710000,3,26,1,2,837,130,1960
,16 Regina St,3137,10/1/2024,780000,3,26,2,1,862,162,1986
,11 Delmare St,3075,11/1/2024,700000,3,16.3,1,1,537,103,1975
,46 Karma Av,3145,12/1/2024,2030000,3,8.4,2,2,660,172,
,49 Tennyson St,3145,12/1/2024,1800000,3,8.4,2,1,460,123,
,57 River St,3032,10/1/2024,1500000,4,4.3,2,2,650,174,2000
,18 Brennan St,3338,10/1/2024,460000,3,29.8,1,1,602,108,1980
,5 Haig St,3754,,547000,3,25.9,2,2,410,135,2012
,2/50 Coventry St,3094,12/1/2024,756000,3,16.2,1,2,204,102,2000
,4 Longview Rd,3796,10/1/2024,515000,3,31.6,1,0,915,101,1970
,10 Rhonda St,3149,11/1/2024,1340000,4,14.2,2,2,800,160,1970
,59A Nolan St,3042,12/1/2024,,3,10.4,2,1,317,210,2012
,9 Patterson St,3131,10/1/2024,1218000,3,15.4,1,1,757,125,1953
,55 Alpine Gr,3044,11/1/2024,980000,3,8.5,1,1,546,103,1950
,3/136 Derby St,3044,10/1/2024,585500,2,8.5,1,1,100,105,2012
,6 Aberdeen Rd,3181,12/1/2024,1390000,3,4.6,2,1,125,0,2002
,15 Albert St,3072,11/1/2024,961000,3,8.4,1,2,529,144,1970
,20 Barton St,3073,12/1/2024,876000,3,12,1,2,653,120,1950
,49 Liston Av,3073,10/1/2024,866000,4,12,2,4,576,150,
,19 Lucille Av,3073,11/1/2024,,3,12,1,3,586,120,1960
,16 Mountain St,3205,12/1/2024,1412000,3,1.9,1,,128,130,
,3 McArthurs Rd,3752,11/1/2024,597000,5,20.5,3,2,582,175,2000
,29 Gillespie Rd,3021,10/1/2024,626000,3,14,1,2,557,138,1985
,7 Caravelle Cr,3041,11/1/2024,1000000,3,8.2,1,2,534,149,1960
,19A Park Dr,3020,10/1/2024,502500,3,10.5,1,3,331,123,1995
,3 Arnold St,3020,11/1/2024,650000,3,10.5,1,1,650,117,1965
,45 Templemore Dr,3106,10/1/2024,1150000,4,15.5,2,2,779,185,1980
,3 Artemis Ct,3107,10/1/2024,1280000,4,12.4,2,2,887,195,1970
,84 Centre Rd,3133,10/1/2024,1300000,5,17.2,2,2,891,177,1980
,10 Shearers Ct,3133,10/1/2024,1360000,5,17.2,3,2,882,212,1970
,79 Somes St,3152,11/1/2024,1235000,5,14.7,3,2,634,294,2000
,29 Briardale Dr,3030,10/1/2024,490000,3,14.7,2,2,536,141,1990
,31 Hooker Rd,3030,11/1/2024,412700,3,14.7,1,1,299,112,2005
,27 Busch St,3012,10/1/2024,990000,4,6.4,2,2,501,129,1960
,11 Church St,3012,10/1/2024,1100500,3,6.4,2,2,427,119,
,54 Victoria St,3016,10/1/2024,2550000,5,6.8,2,2,840,244,
,11 Chisholm Pl,3024,,,3,27.2,2,1,300,179,
,39 Fahey Cr,3085,10/1/2024,1025000,4,12.7,2,2,585,212,2014
,10 Caroline St,3040,12/1/2024,1830000,5,7.5,4,4,730,373,2014
,16 Highridge Cr,3042,12/1/2024,850000,3,10.4,1,2,551,96,1950
,59 Moubray St,3206,11/1/2024,2100000,3,3,2,,137,125,
,41 Adelaide St,3020,12/1/2024,760000,3,10.5,1,1,697,121,1950
,52 Spicer Bvd,3028,12/1/2024,750000,4,15.5,2,2,636,232,1996
,9 Bailey Av,3143,11/1/2024,3000000,4,6.3,3,2,474,180,
,22 Gladstone Av,3143,12/1/2024,1500000,3,6.3,1,,230,115,
,3A Crete Av,3147,11/1/2024,1210000,3,10.2,1,3,407,93,1955
,12 Belmore Rd,3103,12/1/2024,2580000,5,7.9,5,2,621,575,2009
,8 Skye Ct,3153,,724000,3,23.2,2,2,482,147,1990
,14 Delhi St,3204,11/1/2024,1410000,4,11.4,3,4,623,214,1950
,316 Chesterville Rd,3165,12/1/2024,1020000,2,13.8,1,2,597,115,1959
,9 Vine Ct,3165,11/1/2024,1675000,4,13.8,2,2,400,294,
,101 Shafer Rd,3130,10/1/2024,1475000,4,13.4,2,2,582,240,2011
,144 Middleborough Rd,3130,12/1/2024,1229000,4,13.4,2,2,727,115,1960
,37 Mernda Av,3196,10/1/2024,,3,27,2,2,572,127,1950
,2/8 Simpsons Rd,3128,,653000,2,10.9,1,1,84,77,1970
,146 Donald St,3056,11/1/2024,1325000,3,5.2,1,1,331,120,
,15 Eveline St,3056,11/1/2024,1630000,4,5.2,2,1,278,174,
,22 Stanley St,3056,11/1/2024,1770000,4,5.2,2,3,461,187,
,30 Cornwall St,3055,12/1/2024,1000000,3,5.2,1,2,399,105,1950
,12 Ralph St,3105,10/1/2024,1300000,4,10.8,2,3,650,120,1960
,12 Rocklea Rd,3105,12/1/2024,1331000,3,10.8,2,2,697,158,1970
,3 Wiringa Av,3124,,2800000,5,7.7,2,2,768,254,1990
,52 Tranmere Av,3163,12/1/2024,1966000,4,10.1,2,2,627,181,
,12/40 Woorayl St,3163,10/1/2024,381000,1,10.1,1,1,2048,55,1970
,3 Salford La,3023,12/1/2024,646000,3,14.8,1,2,238,171,2004
,53 Primrose Av,3192,11/1/2024,795000,3,17.9,2,2,138,137,2013
,72 Wilson St,3192,12/1/2024,1160000,3,17.9,2,2,534,134,1980
,5 Blackbird Tce,3064,12/1/2024,,4,20.6,2,2,771,255,2006
,111 Hanson Rd,3064,11/1/2024,600000,4,20.6,2,2,630,177,2003
,9 Huntingfield St,3064,10/1/2024,475000,4,20.6,2,1,294,146,2011
,328 Waterview Bvd,3064,11/1/2024,552000,3,20.6,2,2,448,143,2010
,6 Webster Av,3136,,1180000,5,23,3,3,857,285,2012
,1 Christie St,3023,10/1/2024,632000,3,14.8,1,1,562,118,1960
,4 Adina Pl,3037,11/1/2024,607500,3,18,2,2,528,142,2000
,37 Brownlow Dr,3089,,990000,4,21.8,3,2,1001,315,2012
,8 Rowallan Ct,3109,12/1/2024,1890000,5,14.3,2,2,659,,1975
,128 Mitcham Rd,3111,10/1/2024,775000,3,16.1,2,1,294,107,1970
,107 Kinross Av,3196,11/1/2024,950000,3,27,1,2,560,146,1980
,7 Centurion Ct,3076,11/1/2024,646000,3,19.6,2,2,716,114,1979
,376 Dalton Rd,3076,12/1/2024,625000,3,19.6,1,2,534,113,1990
,13 Lorne St,3060,10/1/2024,800000,4,13.1,3,2,308,203,2015
,27 Malua Rd,3156,12/1/2024,775000,2,24.8,1,1,733,110,1950
,32 Cecil St,3065,11/1/2024,1300000,2,2.1,1,1,125,124,2000
,2/121 Wellington St,3031,11/1/2024,452500,2,3.4,1,1,807,54,1970
,14 Box Av,3131,,1350000,4,15.4,2,2,653,653,1970
,10 Plover Cl,3199,12/1/2024,634000,3,38,1,1,586,,
,17 Payne St,3043,11/1/2024,586000,3,12.9,1,1,534,,
,2 Grandview Av,3146,11/1/2024,1285000,3,7.3,2,2,374,101,
,9 Hartington St,3046,10/1/2024,1051000,3,11.2,2,2,913,112,1950
,6 Pembroke St,3088,12/1/2024,785000,3,16.1,1,2,840,137,1960
,36 May St,3188,10/1/2024,2000000,4,13.8,3,2,360,275,2010
,4 The Avenue,3188,,2500000,4,13.8,2,4,683,199,1980
,10 Wickham Rd,3188,10/1/2024,1125000,4,13.8,1,1,700,175,1950
,29 Fairmount Rd,3123,10/1/2024,3600000,3,6.2,2,2,848,158,
,6 Clyde Ct,3084,10/1/2024,985000,3,8.9,1,2,528,118,1955
,17 Nicol St,3190,11/1/2024,1911000,4,16,3,2,616,302,2005
,1 Albion Ct,3029,11/1/2024,650000,3,18.4,2,2,913,174,
,33 Beauford St,3166,12/1/2024,1205000,3,12.3,2,4,622,0,1960
,216 Sunshine Av,3021,11/1/2024,572000,3,14,1,2,554,125,1975
,21 Phillip Rd,3033,10/1/2024,,4,11.7,1,2,185,113,1965
,38 Belmont Av,3101,12/1/2024,2450000,4,5.4,2,2,399,192,
,11/26 Edgevale Rd,3101,10/1/2024,955000,2,5.4,1,1,2835,100,1970
,16 Scott St,3101,,1630000,2,5.4,1,0,284,88,
,25 Minogue St,3102,12/1/2024,1875000,6,7.3,2,2,697,170,1962
,8 Bataan Ct,3075,12/1/2024,766000,4,16.3,2,5,541,110,1980
,101 Stanhope St,3144,12/1/2024,2500000,3,5.9,2,,395,149,
,19 Merlyn St,3032,10/1/2024,752500,2,4.3,1,,488,113,
,13 Haddon Ct,3048,12/1/2024,741000,8,17.4,3,1,1063,101,1980
,118 Barries Rd,3337,10/1/2024,283000,3,31.7,1,0,362,19,1976
,1 Lincoln Wy,3337,11/1/2024,430000,4,31.7,1,3,675,147,1980
,24 Marlo Dr,3337,10/1/2024,439000,3,31.7,2,2,524,115,
,1 Dunlavin Rd,3132,11/1/2024,890000,4,17.2,2,2,481,166,1965
,8 Pattison St,3039,11/1/2024,1162000,3,6.2,1,2,619,129,1965
,34 Park La,3149,,1586000,3,14.2,1,1,718,138,1955
,8 Susan Ct,3149,10/1/2024,1408000,4,14.2,2,2,692,179,1970
,12 Brookland Ct,3170,12/1/2024,1080000,4,18.8,2,2,914,204,1980
,25 Rupert Dr,3170,11/1/2024,840000,3,18.8,1,2,656,107,1972
,21 Reid St,3163,12/1/2024,1321188,3,10.1,1,1,586,200,
,71 Hamilton Rd,3438,,1355000,3,48.1,3,5,280,456,
,32 Agg St,3015,12/1/2024,1130000,2,6.2,1,2,343,98,1980
,1 Cuthbert St,3042,12/1/2024,800000,2,10.4,1,2,352,83,1950
,5 Hardwicke St,3051,11/1/2024,516000,2,1.8,1,,1044,79,1970
,61 Henry St,3070,11/1/2024,1550000,4,5.3,2,1,344,162,
,23 Park St,3070,12/1/2024,1015000,2,5.3,1,,145,136,
,39 Winifred St,3070,12/1/2024,,4,5.3,2,2,264,188,1996
,68 Haughton Rd,3166,11/1/2024,760000,3,12.3,1,1,692,120,
,28 Beryl Av,3167,10/1/2024,1450000,4,15.5,2,2,771,196,1970
,28 Garfield Av,3204,10/1/2024,1450000,4,11.4,2,2,590,178,
,9 Remy Av,3335,,625500,4,23.8,2,2,477,178,2012
,136 Clark St,3207,11/1/2024,1725000,3,3.5,1,2,293,151,
,7 MacKay St,3181,11/1/2024,1463000,3,4.6,2,2,15,147,1998
,19 Smith St,3073,10/1/2024,1000000,5,12,2,6,892,361,2004
,20 York St,3073,11/1/2024,1400000,3,12,1,6,667,115,
,201/77 Abinger St,3121,11/1/2024,400000,1,2.4,1,1,4425,51,2012
,11 Grenville Tce,3064,12/1/2024,426000,3,20.6,2,2,245,134,2004
,4/388 Bluff Rd,3191,12/1/2024,,4,15.2,2,1,173,184,2010
,201 Buckley St,3011,10/1/2024,680000,2,5.1,1,0,298,88,
,95 Bank St,3205,,1151000,2,1.9,1,,128,95,
,15 Jenolan Wy,3752,12/1/2024,658500,4,20.5,2,2,444,187,2008
,4 Audrey St,3171,10/1/2024,881000,3,20.8,1,4,720,140,1955
,16 Allumba Dr,3088,11/1/2024,897000,3,16.1,2,2,684,150,1985
,20 Fawkner St,3182,11/1/2024,2680000,4,5,2,1,324,265,
,4 Frampton St,3182,10/1/2024,1000000,2,5,1,,106,134,
,7 Brisbane St,3041,12/1/2024,810000,3,8.2,1,3,492,134,
,95 Harker St,3429,11/1/2024,657500,3,31.7,2,1,729,167,2001
,3 Paperbark Av,3429,,675000,5,31.7,3,2,615,208,2000
,3 Ponsford Pl,3429,12/1/2024,605000,4,31.7,2,2,738,192,2000
,6 Richardson Av,3429,11/1/2024,600000,4,31.7,2,1,1007,116,1980
,3 Arthur St,3127,10/1/2024,1910000,4,10.2,3,2,416,256,2014
,21 Salvana Ct,3038,12/1/2024,751000,4,15.5,2,2,712,364,1998
,21 Wood St,3106,12/1/2024,910000,4,15.5,2,2,520,170,1980
,8 Howqua Ct,3133,10/1/2024,1260000,4,17.2,2,3,682,166,1973
,204 Hawthorn Rd,3133,11/1/2024,1202000,4,17.2,2,2,650,159,1980
,7 Cathies La,3152,12/1/2024,1180000,5,14.7,2,4,738,258,1980
,32 Hooker Rd,3030,10/1/2024,515000,3,14.7,2,1,517,115,1985
,702 Barkly St,3012,12/1/2024,,3,6.4,1,3,336,95,1950
,2 Wattleglade Ct,3150,11/1/2024,1660000,5,16.7,2,2,790,291,1990
,5 Maryston St,3013,10/1/2024,1360000,3,6.3,1,1,479,128,
,18 Stewart St,3013,11/1/2024,1455000,3,6.3,2,2,351,125,
,59 Barrett St,3206,10/1/2024,2340000,3,3,2,1,162,135,
,23 Hatherley Gr,3025,11/1/2024,791000,3,9.4,1,4,553,131,1960
,16 Bailey Av,3143,,4060000,4,6.3,2,1,574,191,
,6 MacArthur Av,3032,10/1/2024,1151000,4,4.3,2,2,290,178,2012
,28 Baker Pde,3147,11/1/2024,1650000,4,10.2,2,1,338,200,2005
,59 Winton Rd,3147,12/1/2024,2550000,3,10.2,2,3,1170,202,1950
,1 Hosken St,3104,12/1/2024,2800000,5,9.7,2,2,1173,0,1960
,16 Bevis St,3165,12/1/2024,1800000,5,13.8,3,3,697,243,1960
,28 Melva St,3165,10/1/2024,1130000,4,13.8,2,2,270,183,2012
,47 Parkmore Rd,3165,,1370000,4,13.8,3,3,605,186,
,1 Sassella St,3165,,1311000,3,13.8,2,3,632,194,1950
,10 Fir St,3130,10/1/2024,1350000,3,13.4,1,1,697,121,1950
,117 Fulton Rd,3130,10/1/2024,905000,3,13.4,2,2,887,150,1990
,14 Haldane St,3196,,920000,3,27,1,2,645,102,1950
,2 Norwich St,3155,12/1/2024,728000,4,25,1,1,744,136,1970
,13 Cunningham St,3128,12/1/2024,1900000,5,10.9,3,2,613,133,1955
,77 Karingal Dr,3088,,1030000,4,16.1,3,3,1061,312,1960
,53 Elwood St,3186,10/1/2024,2830000,4,10.5,2,2,700,202,
,76 Canberra Gr,3187,12/1/2024,2060000,3,10.3,1,3,685,175,1950
,60 Cummins Rd,3187,,1650000,3,10.3,2,2,623,0,
,375 South Rd,3187,11/1/2024,1650000,5,10.3,2,5,773,275,1950
,1/208 Albion St,3056,10/1/2024,424000,1,5.2,1,,334,80,2009
,10B Albion St,3057,10/1/2024,,3,4,2,1,138,122,1998
,16 Temple St,3055,10/1/2024,2350000,3,5.2,2,2,445,160,
,37 Greenwood Dr,3083,11/1/2024,815000,4,12.1,2,1,525,0,1965
,18 Fydler Av,3023,10/1/2024,,3,14.8,2,2,461,174,2000
,3 Aylwin Av,3125,10/1/2024,1220000,3,10.4,2,2,261,151,2015
,58 Eley Rd,3125,12/1/2024,1535000,4,10.4,3,2,1004,188,1950
,11 Webb St,3125,12/1/2024,1322500,2,10.4,1,1,731,94,1950
,50 Dorrit St,3053,11/1/2024,1760000,3,1.6,1,,9405,134,
,59 Oakleigh Rd,3163,11/1/2024,1400000,3,10.1,2,3,818,193,2011
,1 Broderick Rd,3201,12/1/2024,546000,4,34.9,1,1,646,103,1987
,2 Donna St,3201,10/1/2024,532000,3,34.9,1,2,474,104,1993
,2/203 Booran Rd,3162,,790000,2,8.7,1,1,919,82,2010
,7 Brolga Av,3196,12/1/2024,725000,3,27,1,1,534,95,1980
,78 Albenca St,3192,,1300000,5,17.9,2,2,1006,213,1970
,42 Snowdon Dr,3192,11/1/2024,975000,3,17.9,2,2,595,114,
,26 Tarago Cr,3169,12/1/2024,950000,3,17.5,2,2,535,123,1970
,21 Norval Cr,3048,,460000,3,17.4,1,3,536,104,1975
,28 Powell St,3064,12/1/2024,,3,20.6,2,1,197,0,2012
,48 Majestic Bvd,3977,11/1/2024,720008,5,34.7,3,2,528,204,2006
,9 Columbia Av,3136,11/1/2024,1188000,5,23,2,2,864,294,1980
,19 Sevenoaks Av,3136,,905000,5,23,2,2,1005,185,1960
,22 Pinewood Av,3175,,600000,5,24.7,2,1,608,146,1960
,16 Foster Rd,3095,12/1/2024,1060000,4,18,2,2,842,202,1980
,45 Allison Cr,3095,10/1/2024,905000,4,18,2,0,2000,153,1975
,26 Lowalde Dr,3076,10/1/2024,595000,3,19.6,1,2,536,0,1980
,8 Trumper Pl,3076,11/1/2024,810000,4,19.6,2,4,854,260,1995
,54 Cooper St,3040,,2335000,5,7.5,2,6,1012,222,
,14 Shaftesbury St,3040,,1580000,3,7.5,2,1,665,195,
,50 Church St,3068,12/1/2024,1385000,2,3.6,1,0,176,80,
,134 Clauscen St,3068,10/1/2024,,2,3.6,1,1,164,93,
,171 Scotchmer St,3068,10/1/2024,1870000,4,3.6,3,1,248,173,
,211 Scotchmer St,3068,12/1/2024,1620000,4,3.6,1,1,241,200,
,39 Moore St,3011,,755000,3,5.1,1,2,334,110,
,39 Barter Cr,3131,10/1/2024,1078000,4,15.4,1,1,611,119,1960
,16 Wickham Av,3131,11/1/2024,1065000,6,15.4,1,1,704,140,1950
,7 Huon Ct,3200,10/1/2024,493000,3,36.9,1,1,657,91,1975
,3 Diosma Ct,3199,10/1/2024,1155000,3,38,2,2,2405,242,1980
,23 Fenton Cr,3199,11/1/2024,980000,4,38,2,2,937,191,1960
,6 Viva St,3146,11/1/2024,2690000,4,7.3,2,2,647,0,
,24 Duranta Dr,3043,,655000,4,12.9,3,2,170,215,2017
,4 Somerville Rd,3976,12/1/2024,625000,4,33.3,1,2,640,136,1960
,26 Abbotswood Dr,3029,11/1/2024,602000,4,18.4,2,2,603,150,1985
,80 Judkins Av,3029,11/1/2024,567000,4,18.4,2,3,632,180,1985
,71 Church St,3036,10/1/2024,1125000,4,14.5,2,4,556,250,1978
,11 Turfan Cl,3038,12/1/2024,700000,4,15.5,2,2,726,223,1980
,7 Pumice Ct,3033,11/1/2024,960000,3,11.7,2,2,404,175,2009
,148 Rachelle Rd,3033,12/1/2024,1160000,4,11.7,3,4,670,273,1970
,6 Carson St,3101,12/1/2024,3300000,4,5.4,3,2,741,281,
,537 High St,3101,11/1/2024,1750000,3,5.4,2,2,431,232,2006
,16 Hodgson St,3101,11/1/2024,3450000,5,5.4,2,2,668,0,2006
,17 Kotiko Rd,3173,10/1/2024,930000,3,25.2,2,2,443,201,2014
,17 Birkenhead Dr,3137,12/1/2024,,3,26,1,2,862,0,1970
,3 Ikara Cl,3021,11/1/2024,560000,3,14,1,1,565,147,1970
,707 Toorak Rd,3144,12/1/2024,3080000,4,5.9,2,3,620,339,
,183 Kingsway Dr,3075,10/1/2024,625000,3,16.3,1,2,542,133,1968
,83 Pindara Bvd,3910,10/1/2024,965000,4,41,2,6,869,264,2007
,3 Wallace St,3012,10/1/2024,735000,3,6.4,1,1,167,110,2010
,2002 Malvern Rd,3145,11/1/2024,651000,2,8.4,1,1,129,97,
,88 The Esplanade,3032,12/1/2024,3400000,3,4.3,1,5,2027,187,1964
,17 Canadian Ct,3048,11/1/2024,535000,3,17.4,1,4,572,105,1980
,21D Yuille St,3337,11/1/2024,710000,5,31.7,2,2,1670,280,2000
,1 Fraser St,3338,11/1/2024,395000,3,29.8,1,1,649,105,1975
,81 Erskine St,3206,11/1/2024,2090000,3,3,1,0,199,113,
,2/61 Orient Av,3132,12/1/2024,,3,17.2,2,2,309,150,2005
,37 Purches St,3132,10/1/2024,1010000,3,17.2,2,2,672,136,1970
,1/53 Buckley St,3039,,435000,2,6.2,1,1,1475,66,1970
,53 Moore St,3039,12/1/2024,1305000,4,6.2,1,1,449,129,
,110 Chapel Rd,3189,10/1/2024,1072000,3,14.3,1,3,585,138,1950
,7 Walsh Av,3189,12/1/2024,1290000,3,14.3,1,1,580,0,1970
,46 Barkly St,3195,11/1/2024,1500000,4,21.5,3,2,557,178,
,15 Anthony Dr,3149,11/1/2024,1028800,3,14.2,2,1,470,118,1960
,17 Huntingtower Cr,3149,10/1/2024,1840000,6,14.2,2,2,554,368,1999
,2/392 Stephensons Rd,3149,12/1/2024,1035000,3,14.2,2,2,236,138,2006
,2229 Dandenong Rd,3170,11/1/2024,940000,3,18.8,2,3,709,140,1958
,3 Grandview Rd,3042,10/1/2024,845000,3,10.4,1,1,345,111,1950
,9 Erskine St,3051,10/1/2024,1080000,2,1.8,1,,100,67,
,95 Beavers Rd,3070,11/1/2024,,2,5.3,2,1,173,81,
,3 Grant St,3166,12/1/2024,875000,2,12.3,1,0,419,76,
,63 The Corso,3195,10/1/2024,2475000,4,21.5,3,3,665,450,2016
,1 Ann St,3044,10/1/2024,1260000,4,8.5,2,4,578,171,
,21 Stoneyfell Rd,3030,11/1/2024,527000,4,14.7,2,2,400,136,2011
,44 Garton St,3207,10/1/2024,2455000,4,3.5,3,2,123,0,2010
,17 Packington Pl,3181,10/1/2024,1365000,2,4.6,1,,206,100,
,61 Dundas St,3072,10/1/2024,910000,3,8.4,1,2,276,96,1965
,1E Black St,3073,11/1/2024,640000,3,12,1,1,224,128,2008
,1 Don St,3073,11/1/2024,,4,12,2,10,1002,170,1985
,28 Manoel Av,3073,12/1/2024,852000,4,12,3,2,527,240,1980
,4 Newton St,3073,,800000,3,12,1,2,585,90,1960
,92 Pine St,3073,10/1/2024,625500,2,12,1,2,343,111,1960
,115 Loughnan Rd,3134,10/1/2024,700000,3,19.9,2,2,605,126,1977
,14 Everard Rd,3135,12/1/2024,937000,2,21.3,2,2,736,116,1960
,179 Beverley Rd,3084,10/1/2024,1224000,3,8.9,1,2,609,124,1960
,4 Gellion Pl,3064,,621000,4,20.6,2,2,574,202,1997
,221 Bluff Rd,3191,12/1/2024,,4,15.2,2,2,503,168,
,1 millgrove St,3179,10/1/2024,890000,3,22.2,1,2,724,116,1980
,137 East Rd,3198,11/1/2024,,3,35.4,1,1,576,105,1983
,48 Hamilton St,3011,10/1/2024,1502000,4,5.1,3,1,934,199,2014
,33 Moonstone Cct,3021,11/1/2024,537000,4,14,2,2,447,134,1996
,4 Collegian Av,3041,,1848000,3,8.2,1,3,824,189,
,31 Barkly St,3429,,516000,3,31.7,2,3,588,110,
,64 Stewarts La,3429,,605000,3,31.7,2,2,755,229,1996
,9 Appleby Ct,3020,10/1/2024,,3,10.5,1,1,554,95,1985
,46 Durham Rd,3127,11/1/2024,1715000,3,10.2,1,2,438,151,
,27 McMahon Cr,3029,11/1/2024,350000,3,18.4,1,1,466,103,2003
,50 Caroline Dr,3107,12/1/2024,1400000,5,12.4,3,2,717,310,1963
,201 Gooch St,3071,11/1/2024,1271000,3,7,1,2,470,151,1950
,7 Londrew Ct,3043,10/1/2024,540000,3,12.9,1,1,607,102,1970
,16 chesterfield Ct,3152,10/1/2024,951000,4,14.7,2,2,704,200,1981
,15 Mara Cl,3152,12/1/2024,1330000,4,14.7,2,2,717,191,1980
,76 Kenmare St,3087,10/1/2024,650000,2,14.5,1,1,210,79,2006
,5 Nuragi Ct,3030,12/1/2024,635000,4,14.7,2,1,662,172,1980
,77 Merrett Dr,3016,11/1/2024,1031000,3,6.8,2,2,333,133,1995
,96 Verdon St,3016,10/1/2024,2500000,4,6.8,1,5,866,157,
,6 Agnes St,3013,11/1/2024,1285000,4,6.3,1,1,362,112,
