id,ciudad,edad,genero,mes,ordenes,pago,usd
1,Guadalajara,33,Male,Jan 20,0,0,0
2,Guadalajara,23,Female,Jan 20,3,1,327
3,Monterrey,23,Female,Jan 20,1,0,28
4,Leon,24,Female,Jan 20,0,0,0
5,Puebla,46,Male,Jan 20,2,1,456
6,Guadalajara,35,Female,Jan 20,1,1,63
7,Guadalajara,36,Male,Jan 20,1,1,30
8,Guadalajara,63,Female,Jan 20,4,1,661
9,Puebla,53,Male,Jan 20,3,1,617
10,Guadalajara,41,Male,Jan 20,4,0,474
11,Leon,47,Male,Jan 20,3,1,494
12,Puebla,63,Female,Jan 20,1,1,231
13,Leon,43,Male,Jan 20,1,1,233
14,Puebla,38,Male,Jan 20,4,1,794
15,Guadalajara,43,Male,Jan 20,3,1,345
16,Guadalajara,53,Male,Jan 20,2,1,369
17,Monterrey,24,Female,Jan 20,3,1,314
18,Guadalajara,43,Male,Jan 20,1,1,185
19,Leon,47,Male,Jan 20,2,1,563
20,Guadalajara,42,Male,Jan 20,3,1,123
21,Monterrey,31,Female,Jan 20,2,1,386
22,Guadalajara,38,Male,Jan 20,4,1,1001
23,Leon,35,Female,Jan 20,1,1,220
24,Guadalajara,64,Female,Jan 20,3,0,385
25,Leon,42,Male,Jan 20,0,0,0
26,Puebla,28,Female,Jan 20,3,1,529
27,Leon,35,Female,Jan 20,1,1,218
28,Monterrey,61,Female,Jan 20,1,1,131
29,Monterrey,39,Male,Jan 20,4,1,787
30,Guadalajara,32,Female,Jan 20,2,1,205
31,Guadalajara,40,Female,Jan 20,2,1,409
32,Guadalajara,42,Female,Jan 20,4,1,541
33,Guadalajara,49,Male,Jan 20,3,1,882
34,Leon,29,Female,Jan 20,2,1,551
35,Leon,38,Female,Jan 20,1,1,104
36,Monterrey,31,Female,Jan 20,3,1,639
37,Leon,62,Female,Jan 20,4,0,713
38,Monterrey,47,Male,Jan 20,2,1,562
39,Guadalajara,25,Male,Jan 20,3,1,181
40,Guadalajara,40,Male,Jan 20,3,1,46
41,Monterrey,27,Female,Jan 20,4,0,1177
42,Leon,46,Male,Jan 20,2,1,195
43,Puebla,37,Female,Jan 20,4,1,144
44,Monterrey,41,Male,Jan 20,3,1,530
45,Monterrey,61,Female,Jan 20,0,0,0
46,Puebla,40,Female,Jan 20,1,1,49
47,Guadalajara,40,Male,Jan 20,4,0,85
48,Guadalajara,62,Female,Jan 20,0,0,0
49,Puebla,25,Female,Jan 20,1,1,171
50,Monterrey,49,Male,Jan 20,3,1,679
51,Leon,25,Female,Jan 20,3,1,732
52,Monterrey,28,Female,Jan 20,2,1,423
53,Guadalajara,25,Female,Jan 20,0,0,0
54,Guadalajara,33,Female,Jan 20,4,1,717
55,Leon,32,Male,Jan 20,2,1,459
56,Puebla,55,Male,Jan 20,4,1,1082
57,Guadalajara,36,Female,Jan 20,1,1,99
58,Leon,42,Male,Jan 20,2,0,228
59,Monterrey,37,Male,Jan 20,2,0,195
60,Puebla,35,Male,Jan 20,2,1,251
61,Monterrey,36,Female,Jan 20,2,1,63
62,Leon,25,Female,Jan 20,3,1,477
63,Guadalajara,41,Male,Jan 20,1,1,245
64,Puebla,34,Female,Jan 20,1,1,165
65,Leon,65,Female,Jan 20,0,0,0
66,Leon,35,Male,Jan 20,4,1,333
67,Guadalajara,65,Female,Jan 20,2,1,466
68,Monterrey,34,Male,Jan 20,2,1,137
69,Monterrey,32,Male,Jan 20,2,1,398
70,Leon,25,Female,Jan 20,1,1,100
71,Leon,65,Female,Jan 20,0,0,0
72,Guadalajara,40,Male,Jan 20,4,1,80
73,Puebla,28,Female,Jan 20,1,0,288
74,Monterrey,29,Female,Jan 20,1,1,300
75,Monterrey,39,Male,Jan 20,1,1,45
76,Leon,39,Female,Jan 20,2,1,536
77,Guadalajara,37,Female,Jan 20,3,1,696
78,Monterrey,38,Male,Jan 20,0,0,0
79,Leon,37,Male,Jan 20,0,0,0
80,Puebla,39,Female,Jan 20,1,1,248
81,Puebla,20,Male,Jan 20,3,1,490
82,Monterrey,54,Male,Jan 20,4,1,937
83,Puebla,41,Male,Jan 20,4,1,219
84,Puebla,65,Female,Jan 20,3,1,392
85,Puebla,36,Male,Jan 20,2,0,561
86,Puebla,26,Female,Jan 20,2,1,53
87,Puebla,48,Male,Jan 20,2,1,114
88,Guadalajara,36,Female,Jan 20,3,0,119
89,Leon,64,Female,Jan 20,3,1,736
90,Puebla,50,Male,Jan 20,1,1,218
91,Leon,37,Female,Jan 20,4,0,78
92,Monterrey,29,Female,Jan 20,3,1,219
93,Puebla,25,Female,Jan 20,0,0,0
94,Guadalajara,65,Female,Jan 20,0,0,0
95,Monterrey,36,Female,Jan 20,1,1,67
96,Leon,33,Male,Jan 20,2,0,159
97,Monterrey,32,Male,Jan 20,3,1,432
98,Leon,26,Female,Jan 20,3,1,299
99,Leon,32,Male,Jan 20,2,1,175
100,Guadalajara,23,Female,Jan 20,0,0,0
101,Monterrey,23,Female,Jan 20,3,1,255
102,Leon,53,Male,Jan 20,1,1,116
103,Leon,39,Male,Jan 20,3,1,760
104,Puebla,26,Female,Jan 20,2,1,487
105,Monterrey,45,Male,Jan 20,3,1,398
106,Guadalajara,38,Male,Jan 20,3,1,109
107,Puebla,40,Male,Jan 20,3,1,685
108,Puebla,54,Female,Jan 20,3,1,847
109,Leon,50,Male,Jan 20,2,1,378
110,Leon,47,Male,Jan 20,2,1,437
111,Guadalajara,46,Female,Jan 20,3,1,747
112,Monterrey,41,Female,Jan 20,2,1,249
113,Monterrey,33,Female,Jan 20,2,1,314
114,Monterrey,37,Male,Jan 20,1,1,88
115,Puebla,24,Female,Jan 20,1,1,136
116,Guadalajara,37,Male,Jan 20,3,1,296
117,Guadalajara,49,Male,Jan 20,1,1,241
118,Guadalajara,41,Male,Jan 20,2,1,236
119,Leon,20,Female,Jan 20,1,1,111
120,Guadalajara,39,Female,Jan 20,1,1,298
121,Monterrey,42,Female,Jan 20,3,1,403
122,Leon,20,Female,Jan 20,1,0,193
123,Monterrey,38,Male,Jan 20,3,0,361
124,Leon,41,Female,Jan 20,3,1,309
125,Puebla,40,Male,Jan 20,2,1,245
126,Guadalajara,52,Male,Jan 20,1,1,264
127,Monterrey,32,Male,Jan 20,3,1,223
128,Leon,34,Male,Jan 20,3,1,342
129,Monterrey,32,Male,Jan 20,1,1,175
130,Leon,38,Male,Jan 20,1,1,35
131,Monterrey,38,Male,Jan 20,3,1,418
132,Puebla,44,Male,Jan 20,2,1,571
133,Leon,29,Male,Jan 20,3,1,249
134,Guadalajara,49,Male,Jan 20,2,1,588
135,Puebla,48,Male,Jan 20,1,1,41
136,Puebla,48,Male,Jan 20,1,1,45
137,Guadalajara,33,Male,Jan 20,2,1,207
138,Puebla,38,Male,Jan 20,1,1,152
139,Monterrey,36,Male,Jan 20,1,1,268
140,Puebla,37,Male,Jan 20,1,0,50
141,Puebla,48,Male,Jan 20,2,1,487
142,Guadalajara,36,Male,Jan 20,1,1,165
143,Puebla,48,Male,Jan 20,2,1,374
144,Guadalajara,34,Male,Jan 20,2,1,317
145,Leon,32,Male,Jan 20,3,1,500
146,Leon,39,Male,Jan 20,2,1,125
147,Monterrey,51,Male,Jan 20,1,0,80
148,Leon,52,Male,Jan 20,1,1,258
149,Monterrey,32,Male,Jan 20,3,1,166
150,Puebla,54,Male,Jan 20,1,1,268
151,Monterrey,38,Male,Jan 20,1,1,169
152,Puebla,38,Female,Jan 20,2,1,491
153,Monterrey,31,Female,Jan 20,1,1,91
154,Guadalajara,33,Female,Jan 20,2,1,59
155,Puebla,21,Female,Jan 20,3,1,543
156,Monterrey,31,Female,Jan 20,2,1,396
157,Guadalajara,38,Female,Jan 20,1,1,87
158,Leon,21,Female,Jan 20,3,1,163
159,Monterrey,30,Female,Jan 20,1,1,267
160,Puebla,40,Female,Jan 20,3,1,606
161,Guadalajara,42,Female,Jan 20,1,1,168
162,Puebla,31,Female,Jan 20,3,1,522
163,Monterrey,36,Female,Jan 20,3,1,513
164,Guadalajara,35,Male,Jan 20,2,0,114
165,Guadalajara,39,Male,Jan 20,1,1,243
166,Guadalajara,42,Male,Jan 20,1,0,156
167,Leon,35,Female,Jan 20,3,1,355
168,Puebla,27,Female,Jan 20,2,0,305
169,Monterrey,27,Female,Jan 20,3,0,126
170,Leon,24,Female,Jan 20,2,1,562
171,Monterrey,38,Male,Jan 20,3,0,340
172,Monterrey,45,Male,Jan 20,2,1,580
173,Leon,20,Female,Jan 20,2,1,349
174,Puebla,40,Male,Jan 20,2,1,207
175,Puebla,29,Female,Jan 20,1,1,84
176,Guadalajara,29,Female,Jan 20,1,1,46
177,Leon,39,Male,Jan 20,3,1,63
178,Leon,37,Female,Jan 20,3,1,305
179,Monterrey,49,Male,Jan 20,3,1,384
180,Puebla,51,Male,Jan 20,3,1,386
181,Leon,53,Male,Jan 20,3,1,754
182,Leon,30,Female,Jan 20,3,1,812
183,Leon,48,Male,Jan 20,3,1,887
184,Monterrey,43,Male,Jan 20,3,1,195
185,Guadalajara,35,Female,Jan 20,2,1,148
186,Guadalajara,25,Male,Jan 20,3,1,198
187,Puebla,40,Female,Jan 20,2,1,555
188,Puebla,53,Male,Jan 20,2,1,505
189,Guadalajara,41,Female,Jan 20,3,0,56
190,Monterrey,52,Male,Jan 20,1,1,52
191,Guadalajara,44,Female,Jan 20,3,1,292
192,Guadalajara,40,Male,Jan 20,1,1,225
193,Leon,36,Female,Jan 20,3,1,276
194,Leon,33,Male,Jan 20,3,1,777
195,Puebla,47,Male,Jan 20,1,1,262
196,Puebla,21,Female,Jan 20,3,1,467
197,Leon,32,Male,Jan 20,1,1,127
198,Puebla,26,Female,Jan 20,3,1,577
199,Leon,34,Female,Jan 20,3,1,277
200,Guadalajara,42,Female,Jan 20,1,1,100
201,Leon,20,Female,Jan 20,2,1,514
202,Guadalajara,41,Female,Jan 20,5,0,151
203,Monterrey,48,Male,Jan 20,7,1,1288
204,Puebla,43,Male,Jan 20,6,1,1730
205,Leon,39,Male,Jan 20,1,1,25
206,Monterrey,50,Female,Jan 20,6,1,342
207,Puebla,35,Male,Jan 20,8,1,231
208,Monterrey,26,Female,Jan 20,0,0,0
209,Guadalajara,46,Male,Jan 20,7,1,203
210,Puebla,23,Male,Jan 20,4,1,1017
211,Guadalajara,47,Male,Jan 20,4,1,950
212,Puebla,20,Female,Jan 20,5,1,447
213,Leon,33,Male,Jan 20,2,1,499
214,Guadalajara,23,Female,Jan 20,8,1,1604
215,Puebla,26,Female,Jan 20,4,1,777
216,Guadalajara,39,Female,Jan 20,7,1,1714
217,Puebla,37,Female,Jan 20,5,0,649
218,Guadalajara,24,Female,Jan 20,8,0,1836
219,Guadalajara,33,Female,Jan 20,8,0,447
220,Leon,34,Female,Jan 20,6,1,1758
221,Puebla,29,Male,Jan 20,6,1,416
222,Monterrey,37,Male,Jan 20,5,1,1106
223,Monterrey,23,Female,Jan 20,7,1,898
224,Leon,35,Male,Jan 20,3,1,278
225,Monterrey,54,Male,Jan 20,5,1,249
226,Monterrey,46,Male,Jan 20,8,1,765
227,Leon,35,Male,Jan 20,5,1,1453
228,Leon,20,Female,Jan 20,2,1,566
229,Monterrey,30,Male,Jan 20,8,1,1757
230,Puebla,52,Male,Jan 20,6,1,390
231,Puebla,24,Female,Jan 20,7,1,1976
232,Leon,30,Female,Jan 20,5,1,891
233,Leon,23,Female,Jan 20,1,1,74
234,Monterrey,30,Female,Jan 20,4,1,1119
235,Monterrey,51,Male,Jan 20,4,1,623
236,Guadalajara,43,Female,Jan 20,2,1,593
237,Monterrey,42,Male,Jan 20,8,0,980
238,Guadalajara,46,Male,Jan 20,3,1,156
239,Monterrey,49,Male,Jan 20,6,1,577
240,Leon,40,Female,Jan 20,2,1,494
241,Monterrey,33,Female,Jan 20,0,0,0
242,Guadalajara,36,Male,Jan 20,6,1,1001
243,Guadalajara,47,Female,Jan 20,5,1,1281
244,Monterrey,46,Male,Jan 20,0,0,0
245,Guadalajara,33,Male,Jan 20,5,1,223
246,Puebla,41,Male,Jan 20,0,0,0
247,Puebla,26,Male,Jan 20,1,1,217
248,Guadalajara,32,Male,Jan 20,0,0,0
249,Guadalajara,50,Male,Jan 20,5,1,295
250,Puebla,54,Male,Jan 20,7,1,1549
251,Puebla,42,Male,Jan 20,8,1,1165
252,Leon,55,Male,Jan 20,2,1,307
253,Monterrey,33,Male,Jan 20,8,1,1088
254,Monterrey,32,Male,Jan 20,3,1,448
255,Puebla,51,Male,Jan 20,7,1,743
256,Guadalajara,26,Female,Jan 20,8,1,429
257,Leon,43,Male,Jan 20,6,1,185
258,Monterrey,33,Male,Jan 20,3,1,174
259,Leon,43,Male,Jan 20,2,1,256
260,Puebla,36,Male,Jan 20,4,1,251
261,Puebla,46,Male,Jan 20,2,1,138
262,Guadalajara,40,Female,Jan 20,0,0,0
263,Guadalajara,26,Female,Jan 20,1,1,122
264,Leon,39,Female,Jan 20,0,0,0
265,Guadalajara,49,Male,Jan 20,8,1,326
266,Leon,39,Female,Jan 20,6,1,1286
267,Monterrey,43,Male,Jan 20,0,0,0
268,Leon,25,Female,Jan 20,8,0,1084
269,Guadalajara,35,Female,Jan 20,7,1,1875
270,Leon,34,Female,Jan 20,8,1,1082
271,Monterrey,25,Female,Jan 20,6,1,595
272,Leon,42,Male,Jan 20,2,1,156
273,Leon,34,Female,Jan 20,2,1,62
274,Guadalajara,33,Female,Jan 20,8,1,246
275,Puebla,26,Male,Jan 20,3,1,563
276,Monterrey,48,Male,Jan 20,7,1,1069
277,Puebla,34,Female,Jan 20,1,1,270
278,Leon,20,Female,Jan 20,6,1,497
279,Leon,41,Male,Jan 20,7,1,172
280,Leon,42,Female,Jan 20,7,1,882
281,Leon,33,Female,Jan 20,6,0,690
282,Guadalajara,47,Male,Jan 20,4,0,70
283,Guadalajara,29,Female,Jan 20,2,1,390
284,Guadalajara,25,Female,Jan 20,8,1,1125
285,Guadalajara,30,Male,Jan 20,3,0,323
286,Puebla,43,Male,Jan 20,5,0,1221
287,Guadalajara,33,Male,Jan 20,3,1,781
288,Puebla,36,Male,Jan 20,6,1,1477
289,Guadalajara,27,Female,Jan 20,1,1,274
290,Guadalajara,54,Male,Jan 20,2,0,315
291,Guadalajara,33,Male,Jan 20,4,1,867
292,Puebla,22,Female,Jan 20,4,1,999
293,Monterrey,48,Male,Jan 20,4,1,854
294,Monterrey,46,Male,Jan 20,7,1,1822
295,Guadalajara,44,Male,Jan 20,2,1,230
296,Leon,27,Male,Jan 20,4,1,997
297,Leon,20,Female,Jan 20,3,1,226
298,Leon,35,Female,Jan 20,5,1,942
299,Leon,25,Female,Jan 20,6,1,1223
300,Guadalajara,52,Male,Jan 20,6,1,795
301,Guadalajara,50,Male,Jan 20,0,0,0
302,Guadalajara,40,Male,Jan 20,3,1,519
303,Puebla,33,Female,Jan 20,1,1,60
304,Monterrey,44,Male,Jan 20,3,1,642
305,Guadalajara,28,Female,Jan 20,1,1,275
306,Leon,44,Male,Jan 20,3,1,426
307,Puebla,20,Female,Jan 20,1,1,23
308,Monterrey,38,Male,Jan 20,1,1,293
309,Puebla,20,Female,Jan 20,2,1,427
310,Monterrey,33,Male,Jan 20,1,1,16
311,Leon,29,Male,Jan 20,1,1,226
312,Puebla,39,Male,Jan 20,2,1,560
313,Monterrey,48,Male,Jan 20,2,1,528
314,Puebla,20,Female,Jan 20,1,0,197
315,Guadalajara,25,Male,Jan 20,1,1,191
316,Leon,34,Male,Jan 20,2,1,452
317,Monterrey,25,Female,Jan 20,1,1,155
318,Guadalajara,53,Male,Jan 20,1,0,181
319,Leon,29,Male,Jan 20,1,1,195
320,Monterrey,36,Female,Jan 20,3,0,326
321,Guadalajara,37,Female,Jan 20,2,1,521
322,Leon,41,Female,Jan 20,1,1,150
323,Puebla,34,Male,Jan 20,3,1,278
324,Guadalajara,23,Female,Jan 20,2,1,391
325,Guadalajara,39,Male,Jan 20,1,1,231
326,Monterrey,38,Female,Jan 20,1,1,29
327,Leon,53,Male,Jan 20,1,1,248
328,Leon,36,Male,Jan 20,2,0,599
329,Leon,21,Female,Jan 20,1,1,212
330,Leon,22,Female,Jan 20,3,1,306
331,Monterrey,45,Male,Jan 20,3,1,869
332,Puebla,36,Male,Jan 20,2,1,346
333,Leon,38,Female,Jan 20,3,1,444
334,Puebla,22,Female,Jan 20,2,1,188
335,Puebla,41,Female,Jan 20,2,1,578
336,Leon,53,Male,Jan 20,1,1,219
337,Leon,50,Male,Jan 20,2,1,502
338,Leon,34,Female,Jan 20,3,0,283
339,Leon,41,Female,Jan 20,2,1,56
340,Monterrey,37,Female,Jan 20,2,1,187
341,Monterrey,48,Male,Jan 20,1,1,19
342,Monterrey,33,Female,Jan 20,2,1,254
343,Leon,23,Female,Jan 20,2,1,476
344,Monterrey,48,Male,Jan 20,1,1,33
345,Leon,50,Male,Jan 20,2,1,214
346,Monterrey,32,Female,Jan 20,3,1,633
347,Leon,38,Male,Jan 20,3,1,304
348,Leon,53,Male,Jan 20,1,1,38
349,Puebla,40,Male,Jan 20,2,1,422
350,Leon,48,Male,Jan 20,2,1,213
351,Monterrey,38,Female,Jan 20,2,0,536
352,Leon,42,Female,Jan 20,3,1,229
353,Monterrey,39,Male,Jan 20,1,1,191
354,Leon,41,Female,Jan 20,1,1,182
355,Puebla,39,Female,Jan 20,2,1,583
356,Monterrey,35,Female,Jan 20,3,1,394
357,Monterrey,42,Male,Jan 20,3,1,115
358,Leon,34,Male,Jan 20,3,1,69
359,Monterrey,31,Female,Jan 20,2,1,176
360,Monterrey,34,Female,Jan 20,3,1,638
361,Leon,36,Male,Jan 20,2,1,197
362,Puebla,42,Male,Jan 20,1,1,289
363,Puebla,32,Male,Jan 20,1,1,186
364,Monterrey,53,Male,Jan 20,1,0,28
365,Leon,53,Male,Jan 20,3,1,178
366,Monterrey,53,Female,Jan 20,2,1,389
367,Monterrey,53,Female,Jan 20,3,1,707
368,Leon,38,Female,Jan 20,1,1,52
369,Leon,36,Male,Jan 20,1,1,23
370,Monterrey,23,Female,Jan 20,2,1,334
371,Puebla,37,Male,Jan 20,3,1,106
372,Monterrey,38,Female,Jan 20,3,1,289
373,Monterrey,51,Male,Jan 20,2,1,406
374,Puebla,35,Female,Jan 20,3,1,631
375,Puebla,31,Female,Jan 20,3,1,188
376,Monterrey,24,Female,Jan 20,3,1,756
377,Monterrey,55,Female,Jan 20,3,1,148
378,Puebla,37,Male,Jan 20,2,1,375
379,Monterrey,49,Male,Jan 20,2,1,87
380,Monterrey,28,Female,Jan 20,3,1,267
381,Puebla,41,Female,Jan 20,3,1,722
382,Monterrey,55,Male,Jan 20,3,1,254
383,Monterrey,37,Male,Jan 20,2,1,443
384,Monterrey,39,Male,Jan 20,1,1,74
385,Monterrey,51,Female,Jan 20,3,1,100
386,Puebla,35,Female,Jan 20,2,1,443
387,Puebla,54,Female,Jan 20,3,1,283
388,Puebla,58,Male,Jan 20,3,1,382
389,Monterrey,29,Female,Jan 20,3,1,80
390,Monterrey,42,Female,Jan 20,2,1,217
391,Puebla,41,Male,Jan 20,2,0,345
392,Monterrey,50,Male,Jan 20,2,1,548
393,Puebla,33,Female,Jan 20,1,1,157
394,Monterrey,29,Female,Jan 20,2,1,431
395,Monterrey,33,Female,Jan 20,3,1,449
396,Monterrey,50,Male,Jan 20,2,1,546
397,Puebla,31,Female,Jan 20,2,1,288
398,Puebla,54,Female,Jan 20,3,1,185
399,Monterrey,50,Male,Jan 20,3,1,114
400,Monterrey,48,Male,Jan 20,3,1,645
401,Puebla,55,Male,Jan 20,5,0,1442
402,Monterrey,35,Female,Jan 20,7,1,1426
403,Puebla,40,Male,Jan 20,7,1,1384
404,Puebla,24,Female,Jan 20,7,1,543
405,Puebla,35,Female,Jan 20,5,0,265
406,Monterrey,35,Female,Jan 20,6,1,1105
407,Monterrey,48,Male,Jan 20,7,1,1215
408,Puebla,56,Male,Jan 20,5,1,555
409,Monterrey,42,Male,Jan 20,6,1,1543
410,Monterrey,35,Female,Jan 20,7,1,1799
411,Puebla,53,Female,Jan 20,5,1,897
412,Puebla,58,Female,Jan 20,6,0,1568
413,Puebla,26,Female,Jan 20,4,1,319
414,Puebla,42,Male,Jan 20,6,1,231
415,Monterrey,31,Female,Jan 20,4,1,912
416,Puebla,46,Male,Jan 20,6,1,194
417,Monterrey,44,Male,Jan 20,7,1,992
418,Puebla,42,Female,Jan 20,4,1,153
419,Puebla,40,Male,Jan 20,7,1,109
420,Monterrey,50,Male,Jan 20,7,1,1350
421,Puebla,25,Female,Jan 20,5,1,701
422,Monterrey,40,Female,Jan 20,7,1,1229
423,Monterrey,43,Male,Jan 20,5,1,1007
424,Monterrey,39,Male,Jan 20,4,1,755
425,Monterrey,29,Female,Jan 20,7,1,897
426,Monterrey,35,Female,Jan 20,4,1,1084
427,Monterrey,52,Male,Jan 20,4,0,821
428,Puebla,26,Female,Jan 20,5,1,1052
429,Puebla,37,Male,Jan 20,4,1,1062
430,Monterrey,33,Female,Jan 20,2,1,163
431,Monterrey,32,Male,Jan 20,1,1,295
432,Puebla,35,Female,Jan 20,1,1,85
433,Monterrey,37,Female,Jan 20,3,1,811
434,Monterrey,35,Male,Jan 20,4,1,643
435,Monterrey,34,Male,Jan 20,0,0,0
436,Puebla,40,Male,Jan 20,2,1,485
437,Puebla,43,Male,Jan 20,0,0,0
438,Puebla,30,Female,Jan 20,0,0,0
439,Puebla,34,Male,Jan 20,3,1,417
440,Monterrey,28,Female,Jan 20,3,1,308
441,Puebla,33,Female,Jan 20,3,1,852
442,Puebla,36,Female,Jan 20,3,1,249
443,Puebla,36,Female,Jan 20,4,1,775
444,Monterrey,37,Male,Jan 20,4,1,460
445,Monterrey,55,Male,Jan 20,1,1,247
446,Puebla,30,Female,Jan 20,3,1,554
447,Puebla,46,Male,Jan 20,0,0,0
448,Monterrey,34,Male,Jan 20,4,1,227
449,Puebla,32,Male,Jan 20,2,1,147
450,Puebla,39,Female,Jan 20,0,0,0
451,Monterrey,37,Female,Jan 20,3,1,312
452,Puebla,50,Male,Jan 20,0,0,0
453,Monterrey,28,Female,Jan 20,3,1,65
454,Monterrey,39,Female,Jan 20,3,1,704
455,Puebla,50,Female,Jan 20,3,1,572
456,Monterrey,47,Male,Jan 20,1,1,269
457,Puebla,50,Male,Jan 20,1,1,295
458,Puebla,25,Female,Jan 20,3,1,345
459,Monterrey,26,Female,Jan 20,4,1,257
460,Puebla,51,Male,Jan 20,1,1,258
461,Monterrey,27,Male,Jan 20,3,1,594
462,Puebla,31,Female,Jan 20,0,0,0
463,Monterrey,53,Male,Jan 20,1,1,175
464,Puebla,30,Female,Jan 20,0,0,0
465,Puebla,34,Female,Jan 20,2,1,273
466,Monterrey,42,Female,Jan 20,1,1,251
467,Puebla,28,Female,Jan 20,3,1,238
468,Puebla,39,Male,Jan 20,3,1,389
469,Puebla,29,Male,Jan 20,3,1,550
470,Puebla,47,Male,Jan 20,4,1,1075
471,Monterrey,40,Female,Jan 20,0,0,0
472,Monterrey,57,Male,Jan 20,1,1,110
473,Monterrey,36,Female,Jan 20,2,1,370
474,Monterrey,50,Female,Jan 20,3,0,804
475,Puebla,28,Female,Jan 20,2,1,534
476,Puebla,25,Female,Jan 20,0,0,0
477,Monterrey,52,Female,Jan 20,0,0,0
478,Puebla,34,Female,Jan 20,4,1,218
479,Monterrey,41,Female,Jan 20,3,1,159
480,Puebla,49,Female,Jan 20,0,0,0
481,Puebla,34,Female,Jan 20,2,1,548
482,Puebla,33,Female,Jan 20,2,1,158
483,Monterrey,42,Female,Jan 20,4,1,414
484,Monterrey,38,Female,Jan 20,4,1,1069
485,Monterrey,36,Male,Jan 20,0,0,0
486,Puebla,34,Male,Jan 20,3,1,96
487,Monterrey,36,Male,Jan 20,2,1,558
488,Puebla,52,Male,Jan 20,4,0,447
489,Monterrey,43,Male,Jan 20,2,1,537
490,Puebla,27,Female,Jan 20,2,1,359
491,Monterrey,48,Male,Jan 20,3,1,733
492,Monterrey,27,Female,Jan 20,0,0,0
493,Monterrey,44,Male,Jan 20,0,0,0
494,Puebla,49,Male,Jan 20,1,1,67
495,Monterrey,43,Male,Jan 20,2,1,445
496,Monterrey,40,Female,Jan 20,2,1,270
497,Monterrey,37,Male,Jan 20,4,1,802
498,Puebla,50,Male,Jan 20,0,0,0
499,Monterrey,39,Male,Jan 20,2,1,125
500,Puebla,42,Male,Jan 20,1,1,35
1,Guadalajara,33,Male,feb 20,2,0,241
2,Guadalajara,23,Female,feb 20,1,1,272
3,Monterrey,23,Female,feb 20,1,1,124
4,Leon,24,Female,feb 20,2,1,297
5,Puebla,46,Male,feb 20,4,1,474
6,Guadalajara,35,Female,feb 20,1,1,259
7,Guadalajara,36,Male,feb 20,0,0,0
8,Guadalajara,63,Female,feb 20,4,1,246
9,Puebla,53,Male,feb 20,4,1,589
10,Guadalajara,41,Male,feb 20,2,1,252
11,Leon,47,Male,feb 20,4,1,520
12,Puebla,63,Female,feb 20,2,1,141
13,Leon,43,Male,feb 20,2,1,457
14,Puebla,38,Male,feb 20,1,1,68
15,Guadalajara,43,Male,feb 20,1,1,182
16,Guadalajara,53,Male,feb 20,3,1,667
17,Monterrey,24,Female,feb 20,0,0,0
18,Guadalajara,43,Male,feb 20,0,0,0
19,Leon,47,Male,feb 20,4,0,200
20,Guadalajara,42,Male,feb 20,3,1,807
21,Monterrey,31,Female,feb 20,3,1,179
22,Guadalajara,38,Male,feb 20,0,0,0
23,Leon,35,Female,feb 20,4,0,712
24,Guadalajara,64,Female,feb 20,4,1,271
25,Leon,42,Male,feb 20,2,1,91
26,Puebla,28,Female,feb 20,2,1,148
27,Leon,35,Female,feb 20,2,1,261
28,Monterrey,61,Female,feb 20,4,1,120
29,Monterrey,39,Male,feb 20,1,1,197
30,Guadalajara,32,Female,feb 20,2,1,119
31,Guadalajara,40,Female,feb 20,1,1,84
32,Guadalajara,42,Female,feb 20,2,1,333
33,Guadalajara,49,Male,feb 20,2,1,581
34,Leon,29,Female,feb 20,2,1,281
35,Leon,38,Female,feb 20,2,1,384
36,Monterrey,31,Female,feb 20,1,1,240
37,Leon,62,Female,feb 20,1,1,190
38,Monterrey,47,Male,feb 20,2,1,467
39,Guadalajara,25,Male,feb 20,0,0,0
40,Guadalajara,40,Male,feb 20,2,1,38
41,Monterrey,27,Female,feb 20,2,1,131
42,Leon,46,Male,feb 20,2,1,550
43,Puebla,37,Female,feb 20,3,1,180
44,Monterrey,41,Male,feb 20,1,1,26
45,Monterrey,61,Female,feb 20,3,1,766
46,Puebla,40,Female,feb 20,1,1,201
47,Guadalajara,40,Male,feb 20,2,1,112
48,Guadalajara,62,Female,feb 20,4,1,322
49,Puebla,25,Female,feb 20,0,0,0
50,Monterrey,49,Male,feb 20,1,1,77
51,Leon,25,Female,feb 20,3,1,885
52,Monterrey,28,Female,feb 20,1,1,188
53,Guadalajara,25,Female,feb 20,1,1,32
54,Guadalajara,33,Female,feb 20,4,0,424
55,Leon,32,Male,feb 20,4,1,943
56,Puebla,55,Male,feb 20,1,1,116
57,Guadalajara,36,Female,feb 20,0,0,0
58,Leon,42,Male,feb 20,0,0,0
59,Monterrey,37,Male,feb 20,2,0,511
60,Puebla,35,Male,feb 20,3,1,875
61,Monterrey,36,Female,feb 20,4,1,985
62,Leon,25,Female,feb 20,4,1,272
63,Guadalajara,41,Male,feb 20,1,0,97
64,Puebla,34,Female,feb 20,2,1,146
65,Leon,65,Female,feb 20,0,0,0
66,Leon,35,Male,feb 20,1,1,279
67,Guadalajara,65,Female,feb 20,2,1,284
68,Monterrey,34,Male,feb 20,2,1,281
69,Monterrey,32,Male,feb 20,0,0,0
70,Leon,25,Female,feb 20,0,0,0
71,Leon,65,Female,feb 20,3,1,480
72,Guadalajara,40,Male,feb 20,0,0,0
73,Puebla,28,Female,feb 20,3,1,212
74,Monterrey,29,Female,feb 20,1,1,83
75,Monterrey,39,Male,feb 20,3,1,445
76,Leon,39,Female,feb 20,3,1,535
77,Guadalajara,37,Female,feb 20,2,1,183
78,Monterrey,38,Male,feb 20,2,1,126
79,Leon,37,Male,feb 20,3,1,762
80,Puebla,39,Female,feb 20,1,1,19
81,Puebla,20,Male,feb 20,2,1,555
82,Monterrey,54,Male,feb 20,3,0,496
83,Puebla,41,Male,feb 20,3,1,842
84,Puebla,65,Female,feb 20,2,1,399
85,Puebla,36,Male,feb 20,6,1,1052
86,Puebla,26,Female,feb 20,5,1,1161
87,Puebla,48,Male,feb 20,2,1,234
88,Guadalajara,36,Female,feb 20,3,1,448
89,Leon,64,Female,feb 20,5,1,939
90,Puebla,50,Male,feb 20,6,1,245
91,Leon,37,Female,feb 20,2,1,40
92,Monterrey,29,Female,feb 20,5,1,842
93,Puebla,25,Female,feb 20,3,1,714
94,Guadalajara,65,Female,feb 20,4,1,1184
95,Monterrey,36,Female,feb 20,3,1,343
96,Leon,33,Male,feb 20,2,0,581
97,Monterrey,32,Male,feb 20,6,1,1662
98,Leon,26,Female,feb 20,3,0,827
99,Leon,32,Male,feb 20,4,1,288
100,Guadalajara,23,Female,feb 20,6,1,1483
101,Monterrey,23,Female,feb 20,2,1,304
102,Leon,53,Male,feb 20,6,1,1578
103,Leon,39,Male,feb 20,4,1,845
104,Puebla,26,Female,feb 20,2,1,510
105,Monterrey,45,Male,feb 20,6,1,410
106,Guadalajara,38,Male,feb 20,2,1,557
107,Puebla,40,Male,feb 20,3,1,429
108,Puebla,54,Female,feb 20,2,1,492
109,Leon,50,Male,feb 20,5,1,948
110,Leon,47,Male,feb 20,6,1,705
111,Guadalajara,46,Female,feb 20,4,1,1072
112,Monterrey,41,Female,feb 20,2,1,461
113,Monterrey,33,Female,feb 20,2,1,576
114,Monterrey,37,Male,feb 20,3,1,784
115,Puebla,24,Female,feb 20,4,1,860
116,Guadalajara,37,Male,feb 20,6,1,1070
117,Guadalajara,49,Male,feb 20,4,1,1200
118,Guadalajara,41,Male,feb 20,3,1,275
119,Leon,20,Female,feb 20,4,1,241
120,Guadalajara,39,Female,feb 20,4,1,638
121,Monterrey,42,Female,feb 20,5,1,628
122,Leon,20,Female,feb 20,6,1,1203
123,Monterrey,38,Male,feb 20,5,1,1491
124,Leon,41,Female,feb 20,4,0,89
125,Puebla,40,Male,feb 20,6,1,1777
126,Guadalajara,52,Male,feb 20,6,1,974
127,Monterrey,32,Male,feb 20,5,1,836
128,Leon,34,Male,feb 20,3,1,730
129,Monterrey,32,Male,feb 20,3,1,863
130,Leon,38,Male,feb 20,5,0,1235
131,Monterrey,38,Male,feb 20,3,1,754
132,Puebla,44,Male,feb 20,4,1,866
133,Leon,29,Male,feb 20,3,1,577
134,Guadalajara,49,Male,feb 20,2,1,588
135,Puebla,48,Male,feb 20,5,1,805
136,Puebla,48,Male,feb 20,4,1,988
137,Guadalajara,33,Male,feb 20,4,1,929
138,Puebla,38,Male,feb 20,3,1,852
139,Monterrey,36,Male,feb 20,2,0,392
140,Puebla,37,Male,feb 20,2,1,466
141,Puebla,48,Male,feb 20,6,1,1035
142,Guadalajara,36,Male,feb 20,4,1,291
143,Puebla,48,Male,feb 20,2,1,453
144,Guadalajara,34,Male,feb 20,4,1,827
145,Leon,32,Male,feb 20,4,1,79
146,Leon,39,Male,feb 20,5,1,203
147,Monterrey,51,Male,feb 20,4,1,1026
148,Leon,52,Male,feb 20,6,1,1144
149,Monterrey,32,Male,feb 20,5,1,233
150,Puebla,54,Male,feb 20,5,1,83
151,Monterrey,38,Male,feb 20,6,1,333
152,Puebla,38,Female,feb 20,3,1,580
153,Monterrey,31,Female,feb 20,2,1,549
154,Guadalajara,33,Female,feb 20,3,1,420
155,Puebla,21,Female,feb 20,2,1,375
156,Monterrey,31,Female,feb 20,6,1,1425
157,Guadalajara,38,Female,feb 20,3,1,590
158,Leon,21,Female,feb 20,6,1,498
159,Monterrey,30,Female,feb 20,5,1,983
160,Puebla,40,Female,feb 20,4,1,251
161,Guadalajara,42,Female,feb 20,6,1,256
162,Puebla,31,Female,feb 20,6,1,170
163,Monterrey,36,Female,feb 20,4,1,862
164,Guadalajara,35,Male,feb 20,3,1,678
165,Guadalajara,39,Male,feb 20,5,1,986
166,Guadalajara,42,Male,feb 20,5,0,368
167,Leon,35,Female,feb 20,5,1,841
168,Puebla,27,Female,feb 20,5,1,773
169,Monterrey,27,Female,feb 20,2,1,551
170,Leon,24,Female,feb 20,2,1,268
171,Monterrey,38,Male,feb 20,6,1,727
172,Monterrey,45,Male,feb 20,2,1,118
173,Leon,20,Female,feb 20,4,1,614
174,Puebla,40,Male,feb 20,2,1,530
175,Puebla,29,Female,feb 20,2,1,484
176,Guadalajara,29,Female,feb 20,5,1,994
177,Leon,39,Male,feb 20,6,1,301
178,Leon,37,Female,feb 20,6,1,945
179,Monterrey,49,Male,feb 20,2,1,37
180,Puebla,51,Male,feb 20,5,1,1195
181,Leon,53,Male,feb 20,4,1,1101
182,Leon,30,Female,feb 20,6,1,234
183,Leon,48,Male,feb 20,3,1,235
184,Monterrey,43,Male,feb 20,3,1,681
185,Guadalajara,35,Female,feb 20,3,1,302
186,Guadalajara,25,Male,feb 20,6,1,352
187,Puebla,40,Female,feb 20,4,1,536
188,Puebla,53,Male,feb 20,3,0,83
189,Guadalajara,41,Female,feb 20,5,0,1073
190,Monterrey,52,Male,feb 20,5,1,1061
191,Guadalajara,44,Female,feb 20,4,1,1131
192,Guadalajara,40,Male,feb 20,6,1,533
193,Leon,36,Female,feb 20,3,1,876
194,Leon,33,Male,feb 20,5,1,1220
195,Puebla,47,Male,feb 20,5,1,1456
196,Puebla,21,Female,feb 20,5,1,779
197,Leon,32,Male,feb 20,6,1,474
198,Puebla,26,Female,feb 20,4,1,778
199,Leon,34,Female,feb 20,6,1,1679
200,Guadalajara,42,Female,feb 20,4,1,500
201,Leon,20,Female,feb 20,2,1,417
202,Guadalajara,41,Female,feb 20,3,1,388
203,Monterrey,48,Male,feb 20,3,1,398
204,Puebla,43,Male,feb 20,2,1,37
205,Leon,39,Male,feb 20,2,1,354
206,Monterrey,50,Female,feb 20,3,1,206
207,Puebla,35,Male,feb 20,1,1,238
208,Monterrey,26,Female,feb 20,1,1,240
209,Guadalajara,46,Male,feb 20,1,1,282
210,Puebla,23,Male,feb 20,0,0,0
211,Guadalajara,47,Male,feb 20,3,0,627
212,Puebla,20,Female,feb 20,3,1,642
213,Leon,33,Male,feb 20,0,0,0
214,Guadalajara,23,Female,feb 20,1,1,89
215,Puebla,26,Female,feb 20,2,0,528
216,Guadalajara,39,Female,feb 20,3,1,591
217,Puebla,37,Female,feb 20,0,0,0
218,Guadalajara,24,Female,feb 20,2,1,121
219,Guadalajara,33,Female,feb 20,3,1,537
220,Leon,34,Female,feb 20,3,1,737
221,Puebla,29,Male,feb 20,1,1,209
222,Monterrey,37,Male,feb 20,1,1,79
223,Monterrey,23,Female,feb 20,3,0,157
224,Leon,35,Male,feb 20,0,0,0
225,Monterrey,54,Male,feb 20,0,0,0
226,Monterrey,46,Male,feb 20,1,1,52
227,Leon,35,Male,feb 20,2,1,240
228,Leon,20,Female,feb 20,0,0,0
229,Monterrey,30,Male,feb 20,0,0,0
230,Puebla,52,Male,feb 20,2,1,519
231,Puebla,24,Female,feb 20,1,1,125
232,Leon,30,Female,feb 20,2,1,574
233,Leon,23,Female,feb 20,3,1,265
234,Monterrey,30,Female,feb 20,1,1,43
235,Monterrey,51,Male,feb 20,3,1,378
236,Guadalajara,43,Female,feb 20,1,1,71
237,Monterrey,42,Male,feb 20,1,1,96
238,Guadalajara,46,Male,feb 20,3,0,737
239,Monterrey,49,Male,feb 20,2,1,111
240,Leon,40,Female,feb 20,3,1,653
241,Monterrey,33,Female,feb 20,1,1,211
242,Guadalajara,36,Male,feb 20,0,0,0
243,Guadalajara,47,Female,feb 20,0,0,0
244,Monterrey,46,Male,feb 20,2,1,343
245,Guadalajara,33,Male,feb 20,2,1,218
246,Puebla,41,Male,feb 20,3,1,53
247,Puebla,26,Male,feb 20,2,1,466
248,Guadalajara,32,Male,feb 20,3,1,809
249,Guadalajara,50,Male,feb 20,2,1,598
250,Puebla,54,Male,feb 20,2,1,416
251,Puebla,42,Male,feb 20,1,1,156
252,Leon,55,Male,feb 20,2,1,62
253,Monterrey,33,Male,feb 20,3,1,189
254,Monterrey,32,Male,feb 20,0,0,0
255,Puebla,51,Male,feb 20,1,1,263
256,Guadalajara,26,Female,feb 20,2,1,339
257,Leon,43,Male,feb 20,1,1,240
258,Monterrey,33,Male,feb 20,1,1,174
259,Leon,43,Male,feb 20,3,1,494
260,Puebla,36,Male,feb 20,3,1,237
261,Puebla,46,Male,feb 20,1,1,299
262,Guadalajara,40,Female,feb 20,0,0,0
263,Guadalajara,26,Female,feb 20,1,1,20
264,Leon,39,Female,feb 20,0,0,0
265,Guadalajara,49,Male,feb 20,0,0,0
266,Leon,39,Female,feb 20,3,1,149
267,Monterrey,43,Male,feb 20,3,1,60
268,Leon,25,Female,feb 20,1,1,208
269,Guadalajara,35,Female,feb 20,3,1,77
270,Leon,34,Female,feb 20,3,1,251
271,Monterrey,25,Female,feb 20,2,1,111
272,Leon,42,Male,feb 20,2,0,405
273,Leon,34,Female,feb 20,3,1,110
274,Guadalajara,33,Female,feb 20,0,0,0
275,Puebla,26,Male,feb 20,2,1,72
276,Monterrey,48,Male,feb 20,0,0,0
277,Puebla,34,Female,feb 20,2,1,80
278,Leon,20,Female,feb 20,0,0,0
279,Leon,41,Male,feb 20,3,1,291
280,Leon,42,Female,feb 20,0,0,0
281,Leon,33,Female,feb 20,0,0,0
282,Guadalajara,47,Male,feb 20,0,0,0
283,Guadalajara,29,Female,feb 20,2,1,90
284,Guadalajara,25,Female,feb 20,1,1,269
285,Guadalajara,30,Male,feb 20,3,1,321
286,Puebla,43,Male,feb 20,1,1,180
287,Guadalajara,33,Male,feb 20,2,1,255
288,Puebla,36,Male,feb 20,1,1,177
289,Guadalajara,27,Female,feb 20,2,1,477
290,Guadalajara,54,Male,feb 20,2,1,85
291,Guadalajara,33,Male,feb 20,2,1,152
292,Puebla,22,Female,feb 20,2,1,515
293,Monterrey,48,Male,feb 20,2,1,375
294,Monterrey,46,Male,feb 20,0,0,0
295,Guadalajara,44,Male,feb 20,3,1,839
296,Leon,27,Male,feb 20,2,1,98
297,Leon,20,Female,feb 20,2,1,161
298,Leon,35,Female,feb 20,1,0,110
299,Leon,25,Female,feb 20,1,1,216
300,Guadalajara,52,Male,feb 20,2,1,494
301,Guadalajara,50,Male,feb 20,1,1,285
302,Guadalajara,40,Male,feb 20,2,1,464
303,Puebla,33,Female,feb 20,0,0,0
304,Monterrey,44,Male,feb 20,1,1,23
305,Guadalajara,28,Female,feb 20,1,1,167
306,Leon,44,Male,feb 20,3,1,202
307,Puebla,20,Female,feb 20,3,1,722
308,Monterrey,38,Male,feb 20,1,1,181
309,Puebla,20,Female,feb 20,2,1,280
310,Monterrey,33,Male,feb 20,2,1,156
311,Leon,29,Male,feb 20,2,1,323
312,Puebla,39,Male,feb 20,1,1,228
313,Monterrey,48,Male,feb 20,0,0,0
314,Puebla,20,Female,feb 20,2,1,360
315,Guadalajara,25,Male,feb 20,2,1,577
316,Leon,34,Male,feb 20,0,0,0
317,Monterrey,25,Female,feb 20,3,1,233
318,Guadalajara,53,Male,feb 20,1,1,282
319,Leon,29,Male,feb 20,3,0,767
320,Monterrey,36,Female,feb 20,1,1,18
321,Guadalajara,37,Female,feb 20,1,0,250
322,Leon,41,Female,feb 20,1,1,143
323,Puebla,34,Male,feb 20,1,1,206
324,Guadalajara,23,Female,feb 20,3,1,85
325,Guadalajara,39,Male,feb 20,2,1,326
326,Monterrey,38,Female,feb 20,1,1,275
327,Leon,53,Male,feb 20,2,1,92
328,Leon,36,Male,feb 20,0,0,0
329,Leon,21,Female,feb 20,1,1,43
330,Leon,22,Female,feb 20,1,1,163
331,Monterrey,45,Male,feb 20,3,1,227
332,Puebla,36,Male,feb 20,0,0,0
333,Leon,38,Female,feb 20,3,1,598
334,Puebla,22,Female,feb 20,3,1,568
335,Puebla,41,Female,feb 20,0,0,0
336,Leon,53,Male,feb 20,0,0,0
337,Leon,50,Male,feb 20,0,0,0
338,Leon,34,Female,feb 20,1,1,113
339,Leon,41,Female,feb 20,1,1,254
340,Monterrey,37,Female,feb 20,0,0,0
341,Monterrey,48,Male,feb 20,3,0,160
342,Monterrey,33,Female,feb 20,3,1,93
343,Leon,23,Female,feb 20,2,1,172
344,Monterrey,48,Male,feb 20,0,0,0
345,Leon,50,Male,feb 20,3,1,286
346,Monterrey,32,Female,feb 20,2,1,324
347,Leon,38,Male,feb 20,3,1,340
348,Leon,53,Male,feb 20,0,0,0
349,Puebla,40,Male,feb 20,1,1,99
350,Leon,48,Male,feb 20,3,1,612
351,Monterrey,38,Female,feb 20,3,1,550
352,Leon,42,Female,feb 20,4,1,979
353,Monterrey,39,Male,feb 20,3,1,112
354,Leon,41,Female,feb 20,4,1,1120
355,Puebla,39,Female,feb 20,4,1,357
356,Monterrey,35,Female,feb 20,2,0,260
357,Monterrey,42,Male,feb 20,2,1,82
358,Leon,34,Male,feb 20,3,1,283
359,Monterrey,31,Female,feb 20,4,1,581
360,Monterrey,34,Female,feb 20,4,1,1015
361,Leon,36,Male,feb 20,3,1,306
362,Puebla,42,Male,feb 20,2,1,339
363,Puebla,32,Male,feb 20,4,1,498
364,Monterrey,53,Male,feb 20,2,1,374
365,Leon,53,Male,feb 20,2,1,137
366,Monterrey,53,Female,feb 20,2,1,35
367,Monterrey,53,Female,feb 20,3,1,244
368,Leon,38,Female,feb 20,2,1,269
369,Leon,36,Male,feb 20,4,1,764
370,Monterrey,23,Female,feb 20,2,1,471
371,Puebla,37,Male,feb 20,3,1,767
372,Monterrey,38,Female,feb 20,2,1,548
373,Monterrey,51,Male,feb 20,3,1,827
374,Puebla,35,Female,feb 20,3,1,543
375,Puebla,31,Female,feb 20,3,1,68
376,Monterrey,24,Female,feb 20,4,1,913
377,Monterrey,55,Female,feb 20,4,1,852
378,Puebla,37,Male,feb 20,3,1,822
379,Monterrey,49,Male,feb 20,4,1,76
380,Monterrey,28,Female,feb 20,4,1,133
381,Puebla,41,Female,feb 20,4,1,631
382,Monterrey,55,Male,feb 20,4,1,831
383,Monterrey,37,Male,feb 20,3,1,609
384,Monterrey,39,Male,feb 20,4,1,1061
385,Monterrey,51,Female,feb 20,2,1,578
386,Puebla,35,Female,feb 20,4,1,142
387,Puebla,54,Female,feb 20,2,1,44
388,Puebla,58,Male,feb 20,4,1,744
389,Monterrey,29,Female,feb 20,2,1,509
390,Monterrey,42,Female,feb 20,3,1,347
391,Puebla,41,Male,feb 20,3,1,84
392,Monterrey,50,Male,feb 20,3,1,454
393,Puebla,33,Female,feb 20,3,1,701
394,Monterrey,29,Female,feb 20,7,1,1721
395,Monterrey,33,Female,feb 20,5,1,415
396,Monterrey,50,Male,feb 20,7,1,574
397,Puebla,31,Female,feb 20,3,1,856
398,Puebla,54,Female,feb 20,3,1,634
399,Monterrey,50,Male,feb 20,5,1,1185
400,Monterrey,48,Male,feb 20,6,1,1371
401,Puebla,55,Male,feb 20,3,1,124
402,Monterrey,35,Female,feb 20,7,1,1798
403,Puebla,40,Male,feb 20,7,0,1353
404,Puebla,24,Female,feb 20,4,1,852
405,Puebla,35,Female,feb 20,5,1,1255
406,Monterrey,35,Female,feb 20,3,1,77
407,Monterrey,48,Male,feb 20,6,0,451
408,Puebla,56,Male,feb 20,3,1,163
409,Monterrey,42,Male,feb 20,6,1,1060
410,Monterrey,35,Female,feb 20,6,1,139
411,Puebla,53,Female,feb 20,3,1,152
412,Puebla,58,Female,feb 20,4,0,481
413,Puebla,26,Female,feb 20,3,1,542
414,Puebla,42,Male,feb 20,6,1,1772
415,Monterrey,31,Female,feb 20,6,1,1166
416,Puebla,46,Male,feb 20,6,1,1081
417,Monterrey,44,Male,feb 20,5,1,1396
418,Puebla,42,Female,feb 20,7,1,1087
419,Puebla,40,Male,feb 20,7,1,1615
420,Monterrey,50,Male,feb 20,3,1,75
421,Puebla,25,Female,feb 20,5,1,706
422,Monterrey,40,Female,feb 20,5,1,170
423,Monterrey,43,Male,feb 20,6,1,460
424,Monterrey,39,Male,feb 20,3,1,786
425,Monterrey,29,Female,feb 20,3,1,784
426,Monterrey,35,Female,feb 20,4,1,169
427,Monterrey,52,Male,feb 20,7,1,951
428,Puebla,26,Female,feb 20,3,1,154
429,Puebla,37,Male,feb 20,6,1,1536
430,Monterrey,33,Female,feb 20,7,1,1243
431,Monterrey,32,Male,feb 20,7,0,1962
432,Puebla,35,Female,feb 20,7,1,1840
433,Monterrey,37,Female,feb 20,6,1,1776
434,Monterrey,35,Male,feb 20,6,1,1528
435,Monterrey,34,Male,feb 20,3,1,549
436,Puebla,40,Male,feb 20,5,1,1083
437,Puebla,43,Male,feb 20,7,1,1112
438,Puebla,30,Female,feb 20,5,1,652
439,Puebla,34,Male,feb 20,6,1,662
440,Monterrey,28,Female,feb 20,6,1,1194
441,Puebla,33,Female,feb 20,4,1,1098
442,Puebla,36,Female,feb 20,5,0,1247
443,Puebla,36,Female,feb 20,6,1,1661
444,Monterrey,37,Male,feb 20,4,1,879
445,Monterrey,55,Male,feb 20,7,1,1536
446,Puebla,30,Female,feb 20,3,1,1105
447,Puebla,46,Male,feb 20,3,1,660
448,Monterrey,34,Male,feb 20,4,1,1790
449,Puebla,32,Male,feb 20,3,1,682
450,Puebla,39,Female,feb 20,4,1,844
451,Monterrey,37,Female,feb 20,7,1,3017
452,Puebla,50,Male,feb 20,7,1,1482
453,Monterrey,28,Female,feb 20,5,1,1179
454,Monterrey,39,Female,feb 20,5,1,1061
455,Puebla,50,Female,feb 20,5,1,1346
456,Monterrey,47,Male,feb 20,6,1,2308
457,Puebla,50,Male,feb 20,3,1,1332
458,Puebla,25,Female,feb 20,4,1,891
459,Monterrey,26,Female,feb 20,3,1,647
460,Puebla,51,Male,feb 20,4,1,881
461,Monterrey,27,Male,feb 20,7,1,1645
462,Puebla,31,Female,feb 20,7,1,3117
463,Monterrey,53,Male,feb 20,5,1,2147
464,Puebla,30,Female,feb 20,6,1,1509
465,Puebla,34,Female,feb 20,5,1,1750
466,Monterrey,42,Female,feb 20,7,1,2761
467,Puebla,28,Female,feb 20,5,1,1073
468,Puebla,39,Male,feb 20,7,1,1448
469,Puebla,29,Male,feb 20,3,1,1255
470,Puebla,47,Male,feb 20,3,1,666
471,Monterrey,40,Female,feb 20,5,1,1832
472,Monterrey,57,Male,feb 20,4,1,1768
473,Monterrey,36,Female,feb 20,6,1,2615
474,Monterrey,50,Female,feb 20,5,1,1078
475,Puebla,28,Female,feb 20,4,1,1451
476,Puebla,25,Female,feb 20,5,1,1934
477,Monterrey,52,Female,feb 20,7,1,1939
478,Puebla,34,Female,feb 20,7,1,2665
479,Monterrey,41,Female,feb 20,4,1,1569
480,Puebla,49,Female,feb 20,4,1,1311
481,Puebla,34,Female,feb 20,7,1,2242
482,Puebla,33,Female,feb 20,6,1,1458
483,Monterrey,42,Female,feb 20,7,1,2094
484,Monterrey,38,Female,feb 20,5,1,1916
485,Monterrey,36,Male,feb 20,3,1,1347
486,Puebla,34,Male,feb 20,5,1,1735
487,Monterrey,36,Male,feb 20,7,1,3155
488,Puebla,52,Male,feb 20,3,1,796
489,Monterrey,43,Male,feb 20,4,1,806
490,Puebla,27,Female,feb 20,5,1,1056
491,Monterrey,48,Male,feb 20,4,1,820
492,Monterrey,27,Female,feb 20,3,0,1264
493,Monterrey,44,Male,feb 20,4,1,1231
494,Puebla,49,Male,feb 20,7,1,2658
495,Monterrey,43,Male,feb 20,3,0,938
496,Monterrey,40,Female,feb 20,4,1,1275
497,Monterrey,37,Male,feb 20,3,1,1047
498,Puebla,50,Male,feb 20,4,1,845
499,Monterrey,39,Male,feb 20,7,1,2660
500,Puebla,42,Male,feb 20,6,1,1455
1,Guadalajara,33,Male,mar 20,4,1,1722
2,Guadalajara,23,Female,mar 20,3,1,868
3,Monterrey,23,Female,mar 20,5,1,1512
4,Leon,24,Female,mar 20,3,1,1211
5,Puebla,46,Male,mar 20,6,1,2050
6,Guadalajara,35,Female,mar 20,2,1,694
7,Guadalajara,36,Male,mar 20,2,1,755
8,Guadalajara,63,Female,mar 20,2,0,548
9,Puebla,53,Male,mar 20,0,0,0
10,Guadalajara,41,Male,mar 20,2,1,820
11,Leon,47,Male,mar 20,2,1,779
12,Puebla,63,Female,mar 20,2,1,738
13,Leon,43,Male,mar 20,0,0,0
14,Puebla,38,Male,mar 20,3,1,805
15,Guadalajara,43,Male,mar 20,0,0,0
16,Guadalajara,53,Male,mar 20,2,1,446
17,Monterrey,24,Female,mar 20,1,1,447
18,Guadalajara,43,Male,mar 20,1,1,316
19,Leon,47,Male,mar 20,0,0,0
20,Guadalajara,42,Male,mar 20,0,0,0
21,Monterrey,31,Female,mar 20,1,1,353
22,Guadalajara,38,Male,mar 20,3,1,1246
23,Leon,35,Female,mar 20,1,1,273
24,Guadalajara,64,Female,mar 20,1,1,200
25,Leon,42,Male,mar 20,2,1,809
26,Puebla,28,Female,mar 20,0,0,0
27,Leon,35,Female,mar 20,1,1,437
28,Monterrey,61,Female,mar 20,2,1,493
29,Monterrey,39,Male,mar 20,1,1,357
30,Guadalajara,32,Female,mar 20,3,1,996
31,Guadalajara,40,Female,mar 20,3,1,1047
32,Guadalajara,42,Female,mar 20,3,1,1069
33,Guadalajara,49,Male,mar 20,0,0,0
34,Leon,29,Female,mar 20,1,1,391
35,Leon,38,Female,mar 20,1,1,323
36,Monterrey,31,Female,mar 20,0,0,0
37,Leon,62,Female,mar 20,1,1,203
38,Monterrey,47,Male,mar 20,2,1,430
39,Guadalajara,25,Male,mar 20,3,1,1174
40,Guadalajara,40,Male,mar 20,0,0,0
41,Monterrey,27,Female,mar 20,3,1,735
42,Leon,46,Male,mar 20,1,1,294
43,Puebla,37,Female,mar 20,3,1,805
44,Monterrey,41,Male,mar 20,1,1,223
45,Monterrey,61,Female,mar 20,0,0,0
46,Puebla,40,Female,mar 20,1,1,278
47,Guadalajara,40,Male,mar 20,0,0,0
48,Guadalajara,62,Female,mar 20,3,1,364
49,Puebla,25,Female,mar 20,1,0,113
50,Monterrey,49,Male,mar 20,0,0,0
51,Leon,25,Female,mar 20,1,1,160
52,Monterrey,28,Female,mar 20,2,1,303
53,Guadalajara,25,Female,mar 20,0,0,0
54,Guadalajara,33,Female,mar 20,2,1,459
55,Leon,32,Male,mar 20,0,0,0
56,Puebla,55,Male,mar 20,4,1,1071
57,Guadalajara,36,Female,mar 20,1,1,296
58,Leon,42,Male,mar 20,1,1,234
59,Monterrey,37,Male,mar 20,2,1,370
60,Puebla,35,Male,mar 20,1,1,123
61,Monterrey,36,Female,mar 20,0,0,0
62,Leon,25,Female,mar 20,2,1,542
63,Guadalajara,41,Male,mar 20,3,1,864
64,Puebla,34,Female,mar 20,2,1,566
65,Leon,65,Female,mar 20,2,1,277
66,Leon,35,Male,mar 20,4,1,303
67,Guadalajara,65,Female,mar 20,1,1,222
68,Monterrey,34,Male,mar 20,4,1,418
69,Monterrey,32,Male,mar 20,0,0,0
70,Leon,25,Female,mar 20,1,1,56
71,Leon,65,Female,mar 20,0,0,0
72,Guadalajara,40,Male,mar 20,0,0,0
73,Puebla,28,Female,mar 20,4,1,134
74,Monterrey,29,Female,mar 20,3,1,208
75,Monterrey,39,Male,mar 20,1,1,66
76,Leon,39,Female,mar 20,2,1,68
77,Guadalajara,37,Female,mar 20,0,0,0
78,Monterrey,38,Male,mar 20,1,1,198
79,Leon,37,Male,mar 20,0,0,0
80,Puebla,39,Female,mar 20,3,1,418
81,Puebla,20,Male,mar 20,1,1,18
82,Monterrey,54,Male,mar 20,1,1,149
83,Puebla,41,Male,mar 20,1,1,126
84,Puebla,65,Female,mar 20,0,0,0
85,Puebla,36,Male,mar 20,0,0,0
86,Puebla,26,Female,mar 20,4,1,215
87,Puebla,48,Male,mar 20,3,1,306
88,Guadalajara,36,Female,mar 20,2,1,308
89,Leon,64,Female,mar 20,4,1,1005
90,Puebla,50,Male,mar 20,2,1,108
91,Leon,37,Female,mar 20,0,0,0
92,Monterrey,29,Female,mar 20,1,1,262
93,Puebla,25,Female,mar 20,4,1,649
94,Guadalajara,65,Female,mar 20,2,1,387
95,Monterrey,36,Female,mar 20,3,0,600
96,Leon,33,Male,mar 20,4,1,1030
97,Monterrey,32,Male,mar 20,4,1,551
98,Leon,26,Female,mar 20,0,0,0
99,Leon,32,Male,mar 20,0,0,0
100,Guadalajara,23,Female,mar 20,0,0,0
101,Monterrey,23,Female,mar 20,0,0,0
102,Leon,53,Male,mar 20,0,0,0
103,Leon,39,Male,mar 20,4,1,529
104,Puebla,26,Female,mar 20,4,1,1135
105,Monterrey,45,Male,mar 20,4,1,1115
106,Guadalajara,38,Male,mar 20,4,1,1174
107,Puebla,40,Male,mar 20,2,1,239
108,Puebla,54,Female,mar 20,2,1,157
109,Leon,50,Male,mar 20,4,1,891
110,Leon,47,Male,mar 20,0,0,0
111,Guadalajara,46,Female,mar 20,1,1,142
112,Monterrey,41,Female,mar 20,4,1,993
113,Monterrey,33,Female,mar 20,3,1,784
114,Monterrey,37,Male,mar 20,1,1,158
115,Puebla,24,Female,mar 20,0,0,0
116,Guadalajara,37,Male,mar 20,4,0,377
117,Guadalajara,49,Male,mar 20,4,1,255
118,Guadalajara,41,Male,mar 20,3,1,146
119,Leon,20,Female,mar 20,3,1,631
120,Guadalajara,39,Female,mar 20,4,1,260
121,Monterrey,42,Female,mar 20,4,1,65
122,Leon,20,Female,mar 20,0,0,0
123,Monterrey,38,Male,mar 20,1,1,259
124,Leon,41,Female,mar 20,1,1,210
125,Puebla,40,Male,mar 20,2,1,366
126,Guadalajara,52,Male,mar 20,0,0,0
127,Monterrey,32,Male,mar 20,1,1,44
128,Leon,34,Male,mar 20,2,1,351
129,Monterrey,32,Male,mar 20,4,1,300
130,Leon,38,Male,mar 20,4,1,174
131,Monterrey,38,Male,mar 20,4,1,674
132,Puebla,44,Male,mar 20,0,0,0
133,Leon,29,Male,mar 20,2,1,201
134,Guadalajara,49,Male,mar 20,1,1,262
135,Puebla,48,Male,mar 20,1,1,245
136,Puebla,48,Male,mar 20,3,1,567
137,Guadalajara,33,Male,mar 20,1,1,125
138,Puebla,38,Male,mar 20,1,1,251
139,Monterrey,36,Male,mar 20,4,1,256
140,Puebla,37,Male,mar 20,3,0,519
141,Puebla,48,Male,mar 20,4,1,577
142,Guadalajara,36,Male,mar 20,4,1,354
143,Puebla,48,Male,mar 20,4,1,1059
144,Guadalajara,34,Male,mar 20,1,0,132
145,Leon,32,Male,mar 20,2,1,292
146,Leon,39,Male,mar 20,1,1,283
147,Monterrey,51,Male,mar 20,3,1,662
148,Leon,52,Male,mar 20,0,0,0
149,Monterrey,32,Male,mar 20,1,1,22
150,Puebla,54,Male,mar 20,3,1,650
151,Monterrey,38,Male,mar 20,3,0,353
152,Puebla,38,Female,mar 20,2,1,280
153,Monterrey,31,Female,mar 20,1,1,198
154,Guadalajara,33,Female,mar 20,1,0,60
155,Puebla,21,Female,mar 20,1,1,171
156,Monterrey,31,Female,mar 20,1,1,26
157,Guadalajara,38,Female,mar 20,2,1,452
158,Leon,21,Female,mar 20,3,1,48
159,Monterrey,30,Female,mar 20,1,1,108
160,Puebla,40,Female,mar 20,3,1,463
161,Guadalajara,42,Female,mar 20,1,1,120
162,Puebla,31,Female,mar 20,3,1,182
163,Monterrey,36,Female,mar 20,2,1,410
164,Guadalajara,35,Male,mar 20,3,1,811
165,Guadalajara,39,Male,mar 20,2,1,335
166,Guadalajara,42,Male,mar 20,3,1,737
167,Leon,35,Female,mar 20,1,1,279
168,Puebla,27,Female,mar 20,1,1,188
169,Monterrey,27,Female,mar 20,3,1,655
170,Leon,24,Female,mar 20,1,1,145
171,Monterrey,38,Male,mar 20,1,1,268
172,Monterrey,45,Male,mar 20,1,1,150
173,Leon,20,Female,mar 20,1,1,50
174,Puebla,40,Male,mar 20,2,1,161
175,Puebla,29,Female,mar 20,3,1,807
176,Guadalajara,29,Female,mar 20,2,1,157
177,Leon,39,Male,mar 20,3,1,605
178,Leon,37,Female,mar 20,2,1,182
179,Monterrey,49,Male,mar 20,3,1,796
180,Puebla,51,Male,mar 20,3,1,727
181,Leon,53,Male,mar 20,2,1,574
182,Leon,30,Female,mar 20,1,1,50
183,Leon,48,Male,mar 20,2,1,469
184,Monterrey,43,Male,mar 20,3,1,607
185,Guadalajara,35,Female,mar 20,3,0,373
186,Guadalajara,25,Male,mar 20,2,0,37
187,Puebla,40,Female,mar 20,1,1,245
188,Puebla,53,Male,mar 20,1,1,300
189,Guadalajara,41,Female,mar 20,1,1,61
190,Monterrey,52,Male,mar 20,1,1,271
191,Guadalajara,44,Female,mar 20,3,1,366
192,Guadalajara,40,Male,mar 20,1,1,217
193,Leon,36,Female,mar 20,2,1,491
194,Leon,33,Male,mar 20,2,1,580
195,Puebla,47,Male,mar 20,2,1,312
196,Puebla,21,Female,mar 20,3,1,85
197,Leon,32,Male,mar 20,2,1,159
198,Puebla,26,Female,mar 20,2,1,454
199,Leon,34,Female,mar 20,1,1,78
200,Guadalajara,42,Female,mar 20,1,1,192
201,Leon,20,Female,mar 20,2,1,292
202,Guadalajara,41,Female,mar 20,3,1,860
203,Monterrey,48,Male,mar 20,3,1,540
204,Puebla,43,Male,mar 20,3,1,729
205,Leon,39,Male,mar 20,2,0,578
206,Monterrey,50,Female,mar 20,3,1,797
207,Puebla,35,Male,mar 20,2,1,392
208,Monterrey,26,Female,mar 20,1,1,86
209,Guadalajara,46,Male,mar 20,2,1,117
210,Puebla,23,Male,mar 20,2,1,552
211,Guadalajara,47,Male,mar 20,2,1,381
212,Puebla,20,Female,mar 20,2,1,255
213,Leon,33,Male,mar 20,3,1,441
214,Guadalajara,23,Female,mar 20,3,1,337
215,Puebla,26,Female,mar 20,2,1,583
216,Guadalajara,39,Female,mar 20,2,1,158
217,Puebla,37,Female,mar 20,1,1,269
218,Guadalajara,24,Female,mar 20,2,1,213
219,Guadalajara,33,Female,mar 20,2,1,485
220,Leon,34,Female,mar 20,3,1,260
221,Puebla,29,Male,mar 20,3,1,840
222,Monterrey,37,Male,mar 20,3,1,559
223,Monterrey,23,Female,mar 20,2,1,549
224,Leon,35,Male,mar 20,2,1,552
225,Monterrey,54,Male,mar 20,2,1,319
226,Monterrey,46,Male,mar 20,2,1,160
227,Leon,35,Male,mar 20,3,1,649
228,Leon,20,Female,mar 20,1,0,189
229,Monterrey,30,Male,mar 20,1,1,156
230,Puebla,52,Male,mar 20,1,1,54
231,Puebla,24,Female,mar 20,3,1,858
232,Leon,30,Female,mar 20,3,1,551
233,Leon,23,Female,mar 20,2,1,275
234,Monterrey,30,Female,mar 20,3,1,842
235,Monterrey,51,Male,mar 20,2,1,60
236,Guadalajara,43,Female,mar 20,1,1,211
237,Monterrey,42,Male,mar 20,2,1,258
238,Guadalajara,46,Male,mar 20,1,1,208
239,Monterrey,49,Male,mar 20,3,1,809
240,Leon,40,Female,mar 20,2,1,469
241,Monterrey,33,Female,mar 20,3,0,606
242,Guadalajara,36,Male,mar 20,2,1,244
243,Guadalajara,47,Female,mar 20,1,1,156
244,Monterrey,46,Male,mar 20,3,1,759
245,Guadalajara,33,Male,mar 20,3,1,372
246,Puebla,41,Male,mar 20,1,1,260
247,Puebla,26,Male,mar 20,1,1,179
248,Guadalajara,32,Male,mar 20,3,1,713
249,Guadalajara,50,Male,mar 20,3,1,443
250,Puebla,54,Male,mar 20,3,1,246
251,Puebla,42,Male,mar 20,8,1,2250
252,Leon,55,Male,mar 20,6,1,1497
253,Monterrey,33,Male,mar 20,3,1,536
254,Monterrey,32,Male,mar 20,4,1,792
255,Puebla,51,Male,mar 20,7,1,1840
256,Guadalajara,26,Female,mar 20,5,1,887
257,Leon,43,Male,mar 20,0,0,0
258,Monterrey,33,Male,mar 20,2,1,365
259,Leon,43,Male,mar 20,5,1,790
260,Puebla,36,Male,mar 20,1,1,90
261,Puebla,46,Male,mar 20,4,1,837
262,Guadalajara,40,Female,mar 20,0,0,0
263,Guadalajara,26,Female,mar 20,4,1,660
264,Leon,39,Female,mar 20,0,0,0
265,Guadalajara,49,Male,mar 20,8,0,1811
266,Leon,39,Female,mar 20,4,1,723
267,Monterrey,43,Male,mar 20,8,1,2309
268,Leon,25,Female,mar 20,5,1,411
269,Guadalajara,35,Female,mar 20,3,0,560
270,Leon,34,Female,mar 20,1,1,105
271,Monterrey,25,Female,mar 20,2,1,412
272,Leon,42,Male,mar 20,3,1,660
273,Leon,34,Female,mar 20,5,1,578
274,Guadalajara,33,Female,mar 20,2,1,181
275,Puebla,26,Male,mar 20,7,1,1256
276,Monterrey,48,Male,mar 20,5,1,1260
277,Puebla,34,Female,mar 20,8,1,2189
278,Leon,20,Female,mar 20,2,1,190
279,Leon,41,Male,mar 20,8,1,1753
280,Leon,42,Female,mar 20,4,1,1083
281,Leon,33,Female,mar 20,7,1,976
282,Guadalajara,47,Male,mar 20,3,1,846
283,Guadalajara,29,Female,mar 20,5,1,846
284,Guadalajara,25,Female,mar 20,7,1,302
285,Guadalajara,30,Male,mar 20,0,0,0
286,Puebla,43,Male,mar 20,2,1,216
287,Guadalajara,33,Male,mar 20,8,1,1020
288,Puebla,36,Male,mar 20,6,1,1468
289,Guadalajara,27,Female,mar 20,1,1,203
290,Guadalajara,54,Male,mar 20,4,1,1035
291,Guadalajara,33,Male,mar 20,2,1,264
292,Puebla,22,Female,mar 20,8,1,2403
293,Monterrey,48,Male,mar 20,8,1,264
294,Monterrey,46,Male,mar 20,6,1,862
295,Guadalajara,44,Male,mar 20,8,1,399
296,Leon,27,Male,mar 20,3,1,402
297,Leon,20,Female,mar 20,7,1,1039
298,Leon,35,Female,mar 20,0,0,0
299,Leon,25,Female,mar 20,6,0,1538
300,Guadalajara,52,Male,mar 20,8,1,400
301,Guadalajara,50,Male,mar 20,2,1,92
302,Guadalajara,40,Male,mar 20,3,1,203
303,Puebla,33,Female,mar 20,8,0,2187
304,Monterrey,44,Male,mar 20,4,1,249
305,Guadalajara,28,Female,mar 20,3,1,744
306,Leon,44,Male,mar 20,4,0,156
307,Puebla,20,Female,mar 20,8,1,2082
308,Monterrey,38,Male,mar 20,1,1,137
309,Puebla,20,Female,mar 20,2,1,335
310,Monterrey,33,Male,mar 20,8,1,1432
311,Leon,29,Male,mar 20,6,1,99
312,Puebla,39,Male,mar 20,4,1,946
313,Monterrey,48,Male,mar 20,0,0,0
314,Puebla,20,Female,mar 20,4,1,996
315,Guadalajara,25,Male,mar 20,5,0,1051
316,Leon,34,Male,mar 20,6,1,332
317,Monterrey,25,Female,mar 20,2,1,82
318,Guadalajara,53,Male,mar 20,8,1,1737
319,Leon,29,Male,mar 20,2,1,147
320,Monterrey,36,Female,mar 20,3,1,714
321,Guadalajara,37,Female,mar 20,8,0,1446
322,Leon,41,Female,mar 20,4,1,912
323,Puebla,34,Male,mar 20,5,1,1279
324,Guadalajara,23,Female,mar 20,2,1,566
325,Guadalajara,39,Male,mar 20,2,1,277
326,Monterrey,38,Female,mar 20,2,1,381
327,Leon,53,Male,mar 20,3,1,903
328,Leon,36,Male,mar 20,1,1,46
329,Leon,21,Female,mar 20,3,1,832
330,Leon,22,Female,mar 20,6,1,302
331,Monterrey,45,Male,mar 20,3,1,73
332,Puebla,36,Male,mar 20,2,1,105
333,Leon,38,Female,mar 20,7,1,1276
334,Puebla,22,Female,mar 20,7,1,1984
335,Puebla,41,Female,mar 20,1,1,69
336,Leon,53,Male,mar 20,8,1,1502
337,Leon,50,Male,mar 20,7,0,1648
338,Leon,34,Female,mar 20,4,0,1084
339,Leon,41,Female,mar 20,3,1,441
340,Monterrey,37,Female,mar 20,8,1,2350
341,Monterrey,48,Male,mar 20,0,0,0
342,Monterrey,33,Female,mar 20,6,1,730
343,Leon,23,Female,mar 20,4,1,146
344,Monterrey,48,Male,mar 20,1,1,250
345,Leon,50,Male,mar 20,2,1,573
346,Monterrey,32,Female,mar 20,5,1,1145
347,Leon,38,Male,mar 20,8,1,1511
348,Leon,53,Male,mar 20,5,1,615
349,Puebla,40,Male,mar 20,2,1,332
350,Leon,48,Male,mar 20,1,1,245
351,Monterrey,38,Female,mar 20,1,1,248
352,Leon,42,Female,mar 20,1,1,59
353,Monterrey,39,Male,mar 20,2,1,206
354,Leon,41,Female,mar 20,1,1,60
355,Puebla,39,Female,mar 20,2,1,233
356,Monterrey,35,Female,mar 20,3,1,617
357,Monterrey,42,Male,mar 20,2,1,224
358,Leon,34,Male,mar 20,3,1,792
359,Monterrey,31,Female,mar 20,2,1,545
360,Monterrey,34,Female,mar 20,1,1,166
361,Leon,36,Male,mar 20,1,1,42
362,Puebla,42,Male,mar 20,3,1,255
363,Puebla,32,Male,mar 20,1,1,133
364,Monterrey,53,Male,mar 20,1,1,198
365,Leon,53,Male,mar 20,2,1,487
366,Monterrey,53,Female,mar 20,1,1,36
367,Monterrey,53,Female,mar 20,1,1,187
368,Leon,38,Female,mar 20,3,1,691
369,Leon,36,Male,mar 20,1,1,246
370,Monterrey,23,Female,mar 20,3,1,359
371,Puebla,37,Male,mar 20,2,1,326
372,Monterrey,38,Female,mar 20,3,1,143
373,Monterrey,51,Male,mar 20,3,1,858
374,Puebla,35,Female,mar 20,3,1,578
375,Puebla,31,Female,mar 20,2,1,436
376,Monterrey,24,Female,mar 20,3,1,892
377,Monterrey,55,Female,mar 20,1,1,139
378,Puebla,37,Male,mar 20,3,1,821
379,Monterrey,49,Male,mar 20,2,1,349
380,Monterrey,28,Female,mar 20,1,1,258
381,Puebla,41,Female,mar 20,3,1,653
382,Monterrey,55,Male,mar 20,3,1,604
383,Monterrey,37,Male,mar 20,3,1,251
384,Monterrey,39,Male,mar 20,1,1,48
385,Monterrey,51,Female,mar 20,2,1,41
386,Puebla,35,Female,mar 20,1,1,98
387,Puebla,54,Female,mar 20,3,1,139
388,Puebla,58,Male,mar 20,1,1,246
389,Monterrey,29,Female,mar 20,2,1,227
390,Monterrey,42,Female,mar 20,2,1,391
391,Puebla,41,Male,mar 20,3,1,494
392,Monterrey,50,Male,mar 20,1,1,35
393,Puebla,33,Female,mar 20,1,1,223
394,Monterrey,29,Female,mar 20,3,1,626
395,Monterrey,33,Female,mar 20,1,1,106
396,Monterrey,50,Male,mar 20,1,1,102
397,Puebla,31,Female,mar 20,1,1,253
398,Puebla,54,Female,mar 20,3,1,586
399,Monterrey,50,Male,mar 20,2,1,56
400,Monterrey,48,Male,mar 20,1,1,89
401,Puebla,55,Male,mar 20,2,1,112
402,Monterrey,35,Female,mar 20,1,1,129
403,Puebla,40,Male,mar 20,2,1,37
404,Puebla,24,Female,mar 20,3,1,217
405,Puebla,35,Female,mar 20,2,1,392
406,Monterrey,35,Female,mar 20,2,1,313
407,Monterrey,48,Male,mar 20,1,0,46
408,Puebla,56,Male,mar 20,1,1,256
409,Monterrey,42,Male,mar 20,1,1,277
410,Monterrey,35,Female,mar 20,3,1,123
411,Puebla,53,Female,mar 20,3,1,313
412,Puebla,58,Female,mar 20,3,1,226
413,Puebla,26,Female,mar 20,1,1,281
414,Puebla,42,Male,mar 20,2,1,97
415,Monterrey,31,Female,mar 20,2,1,89
416,Puebla,46,Male,mar 20,2,1,470
417,Monterrey,44,Male,mar 20,1,1,298
418,Puebla,42,Female,mar 20,3,1,163
419,Puebla,40,Male,mar 20,2,1,360
420,Monterrey,50,Male,mar 20,1,1,100
421,Puebla,25,Female,mar 20,2,1,259
422,Monterrey,40,Female,mar 20,2,1,401
423,Monterrey,43,Male,mar 20,3,1,643
424,Monterrey,39,Male,mar 20,2,1,509
425,Monterrey,29,Female,mar 20,1,1,245
426,Monterrey,35,Female,mar 20,1,1,249
427,Monterrey,52,Male,mar 20,1,1,32
428,Puebla,26,Female,mar 20,3,1,778
429,Puebla,37,Male,mar 20,3,0,786
430,Monterrey,33,Female,mar 20,3,1,561
431,Monterrey,32,Male,mar 20,1,1,293
432,Puebla,35,Female,mar 20,3,1,333
433,Monterrey,37,Female,mar 20,2,1,305
434,Monterrey,35,Male,mar 20,1,1,130
435,Monterrey,34,Male,mar 20,2,1,550
436,Puebla,40,Male,mar 20,3,1,331
437,Puebla,43,Male,mar 20,2,1,39
438,Puebla,30,Female,mar 20,3,1,82
439,Puebla,34,Male,mar 20,1,1,165
440,Monterrey,28,Female,mar 20,3,1,411
441,Puebla,33,Female,mar 20,1,0,300
442,Puebla,36,Female,mar 20,3,1,889
443,Puebla,36,Female,mar 20,1,1,74
444,Monterrey,37,Male,mar 20,3,1,742
445,Monterrey,55,Male,mar 20,2,0,249
446,Puebla,30,Female,mar 20,1,0,176
447,Puebla,46,Male,mar 20,2,1,430
448,Monterrey,34,Male,mar 20,2,1,47
449,Puebla,32,Male,mar 20,3,1,159
450,Puebla,39,Female,mar 20,3,1,861
451,Monterrey,37,Female,mar 20,4,1,1024
452,Puebla,50,Male,mar 20,7,1,1785
453,Monterrey,28,Female,mar 20,7,1,219
454,Monterrey,39,Female,mar 20,7,1,1006
455,Puebla,50,Female,mar 20,6,0,242
456,Monterrey,47,Male,mar 20,7,1,1778
457,Puebla,50,Male,mar 20,4,1,880
458,Puebla,25,Female,mar 20,5,1,721
459,Monterrey,26,Female,mar 20,5,0,1413
460,Puebla,51,Male,mar 20,7,1,1341
461,Monterrey,27,Male,mar 20,6,1,760
462,Puebla,31,Female,mar 20,7,1,1425
463,Monterrey,53,Male,mar 20,5,1,287
464,Puebla,30,Female,mar 20,6,1,1605
465,Puebla,34,Female,mar 20,7,1,506
466,Monterrey,42,Female,mar 20,5,1,956
467,Puebla,28,Female,mar 20,7,1,1744
468,Puebla,39,Male,mar 20,7,1,1822
469,Puebla,29,Male,mar 20,4,1,832
470,Puebla,47,Male,mar 20,7,1,2091
471,Monterrey,40,Female,mar 20,7,1,1816
472,Monterrey,57,Male,mar 20,7,1,1617
473,Monterrey,36,Female,mar 20,6,1,425
474,Monterrey,50,Female,mar 20,4,1,730
475,Puebla,28,Female,mar 20,6,1,1539
476,Puebla,25,Female,mar 20,5,1,850
477,Monterrey,52,Female,mar 20,4,1,1091
478,Puebla,34,Female,mar 20,6,1,568
479,Monterrey,41,Female,mar 20,2,1,366
480,Puebla,49,Female,mar 20,1,0,292
481,Puebla,34,Female,mar 20,4,1,564
482,Puebla,33,Female,mar 20,3,1,203
483,Monterrey,42,Female,mar 20,3,1,321
484,Monterrey,38,Female,mar 20,4,1,983
485,Monterrey,36,Male,mar 20,0,0,0
486,Puebla,34,Male,mar 20,0,0,0
487,Monterrey,36,Male,mar 20,2,1,426
488,Puebla,52,Male,mar 20,3,1,547
489,Monterrey,43,Male,mar 20,0,0,0
490,Puebla,27,Female,mar 20,4,1,869
491,Monterrey,48,Male,mar 20,4,1,762
492,Monterrey,27,Female,mar 20,2,1,94
493,Monterrey,44,Male,mar 20,3,1,848
494,Puebla,49,Male,mar 20,3,1,648
495,Monterrey,43,Male,mar 20,0,0,0
496,Monterrey,40,Female,mar 20,1,1,93
497,Monterrey,37,Male,mar 20,4,1,66
498,Puebla,50,Male,mar 20,2,1,336
499,Monterrey,39,Male,mar 20,4,1,214
500,Puebla,42,Male,mar 20,4,1,244
1,Guadalajara,33,Male,Apr 20,3,1,580
2,Guadalajara,23,Female,Apr 20,4,1,214
3,Monterrey,23,Female,Apr 20,4,1,461
4,Leon,24,Female,Apr 20,1,1,79
5,Puebla,46,Male,Apr 20,1,1,203
6,Guadalajara,35,Female,Apr 20,3,0,808
7,Guadalajara,36,Male,Apr 20,1,1,296
8,Guadalajara,63,Female,Apr 20,3,1,779
9,Puebla,53,Male,Apr 20,2,1,65
10,Guadalajara,41,Male,Apr 20,0,0,0
11,Leon,47,Male,Apr 20,0,0,0
12,Puebla,63,Female,Apr 20,0,0,0
13,Leon,43,Male,Apr 20,4,1,132
14,Puebla,38,Male,Apr 20,0,0,0
15,Guadalajara,43,Male,Apr 20,1,1,99
16,Guadalajara,53,Male,Apr 20,3,1,600
17,Monterrey,24,Female,Apr 20,1,1,286
18,Guadalajara,43,Male,Apr 20,0,0,0
19,Leon,47,Male,Apr 20,0,0,0
20,Guadalajara,42,Male,Apr 20,2,1,447
21,Monterrey,31,Female,Apr 20,4,1,782
22,Guadalajara,38,Male,Apr 20,4,1,996
23,Leon,35,Female,Apr 20,4,1,429
24,Guadalajara,64,Female,Apr 20,4,0,187
25,Leon,42,Male,Apr 20,2,1,141
26,Puebla,28,Female,Apr 20,4,1,145
27,Leon,35,Female,Apr 20,3,1,855
28,Monterrey,61,Female,Apr 20,1,1,97
29,Monterrey,39,Male,Apr 20,4,1,670
30,Guadalajara,32,Female,Apr 20,2,1,228
31,Guadalajara,40,Female,Apr 20,1,1,273
32,Guadalajara,42,Female,Apr 20,3,1,629
33,Guadalajara,49,Male,Apr 20,3,1,290
34,Leon,29,Female,Apr 20,3,1,548
35,Leon,38,Female,Apr 20,2,1,83
36,Monterrey,31,Female,Apr 20,3,1,818
37,Leon,62,Female,Apr 20,4,1,710
38,Monterrey,47,Male,Apr 20,1,1,217
39,Guadalajara,25,Male,Apr 20,4,1,701
40,Guadalajara,40,Male,Apr 20,3,0,369
41,Monterrey,27,Female,Apr 20,0,0,0
42,Leon,46,Male,Apr 20,2,1,133
43,Puebla,37,Female,Apr 20,2,1,55
44,Monterrey,41,Male,Apr 20,4,1,171
45,Monterrey,61,Female,Apr 20,2,1,442
46,Puebla,40,Female,Apr 20,3,1,697
47,Guadalajara,40,Male,Apr 20,2,1,246
48,Guadalajara,62,Female,Apr 20,3,1,302
49,Puebla,25,Female,Apr 20,4,1,925
50,Monterrey,49,Male,Apr 20,1,1,58
51,Leon,25,Female,Apr 20,0,0,0
52,Monterrey,28,Female,Apr 20,0,0,0
53,Guadalajara,25,Female,Apr 20,1,1,299
54,Guadalajara,33,Female,Apr 20,2,1,430
55,Leon,32,Male,Apr 20,0,0,0
56,Puebla,55,Male,Apr 20,2,1,255
57,Guadalajara,36,Female,Apr 20,1,1,228
58,Leon,42,Male,Apr 20,1,1,179
59,Monterrey,37,Male,Apr 20,1,1,37
60,Puebla,35,Male,Apr 20,4,1,290
61,Monterrey,36,Female,Apr 20,4,1,214
62,Leon,25,Female,Apr 20,1,0,36
63,Guadalajara,41,Male,Apr 20,4,1,643
64,Puebla,34,Female,Apr 20,2,1,197
65,Leon,65,Female,Apr 20,1,1,160
66,Leon,35,Male,Apr 20,3,1,214
67,Guadalajara,65,Female,Apr 20,3,1,622
68,Monterrey,34,Male,Apr 20,1,0,238
69,Monterrey,32,Male,Apr 20,1,1,230
70,Leon,25,Female,Apr 20,1,1,58
71,Leon,65,Female,Apr 20,2,1,557
72,Guadalajara,40,Male,Apr 20,3,1,685
73,Puebla,28,Female,Apr 20,3,1,106
74,Monterrey,29,Female,Apr 20,2,1,367
75,Monterrey,39,Male,Apr 20,1,1,74
76,Leon,39,Female,Apr 20,0,0,0
77,Guadalajara,37,Female,Apr 20,2,1,382
78,Monterrey,38,Male,Apr 20,1,1,83
79,Leon,37,Male,Apr 20,2,1,102
80,Puebla,39,Female,Apr 20,4,0,933
81,Puebla,20,Male,Apr 20,2,1,442
82,Monterrey,54,Male,Apr 20,1,1,218
83,Puebla,41,Male,Apr 20,0,0,0
84,Puebla,65,Female,Apr 20,0,0,0
85,Puebla,36,Male,Apr 20,2,1,222
86,Puebla,26,Female,Apr 20,0,0,0
87,Puebla,48,Male,Apr 20,4,1,388
88,Guadalajara,36,Female,Apr 20,1,1,241
89,Leon,64,Female,Apr 20,1,1,227
90,Puebla,50,Male,Apr 20,0,0,0
91,Leon,37,Female,Apr 20,3,1,790
92,Monterrey,29,Female,Apr 20,4,1,1069
93,Puebla,25,Female,Apr 20,3,1,692
94,Guadalajara,65,Female,Apr 20,4,1,683
95,Monterrey,36,Female,Apr 20,4,1,1081
96,Leon,33,Male,Apr 20,4,1,821
97,Monterrey,32,Male,Apr 20,3,1,111
98,Leon,26,Female,Apr 20,2,1,532
99,Leon,32,Male,Apr 20,4,1,327
100,Guadalajara,23,Female,Apr 20,3,1,626
101,Monterrey,23,Female,Apr 20,3,1,801
102,Leon,53,Male,Apr 20,2,1,404
103,Leon,39,Male,Apr 20,2,1,538
104,Puebla,26,Female,Apr 20,1,1,37
105,Monterrey,45,Male,Apr 20,2,1,125
106,Guadalajara,38,Male,Apr 20,0,0,0
107,Puebla,40,Male,Apr 20,2,1,90
108,Puebla,54,Female,Apr 20,1,1,178
109,Leon,50,Male,Apr 20,2,0,338
110,Leon,47,Male,Apr 20,4,1,813
111,Guadalajara,46,Female,Apr 20,0,0,0
112,Monterrey,41,Female,Apr 20,2,0,292
113,Monterrey,33,Female,Apr 20,3,1,891
114,Monterrey,37,Male,Apr 20,4,1,580
115,Puebla,24,Female,Apr 20,4,1,768
116,Guadalajara,37,Male,Apr 20,2,1,341
117,Guadalajara,49,Male,Apr 20,4,1,63
118,Guadalajara,41,Male,Apr 20,1,1,57
119,Leon,20,Female,Apr 20,0,0,0
120,Guadalajara,39,Female,Apr 20,3,0,422
121,Monterrey,42,Female,Apr 20,0,0,0
122,Leon,20,Female,Apr 20,4,1,874
123,Monterrey,38,Male,Apr 20,1,1,238
124,Leon,41,Female,Apr 20,0,0,0
125,Puebla,40,Male,Apr 20,1,1,142
126,Guadalajara,52,Male,Apr 20,0,0,0
127,Monterrey,32,Male,Apr 20,3,1,456
128,Leon,34,Male,Apr 20,3,1,503
129,Monterrey,32,Male,Apr 20,0,0,0
130,Leon,38,Male,Apr 20,1,0,106
131,Monterrey,38,Male,Apr 20,3,1,282
132,Puebla,44,Male,Apr 20,4,1,1143
133,Leon,29,Male,Apr 20,4,1,1002
134,Guadalajara,49,Male,Apr 20,3,1,635
135,Puebla,48,Male,Apr 20,4,1,657
136,Puebla,48,Male,Apr 20,3,0,647
137,Guadalajara,33,Male,Apr 20,5,1,693
138,Puebla,38,Male,Apr 20,4,1,108
139,Monterrey,36,Male,Apr 20,5,1,1170
140,Puebla,37,Male,Apr 20,6,0,1471
141,Puebla,48,Male,Apr 20,6,1,360
142,Guadalajara,36,Male,Apr 20,4,1,354
143,Puebla,48,Male,Apr 20,5,1,528
144,Guadalajara,34,Male,Apr 20,4,1,1027
145,Leon,32,Male,Apr 20,6,1,1589
146,Leon,39,Male,Apr 20,6,1,421
147,Monterrey,51,Male,Apr 20,4,1,84
148,Leon,52,Male,Apr 20,3,1,56
149,Monterrey,32,Male,Apr 20,3,1,636
150,Puebla,54,Male,Apr 20,3,1,338
151,Monterrey,38,Male,Apr 20,6,1,961
152,Puebla,38,Female,Apr 20,6,1,825
153,Monterrey,31,Female,Apr 20,4,1,433
154,Guadalajara,33,Female,Apr 20,6,1,870
155,Puebla,21,Female,Apr 20,6,1,1375
156,Monterrey,31,Female,Apr 20,5,1,193
157,Guadalajara,38,Female,Apr 20,6,1,1530
158,Leon,21,Female,Apr 20,4,1,765
159,Monterrey,30,Female,Apr 20,2,1,228
160,Puebla,40,Female,Apr 20,5,1,1008
161,Guadalajara,42,Female,Apr 20,6,1,904
162,Puebla,31,Female,Apr 20,6,1,121
163,Monterrey,36,Female,Apr 20,5,1,403
164,Guadalajara,35,Male,Apr 20,4,1,1133
165,Guadalajara,39,Male,Apr 20,4,0,377
166,Guadalajara,42,Male,Apr 20,2,1,110
167,Leon,35,Female,Apr 20,3,1,162
168,Puebla,27,Female,Apr 20,6,1,1052
169,Monterrey,27,Female,Apr 20,4,1,142
170,Leon,24,Female,Apr 20,3,1,526
171,Monterrey,38,Male,Apr 20,2,1,44
172,Monterrey,45,Male,Apr 20,4,0,201
173,Leon,20,Female,Apr 20,4,1,1078
174,Puebla,40,Male,Apr 20,2,0,207
175,Puebla,29,Female,Apr 20,3,1,573
176,Guadalajara,29,Female,Apr 20,3,1,412
177,Leon,39,Male,Apr 20,5,1,1425
178,Leon,37,Female,Apr 20,5,1,86
179,Monterrey,49,Male,Apr 20,5,1,1485
180,Puebla,51,Male,Apr 20,2,1,114
181,Leon,53,Male,Apr 20,4,1,71
182,Leon,30,Female,Apr 20,4,1,119
183,Leon,48,Male,Apr 20,4,1,796
184,Monterrey,43,Male,Apr 20,4,1,1111
185,Guadalajara,35,Female,Apr 20,3,1,516
186,Guadalajara,25,Male,Apr 20,3,1,900
187,Puebla,40,Female,Apr 20,3,1,579
188,Puebla,53,Male,Apr 20,5,1,1168
189,Guadalajara,41,Female,Apr 20,6,1,881
190,Monterrey,52,Male,Apr 20,2,1,518
191,Guadalajara,44,Female,Apr 20,4,1,731
192,Guadalajara,40,Male,Apr 20,2,1,99
193,Leon,36,Female,Apr 20,3,1,194
194,Leon,33,Male,Apr 20,4,1,779
195,Puebla,47,Male,Apr 20,5,1,618
196,Puebla,21,Female,Apr 20,5,1,144
197,Leon,32,Male,Apr 20,5,1,1493
198,Puebla,26,Female,Apr 20,5,1,1282
199,Leon,34,Female,Apr 20,2,1,343
200,Guadalajara,42,Female,Apr 20,6,0,1323
201,Leon,20,Female,Apr 20,4,1,714
202,Guadalajara,41,Female,Apr 20,5,1,1026
203,Monterrey,48,Male,Apr 20,2,1,221
204,Puebla,43,Male,Apr 20,3,1,655
205,Leon,39,Male,Apr 20,3,1,139
206,Monterrey,50,Female,Apr 20,5,1,1114
207,Puebla,35,Male,Apr 20,3,0,895
208,Monterrey,26,Female,Apr 20,5,1,986
209,Guadalajara,46,Male,Apr 20,4,0,436
210,Puebla,23,Male,Apr 20,5,1,702
211,Guadalajara,47,Male,Apr 20,3,1,384
212,Puebla,20,Female,Apr 20,2,1,537
213,Leon,33,Male,Apr 20,2,1,38
214,Guadalajara,23,Female,Apr 20,4,1,714
215,Puebla,26,Female,Apr 20,5,1,827
216,Guadalajara,39,Female,Apr 20,6,1,536
217,Puebla,37,Female,Apr 20,2,1,445
218,Guadalajara,24,Female,Apr 20,6,1,821
219,Guadalajara,33,Female,Apr 20,4,1,246
220,Leon,34,Female,Apr 20,5,0,89
221,Puebla,29,Male,Apr 20,4,1,68
222,Monterrey,37,Male,Apr 20,2,1,318
223,Monterrey,23,Female,Apr 20,6,1,1708
224,Leon,35,Male,Apr 20,2,1,297
225,Monterrey,54,Male,Apr 20,4,1,816
226,Monterrey,46,Male,Apr 20,5,1,465
227,Leon,35,Male,Apr 20,6,1,874
228,Leon,20,Female,Apr 20,3,1,161
229,Monterrey,30,Male,Apr 20,6,1,1326
230,Puebla,52,Male,Apr 20,4,1,787
231,Puebla,24,Female,Apr 20,3,1,625
232,Leon,30,Female,Apr 20,6,1,565
233,Leon,23,Female,Apr 20,6,1,1443
234,Monterrey,30,Female,Apr 20,2,1,534
235,Monterrey,51,Male,Apr 20,2,1,497
236,Guadalajara,43,Female,Apr 20,2,1,503
237,Monterrey,42,Male,Apr 20,4,1,643
238,Guadalajara,46,Male,Apr 20,3,0,543
239,Monterrey,49,Male,Apr 20,3,1,218
240,Leon,40,Female,Apr 20,5,1,284
241,Monterrey,33,Female,Apr 20,2,1,122
242,Guadalajara,36,Male,Apr 20,2,1,275
243,Guadalajara,47,Female,Apr 20,6,1,1718
244,Monterrey,46,Male,Apr 20,6,1,1447
245,Guadalajara,33,Male,Apr 20,2,1,227
246,Puebla,41,Male,Apr 20,2,1,552
247,Puebla,26,Male,Apr 20,5,1,238
248,Guadalajara,32,Male,Apr 20,3,1,448
249,Guadalajara,50,Male,Apr 20,5,1,367
250,Puebla,54,Male,Apr 20,6,1,790
251,Puebla,42,Male,Apr 20,2,1,345
252,Leon,55,Male,Apr 20,4,1,931
253,Monterrey,33,Male,Apr 20,2,0,228
254,Monterrey,32,Male,Apr 20,3,1,732
255,Puebla,51,Male,Apr 20,1,1,108
256,Guadalajara,26,Female,Apr 20,3,1,894
257,Leon,43,Male,Apr 20,0,0,0
258,Monterrey,33,Male,Apr 20,0,0,0
259,Leon,43,Male,Apr 20,3,1,842
260,Puebla,36,Male,Apr 20,1,1,224
261,Puebla,46,Male,Apr 20,0,0,0
262,Guadalajara,40,Female,Apr 20,2,1,200
263,Guadalajara,26,Female,Apr 20,1,1,41
264,Leon,39,Female,Apr 20,2,1,410
265,Guadalajara,49,Male,Apr 20,3,1,873
266,Leon,39,Female,Apr 20,3,1,805
267,Monterrey,43,Male,Apr 20,3,1,273
268,Leon,25,Female,Apr 20,2,1,322
269,Guadalajara,35,Female,Apr 20,3,1,162
270,Leon,34,Female,Apr 20,2,1,500
271,Monterrey,25,Female,Apr 20,1,1,176
272,Leon,42,Male,Apr 20,3,1,92
273,Leon,34,Female,Apr 20,2,1,582
274,Guadalajara,33,Female,Apr 20,2,1,311
275,Puebla,26,Male,Apr 20,1,1,297
276,Monterrey,48,Male,Apr 20,2,1,171
277,Puebla,34,Female,Apr 20,0,0,0
278,Leon,20,Female,Apr 20,3,1,539
279,Leon,41,Male,Apr 20,3,1,222
280,Leon,42,Female,Apr 20,1,1,275
281,Leon,33,Female,Apr 20,2,1,351
282,Guadalajara,47,Male,Apr 20,0,0,0
283,Guadalajara,29,Female,Apr 20,1,1,17
284,Guadalajara,25,Female,Apr 20,2,1,270
285,Guadalajara,30,Male,Apr 20,3,1,399
286,Puebla,43,Male,Apr 20,2,1,253
287,Guadalajara,33,Male,Apr 20,1,1,209
288,Puebla,36,Male,Apr 20,2,1,33
289,Guadalajara,27,Female,Apr 20,3,1,237
290,Guadalajara,54,Male,Apr 20,1,1,239
291,Guadalajara,33,Male,Apr 20,3,1,562
292,Puebla,22,Female,Apr 20,2,1,37
293,Monterrey,48,Male,Apr 20,1,1,20
294,Monterrey,46,Male,Apr 20,2,1,380
295,Guadalajara,44,Male,Apr 20,1,0,184
296,Leon,27,Male,Apr 20,0,0,0
297,Leon,20,Female,Apr 20,1,1,141
298,Leon,35,Female,Apr 20,0,0,0
299,Leon,25,Female,Apr 20,0,0,0
300,Guadalajara,52,Male,Apr 20,2,0,131
301,Guadalajara,50,Male,Apr 20,0,0,0
302,Guadalajara,40,Male,Apr 20,0,0,0
303,Puebla,33,Female,Apr 20,3,1,256
304,Monterrey,44,Male,Apr 20,2,0,261
305,Guadalajara,28,Female,Apr 20,1,1,246
306,Leon,44,Male,Apr 20,3,1,760
307,Puebla,20,Female,Apr 20,2,1,246
308,Monterrey,38,Male,Apr 20,1,1,144
309,Puebla,20,Female,Apr 20,0,0,0
310,Monterrey,33,Male,Apr 20,3,1,365
311,Leon,29,Male,Apr 20,0,0,0
312,Puebla,39,Male,Apr 20,3,1,876
313,Monterrey,48,Male,Apr 20,0,0,0
314,Puebla,20,Female,Apr 20,1,1,155
315,Guadalajara,25,Male,Apr 20,2,0,126
316,Leon,34,Male,Apr 20,3,1,454
317,Monterrey,25,Female,Apr 20,3,1,404
318,Guadalajara,53,Male,Apr 20,3,1,469
319,Leon,29,Male,Apr 20,1,1,233
320,Monterrey,36,Female,Apr 20,2,1,204
321,Guadalajara,37,Female,Apr 20,0,0,0
322,Leon,41,Female,Apr 20,2,1,332
323,Puebla,34,Male,Apr 20,2,1,508
324,Guadalajara,23,Female,Apr 20,2,1,93
325,Guadalajara,39,Male,Apr 20,0,0,0
326,Monterrey,38,Female,Apr 20,2,1,188
327,Leon,53,Male,Apr 20,1,1,29
328,Leon,36,Male,Apr 20,2,1,399
329,Leon,21,Female,Apr 20,1,1,176
330,Leon,22,Female,Apr 20,3,1,91
331,Monterrey,45,Male,Apr 20,3,1,647
332,Puebla,36,Male,Apr 20,3,1,181
333,Leon,38,Female,Apr 20,1,1,151
334,Puebla,22,Female,Apr 20,3,1,553
335,Puebla,41,Female,Apr 20,3,1,821
336,Leon,53,Male,Apr 20,1,1,169
337,Leon,50,Male,Apr 20,2,0,513
338,Leon,34,Female,Apr 20,2,1,284
339,Leon,41,Female,Apr 20,0,0,0
340,Monterrey,37,Female,Apr 20,1,1,238
341,Monterrey,48,Male,Apr 20,2,1,498
342,Monterrey,33,Female,Apr 20,3,1,735
343,Leon,23,Female,Apr 20,1,1,77
344,Monterrey,48,Male,Apr 20,1,1,226
345,Leon,50,Male,Apr 20,2,1,337
346,Monterrey,32,Female,Apr 20,1,1,19
347,Leon,38,Male,Apr 20,2,1,587
348,Leon,53,Male,Apr 20,1,1,37
349,Puebla,40,Male,Apr 20,2,1,552
350,Leon,48,Male,Apr 20,1,1,266
351,Monterrey,38,Female,Apr 20,0,0,0
352,Leon,42,Female,Apr 20,2,0,575
353,Monterrey,39,Male,Apr 20,3,1,209
354,Leon,41,Female,Apr 20,0,0,0
355,Puebla,39,Female,Apr 20,0,0,0
356,Monterrey,35,Female,Apr 20,1,1,107
357,Monterrey,42,Male,Apr 20,2,0,117
358,Leon,34,Male,Apr 20,2,1,535
359,Monterrey,31,Female,Apr 20,0,0,0
360,Monterrey,34,Female,Apr 20,2,1,600
361,Leon,36,Male,Apr 20,1,1,152
362,Puebla,42,Male,Apr 20,0,0,0
363,Puebla,32,Male,Apr 20,1,1,263
364,Monterrey,53,Male,Apr 20,2,1,363
365,Leon,53,Male,Apr 20,2,1,569
366,Monterrey,53,Female,Apr 20,0,0,0
367,Monterrey,53,Female,Apr 20,3,1,575
368,Leon,38,Female,Apr 20,1,1,191
369,Leon,36,Male,Apr 20,2,1,112
370,Monterrey,23,Female,Apr 20,2,1,87
371,Puebla,37,Male,Apr 20,1,1,207
372,Monterrey,38,Female,Apr 20,0,0,0
373,Monterrey,51,Male,Apr 20,3,1,220
374,Puebla,35,Female,Apr 20,3,1,715
375,Puebla,31,Female,Apr 20,1,1,280
376,Monterrey,24,Female,Apr 20,3,1,858
377,Monterrey,55,Female,Apr 20,1,1,171
378,Puebla,37,Male,Apr 20,1,1,45
379,Monterrey,49,Male,Apr 20,2,1,551
380,Monterrey,28,Female,Apr 20,0,0,0
381,Puebla,41,Female,Apr 20,1,1,49
382,Monterrey,55,Male,Apr 20,3,1,111
383,Monterrey,37,Male,Apr 20,2,1,474
384,Monterrey,39,Male,Apr 20,1,1,21
385,Monterrey,51,Female,Apr 20,1,1,62
386,Puebla,35,Female,Apr 20,1,1,210
387,Puebla,54,Female,Apr 20,1,0,91
388,Puebla,58,Male,Apr 20,0,0,0
389,Monterrey,29,Female,Apr 20,2,0,291
390,Monterrey,42,Female,Apr 20,2,1,167
391,Puebla,41,Male,Apr 20,0,0,0
392,Monterrey,50,Male,Apr 20,0,0,0
393,Puebla,33,Female,Apr 20,1,1,255
394,Monterrey,29,Female,Apr 20,1,1,115
395,Monterrey,33,Female,Apr 20,2,1,515
396,Monterrey,50,Male,Apr 20,1,1,185
397,Puebla,31,Female,Apr 20,2,1,430
398,Puebla,54,Female,Apr 20,0,0,0
399,Monterrey,50,Male,Apr 20,1,1,283
400,Monterrey,48,Male,Apr 20,3,1,264
401,Puebla,55,Male,Apr 20,3,0,274
402,Monterrey,35,Female,Apr 20,4,1,289
403,Puebla,40,Male,Apr 20,3,1,578
404,Puebla,24,Female,Apr 20,4,1,581
405,Puebla,35,Female,Apr 20,3,0,127
406,Monterrey,35,Female,Apr 20,2,1,593
407,Monterrey,48,Male,Apr 20,4,1,1071
408,Puebla,56,Male,Apr 20,2,1,50
409,Monterrey,42,Male,Apr 20,2,1,34
410,Monterrey,35,Female,Apr 20,3,0,718
411,Puebla,53,Female,Apr 20,2,1,111
412,Puebla,58,Female,Apr 20,2,1,33
413,Puebla,26,Female,Apr 20,4,1,724
414,Puebla,42,Male,Apr 20,3,1,724
415,Monterrey,31,Female,Apr 20,4,1,803
416,Puebla,46,Male,Apr 20,4,1,294
417,Monterrey,44,Male,Apr 20,2,1,273
418,Puebla,42,Female,Apr 20,4,1,722
419,Puebla,40,Male,Apr 20,2,1,56
420,Monterrey,50,Male,Apr 20,2,1,337
421,Puebla,25,Female,Apr 20,3,1,306
422,Monterrey,40,Female,Apr 20,3,1,535
423,Monterrey,43,Male,Apr 20,3,1,256
424,Monterrey,39,Male,Apr 20,4,1,76
425,Monterrey,29,Female,Apr 20,3,1,718
426,Monterrey,35,Female,Apr 20,2,1,469
427,Monterrey,52,Male,Apr 20,2,1,554
428,Puebla,26,Female,Apr 20,4,1,657
429,Puebla,37,Male,Apr 20,4,1,759
430,Monterrey,33,Female,Apr 20,2,1,240
431,Monterrey,32,Male,Apr 20,4,1,639
432,Puebla,35,Female,Apr 20,4,0,536
433,Monterrey,37,Female,Apr 20,4,1,723
434,Monterrey,35,Male,Apr 20,2,1,85
435,Monterrey,34,Male,Apr 20,2,1,419
436,Puebla,40,Male,Apr 20,3,1,415
437,Puebla,43,Male,Apr 20,4,1,172
438,Puebla,30,Female,Apr 20,2,1,249
439,Puebla,34,Male,Apr 20,4,1,1083
440,Monterrey,28,Female,Apr 20,3,1,605
441,Puebla,33,Female,Apr 20,4,0,597
442,Puebla,36,Female,Apr 20,3,1,662
443,Puebla,36,Female,Apr 20,2,1,584
444,Monterrey,37,Male,Apr 20,4,1,439
445,Monterrey,55,Male,Apr 20,3,1,276
446,Puebla,30,Female,Apr 20,6,1,1084
447,Puebla,46,Male,Apr 20,5,1,1305
448,Monterrey,34,Male,Apr 20,3,1,53
449,Puebla,32,Male,Apr 20,4,1,739
450,Puebla,39,Female,Apr 20,7,1,164
451,Monterrey,37,Female,Apr 20,4,1,307
452,Puebla,50,Male,Apr 20,7,1,1088
453,Monterrey,28,Female,Apr 20,3,1,495
454,Monterrey,39,Female,Apr 20,7,1,284
455,Puebla,50,Female,Apr 20,3,1,820
456,Monterrey,47,Male,Apr 20,6,1,1119
457,Puebla,50,Male,Apr 20,5,1,811
458,Puebla,25,Female,Apr 20,6,1,1805
459,Monterrey,26,Female,Apr 20,3,1,797
460,Puebla,51,Male,Apr 20,6,1,1482
461,Monterrey,27,Male,Apr 20,5,1,467
462,Puebla,31,Female,Apr 20,7,1,1147
463,Monterrey,53,Male,Apr 20,7,1,606
464,Puebla,30,Female,Apr 20,3,1,62
465,Puebla,34,Female,Apr 20,6,1,571
466,Monterrey,42,Female,Apr 20,5,1,1283
467,Puebla,28,Female,Apr 20,6,1,172
468,Puebla,39,Male,Apr 20,5,1,1291
469,Puebla,29,Male,Apr 20,6,1,668
470,Puebla,47,Male,Apr 20,3,1,615
471,Monterrey,40,Female,Apr 20,4,1,1128
472,Monterrey,57,Male,Apr 20,3,1,115
473,Monterrey,36,Female,Apr 20,5,1,1326
474,Monterrey,50,Female,Apr 20,6,1,692
475,Puebla,28,Female,Apr 20,5,1,1373
476,Puebla,25,Female,Apr 20,5,1,1197
477,Monterrey,52,Female,Apr 20,5,1,1434
478,Puebla,34,Female,Apr 20,6,1,1191
479,Monterrey,41,Female,Apr 20,4,0,906
480,Puebla,49,Female,Apr 20,6,1,431
481,Puebla,34,Female,Apr 20,3,1,185
482,Puebla,33,Female,Apr 20,4,1,1076
483,Monterrey,42,Female,Apr 20,5,1,190
484,Monterrey,38,Female,Apr 20,3,1,160
485,Monterrey,36,Male,Apr 20,4,1,487
486,Puebla,34,Male,Apr 20,6,0,332
487,Monterrey,36,Male,Apr 20,4,1,744
488,Puebla,52,Male,Apr 20,7,1,847
489,Monterrey,43,Male,Apr 20,6,1,1235
490,Puebla,27,Female,Apr 20,7,1,2081
491,Monterrey,48,Male,Apr 20,6,1,2187
492,Monterrey,27,Female,Apr 20,6,1,2030
493,Monterrey,44,Male,Apr 20,7,1,2362
494,Puebla,49,Male,Apr 20,3,1,1053
495,Monterrey,43,Male,Apr 20,4,1,1236
496,Monterrey,40,Female,Apr 20,6,1,1731
497,Monterrey,37,Male,Apr 20,7,1,2712
498,Puebla,50,Male,Apr 20,3,0,625
499,Monterrey,39,Male,Apr 20,4,0,1488
500,Puebla,42,Male,Apr 20,4,1,1650
1,Guadalajara,33,Male,Jan 21,6,1,2577
2,Guadalajara,23,Female,Jan 21,4,1,1533
3,Monterrey,23,Female,Jan 21,5,1,1132
4,Leon,24,Female,Jan 21,7,1,2705
5,Puebla,46,Male,Jan 21,3,1,1068
6,Guadalajara,35,Female,Jan 21,5,1,1757
7,Guadalajara,36,Male,Jan 21,6,1,1829
8,Guadalajara,63,Female,Jan 21,4,1,1664
9,Puebla,53,Male,Jan 21,3,1,1032
10,Guadalajara,41,Male,Jan 21,5,1,1911
11,Leon,47,Male,Jan 21,6,1,1445
12,Puebla,63,Female,Jan 21,6,1,1763
13,Leon,43,Male,Jan 21,7,1,2336
14,Puebla,38,Male,Jan 21,7,1,1785
15,Guadalajara,43,Male,Jan 21,4,1,1205
16,Guadalajara,53,Male,Jan 21,3,1,790
17,Monterrey,24,Female,Jan 21,5,1,2028
18,Guadalajara,43,Male,Jan 21,6,1,2219
19,Leon,47,Male,Jan 21,7,1,1776
20,Guadalajara,42,Male,Jan 21,4,1,1085
21,Monterrey,31,Female,Jan 21,7,1,2739
22,Guadalajara,38,Male,Jan 21,7,1,2613
23,Leon,35,Female,Jan 21,7,1,3010
24,Guadalajara,64,Female,Jan 21,5,0,1150
25,Leon,42,Male,Jan 21,3,1,1087
26,Puebla,28,Female,Jan 21,3,1,859
27,Leon,35,Female,Jan 21,5,1,1737
28,Monterrey,61,Female,Jan 21,5,1,1934
29,Monterrey,39,Male,Jan 21,5,1,1670
30,Guadalajara,32,Female,Jan 21,3,1,981
31,Guadalajara,40,Female,Jan 21,4,1,1366
32,Guadalajara,42,Female,Jan 21,5,1,1473
33,Guadalajara,49,Male,Jan 21,4,1,910
34,Leon,29,Female,Jan 21,6,1,1546
35,Leon,38,Female,Jan 21,7,1,2906
36,Monterrey,31,Female,Jan 21,6,1,2183
37,Leon,62,Female,Jan 21,5,1,1716
38,Monterrey,47,Male,Jan 21,4,1,1266
39,Guadalajara,25,Male,Jan 21,4,1,1274
40,Guadalajara,40,Male,Jan 21,6,1,2248
41,Monterrey,27,Female,Jan 21,4,1,851
42,Leon,46,Male,Jan 21,3,1,1177
43,Puebla,37,Female,Jan 21,7,1,1450
44,Monterrey,41,Male,Jan 21,5,1,1625
45,Monterrey,61,Female,Jan 21,6,1,2584
46,Puebla,40,Female,Jan 21,5,0,1475
47,Guadalajara,40,Male,Jan 21,7,1,1950
48,Guadalajara,62,Female,Jan 21,6,1,2650
49,Puebla,25,Female,Jan 21,7,1,2058
50,Monterrey,49,Male,Jan 21,5,1,1981
51,Leon,25,Female,Jan 21,6,1,1820
52,Monterrey,28,Female,Jan 21,7,1,1704
53,Guadalajara,25,Female,Jan 21,4,1,806
54,Guadalajara,33,Female,Jan 21,4,1,1198
55,Leon,32,Male,Jan 21,5,1,2168
56,Puebla,55,Male,Jan 21,2,1,761
57,Guadalajara,36,Female,Jan 21,1,1,357
58,Leon,42,Male,Jan 21,1,1,256
59,Monterrey,37,Male,Jan 21,3,1,870
60,Puebla,35,Male,Jan 21,2,1,649
61,Monterrey,36,Female,Jan 21,2,1,651
62,Leon,25,Female,Jan 21,0,0,0
63,Guadalajara,41,Male,Jan 21,2,1,530
64,Puebla,34,Female,Jan 21,0,0,0
65,Leon,65,Female,Jan 21,2,1,795
66,Leon,35,Male,Jan 21,2,1,528
67,Guadalajara,65,Female,Jan 21,0,0,0
68,Monterrey,34,Male,Jan 21,3,1,1141
69,Monterrey,32,Male,Jan 21,0,0,0
70,Leon,25,Female,Jan 21,0,0,0
71,Leon,65,Female,Jan 21,2,1,683
72,Guadalajara,40,Male,Jan 21,2,1,612
73,Puebla,28,Female,Jan 21,0,0,0
74,Monterrey,29,Female,Jan 21,1,1,224
75,Monterrey,39,Male,Jan 21,0,0,0
76,Leon,39,Female,Jan 21,3,1,862
77,Guadalajara,37,Female,Jan 21,0,0,0
78,Monterrey,38,Male,Jan 21,2,1,672
79,Leon,37,Male,Jan 21,1,1,278
80,Puebla,39,Female,Jan 21,3,1,777
81,Puebla,20,Male,Jan 21,3,1,831
82,Monterrey,54,Male,Jan 21,2,1,815
83,Puebla,41,Male,Jan 21,2,1,565
84,Puebla,65,Female,Jan 21,2,1,436
85,Puebla,36,Male,Jan 21,2,1,651
86,Puebla,26,Female,Jan 21,0,0,0
87,Puebla,48,Male,Jan 21,3,1,1147
88,Guadalajara,36,Female,Jan 21,1,1,384
89,Leon,64,Female,Jan 21,3,1,832
90,Puebla,50,Male,Jan 21,0,0,0
91,Leon,37,Female,Jan 21,3,1,1127
92,Monterrey,29,Female,Jan 21,2,1,494
93,Puebla,25,Female,Jan 21,2,1,395
94,Guadalajara,65,Female,Jan 21,2,1,179
95,Monterrey,36,Female,Jan 21,1,1,163
96,Leon,33,Male,Jan 21,2,1,75
97,Monterrey,32,Male,Jan 21,3,1,519
98,Leon,26,Female,Jan 21,1,1,53
99,Leon,32,Male,Jan 21,2,1,374
100,Guadalajara,23,Female,Jan 21,5,1,1119
101,Monterrey,23,Female,Jan 21,6,1,454
102,Leon,53,Male,Jan 21,7,1,1479
103,Leon,39,Male,Jan 21,7,1,1994
104,Puebla,26,Female,Jan 21,5,1,296
105,Monterrey,45,Male,Jan 21,6,1,1323
106,Guadalajara,38,Male,Jan 21,5,1,524
107,Puebla,40,Male,Jan 21,7,1,2087
108,Puebla,54,Female,Jan 21,6,1,694
109,Leon,50,Male,Jan 21,4,1,343
110,Leon,47,Male,Jan 21,5,0,1126
111,Guadalajara,46,Female,Jan 21,3,1,578
112,Monterrey,41,Female,Jan 21,3,1,333
113,Monterrey,33,Female,Jan 21,3,1,851
114,Monterrey,37,Male,Jan 21,5,0,1029
115,Puebla,24,Female,Jan 21,3,0,264
116,Guadalajara,37,Male,Jan 21,6,1,1483
117,Guadalajara,49,Male,Jan 21,3,1,899
118,Guadalajara,41,Male,Jan 21,7,1,1970
119,Leon,20,Female,Jan 21,3,1,113
120,Guadalajara,39,Female,Jan 21,6,1,720
121,Monterrey,42,Female,Jan 21,6,1,1453
122,Leon,20,Female,Jan 21,4,1,717
123,Monterrey,38,Male,Jan 21,3,1,147
124,Leon,41,Female,Jan 21,3,1,395
125,Puebla,40,Male,Jan 21,6,1,1582
126,Guadalajara,52,Male,Jan 21,6,1,467
127,Monterrey,32,Male,Jan 21,5,1,882
128,Leon,34,Male,Jan 21,6,1,1153
129,Monterrey,32,Male,Jan 21,5,1,663
130,Leon,38,Male,Jan 21,3,0,573
131,Monterrey,38,Male,Jan 21,6,1,524
132,Puebla,44,Male,Jan 21,4,1,1056
133,Leon,29,Male,Jan 21,4,1,743
134,Guadalajara,49,Male,Jan 21,3,1,525
135,Puebla,48,Male,Jan 21,5,1,165
136,Puebla,48,Male,Jan 21,2,1,470
137,Guadalajara,33,Male,Jan 21,3,1,722
138,Puebla,38,Male,Jan 21,1,1,80
139,Monterrey,36,Male,Jan 21,2,1,460
140,Puebla,37,Male,Jan 21,0,0,0
141,Puebla,48,Male,Jan 21,2,1,78
142,Guadalajara,36,Male,Jan 21,2,1,110
143,Puebla,48,Male,Jan 21,0,0,0
144,Guadalajara,34,Male,Jan 21,3,1,115
145,Leon,32,Male,Jan 21,1,1,236
146,Leon,39,Male,Jan 21,2,1,320
147,Monterrey,51,Male,Jan 21,2,1,250
148,Leon,52,Male,Jan 21,3,1,792
149,Monterrey,32,Male,Jan 21,2,1,156
150,Puebla,54,Male,Jan 21,2,0,353
151,Monterrey,38,Male,Jan 21,1,1,18
152,Puebla,38,Female,Jan 21,4,1,135
153,Monterrey,31,Female,Jan 21,4,1,930
154,Guadalajara,33,Female,Jan 21,0,0,0
155,Puebla,21,Female,Jan 21,0,0,0
156,Monterrey,31,Female,Jan 21,1,1,223
157,Guadalajara,38,Female,Jan 21,2,1,567
158,Leon,21,Female,Jan 21,3,1,341
159,Monterrey,30,Female,Jan 21,3,1,182
160,Puebla,40,Female,Jan 21,2,1,121
161,Guadalajara,42,Female,Jan 21,1,1,216
162,Puebla,31,Female,Jan 21,3,1,369
163,Monterrey,36,Female,Jan 21,4,1,499
164,Guadalajara,35,Male,Jan 21,3,1,649
165,Guadalajara,39,Male,Jan 21,3,1,654
166,Guadalajara,42,Male,Jan 21,1,1,65
167,Leon,35,Female,Jan 21,0,0,0
168,Puebla,27,Female,Jan 21,4,1,683
169,Monterrey,27,Female,Jan 21,2,1,33
170,Leon,24,Female,Jan 21,4,1,490
171,Monterrey,38,Male,Jan 21,4,1,538
172,Monterrey,45,Male,Jan 21,2,1,97
173,Leon,20,Female,Jan 21,2,1,426
174,Puebla,40,Male,Jan 21,0,0,0
175,Puebla,29,Female,Jan 21,0,0,0
176,Guadalajara,29,Female,Jan 21,3,1,849
177,Leon,39,Male,Jan 21,0,0,0
178,Leon,37,Female,Jan 21,0,0,0
179,Monterrey,49,Male,Jan 21,4,0,88
180,Puebla,51,Male,Jan 21,1,1,32
181,Leon,53,Male,Jan 21,2,1,272
182,Leon,30,Female,Jan 21,2,1,410
183,Leon,48,Male,Jan 21,2,1,63
184,Monterrey,43,Male,Jan 21,0,0,0
185,Guadalajara,35,Female,Jan 21,3,1,765
186,Guadalajara,25,Male,Jan 21,3,1,200
187,Puebla,40,Female,Jan 21,3,1,107
188,Puebla,53,Male,Jan 21,2,1,429
189,Guadalajara,41,Female,Jan 21,1,1,144
190,Monterrey,52,Male,Jan 21,3,1,573
191,Guadalajara,44,Female,Jan 21,4,1,464
192,Guadalajara,40,Male,Jan 21,4,1,354
193,Leon,36,Female,Jan 21,0,0,0
194,Leon,33,Male,Jan 21,1,0,101
195,Puebla,47,Male,Jan 21,2,1,508
196,Puebla,21,Female,Jan 21,4,1,513
197,Leon,32,Male,Jan 21,3,1,290
198,Puebla,26,Female,Jan 21,0,0,0
199,Leon,34,Female,Jan 21,1,1,194
200,Guadalajara,42,Female,Jan 21,2,1,237
201,Leon,20,Female,Jan 21,3,0,738
202,Guadalajara,41,Female,Jan 21,3,1,791
203,Monterrey,48,Male,Jan 21,3,0,384
204,Puebla,43,Male,Jan 21,4,1,676
205,Leon,39,Male,Jan 21,3,0,251
206,Monterrey,50,Female,Jan 21,3,1,771
207,Puebla,35,Male,Jan 21,4,1,131
208,Monterrey,26,Female,Jan 21,2,1,445
209,Guadalajara,46,Male,Jan 21,0,0,0
210,Puebla,23,Male,Jan 21,0,0,0
211,Guadalajara,47,Male,Jan 21,1,1,198
212,Puebla,20,Female,Jan 21,2,1,473
213,Leon,33,Male,Jan 21,4,1,1173
214,Guadalajara,23,Female,Jan 21,0,0,0
215,Puebla,26,Female,Jan 21,0,0,0
216,Guadalajara,39,Female,Jan 21,0,0,0
217,Puebla,37,Female,Jan 21,4,1,358
218,Guadalajara,24,Female,Jan 21,1,1,38
219,Guadalajara,33,Female,Jan 21,1,1,60
220,Leon,34,Female,Jan 21,0,0,0
221,Puebla,29,Male,Jan 21,0,0,0
222,Monterrey,37,Male,Jan 21,2,1,592
223,Monterrey,23,Female,Jan 21,2,1,575
224,Leon,35,Male,Jan 21,3,1,576
225,Monterrey,54,Male,Jan 21,3,0,230
226,Monterrey,46,Male,Jan 21,2,1,186
227,Leon,35,Male,Jan 21,3,1,435
228,Leon,20,Female,Jan 21,2,1,507
229,Monterrey,30,Male,Jan 21,0,0,0
230,Puebla,52,Male,Jan 21,0,0,0
231,Puebla,24,Female,Jan 21,3,0,784
232,Leon,30,Female,Jan 21,2,0,202
233,Leon,23,Female,Jan 21,3,0,183
234,Monterrey,30,Female,Jan 21,1,0,170
235,Monterrey,51,Male,Jan 21,1,1,271
236,Guadalajara,43,Female,Jan 21,4,1,1089
237,Monterrey,42,Male,Jan 21,4,1,850
238,Guadalajara,46,Male,Jan 21,4,1,111
239,Monterrey,49,Male,Jan 21,3,1,759
240,Leon,40,Female,Jan 21,4,1,828
241,Monterrey,33,Female,Jan 21,4,0,703
242,Guadalajara,36,Male,Jan 21,3,1,829
243,Guadalajara,47,Female,Jan 21,3,1,369
244,Monterrey,46,Male,Jan 21,0,0,0
245,Guadalajara,33,Male,Jan 21,0,0,0
246,Puebla,41,Male,Jan 21,1,1,222
247,Puebla,26,Male,Jan 21,2,1,437
248,Guadalajara,32,Male,Jan 21,1,1,291
249,Guadalajara,50,Male,Jan 21,4,1,946
250,Puebla,54,Male,Jan 21,1,1,64
251,Puebla,42,Male,Jan 21,2,1,437
252,Leon,55,Male,Jan 21,1,1,295
253,Monterrey,33,Male,Jan 21,1,1,254
254,Monterrey,32,Male,Jan 21,2,1,425
255,Puebla,51,Male,Jan 21,1,1,260
256,Guadalajara,26,Female,Jan 21,1,1,157
257,Leon,43,Male,Jan 21,2,1,126
258,Monterrey,33,Male,Jan 21,2,1,207
259,Leon,43,Male,Jan 21,2,1,532
260,Puebla,36,Male,Jan 21,1,1,182
261,Puebla,46,Male,Jan 21,3,1,228
262,Guadalajara,40,Female,Jan 21,2,1,156
263,Guadalajara,26,Female,Jan 21,3,1,242
264,Leon,39,Female,Jan 21,1,1,120
265,Guadalajara,49,Male,Jan 21,3,1,499
266,Leon,39,Female,Jan 21,3,1,518
267,Monterrey,43,Male,Jan 21,1,1,220
268,Leon,25,Female,Jan 21,3,1,292
269,Guadalajara,35,Female,Jan 21,2,1,486
270,Leon,34,Female,Jan 21,1,1,229
271,Monterrey,25,Female,Jan 21,3,1,341
272,Leon,42,Male,Jan 21,3,1,616
273,Leon,34,Female,Jan 21,1,0,298
274,Guadalajara,33,Female,Jan 21,1,1,55
275,Puebla,26,Male,Jan 21,1,1,127
276,Monterrey,48,Male,Jan 21,3,1,902
277,Puebla,34,Female,Jan 21,1,1,189
278,Leon,20,Female,Jan 21,2,1,200
279,Leon,41,Male,Jan 21,1,1,86
280,Leon,42,Female,Jan 21,3,1,260
281,Leon,33,Female,Jan 21,1,1,204
282,Guadalajara,47,Male,Jan 21,1,0,37
283,Guadalajara,29,Female,Jan 21,3,1,95
284,Guadalajara,25,Female,Jan 21,3,1,451
285,Guadalajara,30,Male,Jan 21,3,1,228
286,Puebla,43,Male,Jan 21,1,1,239
287,Guadalajara,33,Male,Jan 21,2,1,437
288,Puebla,36,Male,Jan 21,2,1,392
289,Guadalajara,27,Female,Jan 21,2,1,290
290,Guadalajara,54,Male,Jan 21,3,0,533
291,Guadalajara,33,Male,Jan 21,3,1,760
292,Puebla,22,Female,Jan 21,1,1,48
293,Monterrey,48,Male,Jan 21,3,1,324
294,Monterrey,46,Male,Jan 21,3,0,822
295,Guadalajara,44,Male,Jan 21,3,1,83
296,Leon,27,Male,Jan 21,1,1,206
297,Leon,20,Female,Jan 21,3,1,64
298,Leon,35,Female,Jan 21,1,1,31
299,Leon,25,Female,Jan 21,3,1,102
300,Guadalajara,52,Male,Jan 21,1,1,131
301,Guadalajara,50,Male,Jan 21,3,1,721
302,Guadalajara,40,Male,Jan 21,2,1,142
303,Puebla,33,Female,Jan 21,2,1,88
304,Monterrey,44,Male,Jan 21,2,1,319
305,Guadalajara,28,Female,Jan 21,3,1,706
306,Leon,44,Male,Jan 21,1,1,158
307,Puebla,20,Female,Jan 21,2,1,242
308,Monterrey,38,Male,Jan 21,1,1,149
309,Puebla,20,Female,Jan 21,2,1,362
310,Monterrey,33,Male,Jan 21,2,1,546
311,Leon,29,Male,Jan 21,1,1,127
312,Puebla,39,Male,Jan 21,2,1,258
313,Monterrey,48,Male,Jan 21,1,1,130
314,Puebla,20,Female,Jan 21,2,1,524
315,Guadalajara,25,Male,Jan 21,3,1,898
316,Leon,34,Male,Jan 21,3,1,169
317,Monterrey,25,Female,Jan 21,3,1,349
318,Guadalajara,53,Male,Jan 21,1,1,73
319,Leon,29,Male,Jan 21,3,1,901
320,Monterrey,36,Female,Jan 21,2,1,162
321,Guadalajara,37,Female,Jan 21,1,1,135
322,Leon,41,Female,Jan 21,3,1,433
323,Puebla,34,Male,Jan 21,2,1,576
324,Guadalajara,23,Female,Jan 21,2,1,234
325,Guadalajara,39,Male,Jan 21,2,1,31
326,Monterrey,38,Female,Jan 21,2,1,461
327,Leon,53,Male,Jan 21,2,1,303
328,Leon,36,Male,Jan 21,1,0,236
329,Leon,21,Female,Jan 21,3,1,792
330,Leon,22,Female,Jan 21,2,1,100
331,Monterrey,45,Male,Jan 21,3,1,538
332,Puebla,36,Male,Jan 21,1,1,73
333,Leon,38,Female,Jan 21,1,1,225
334,Puebla,22,Female,Jan 21,2,1,464
335,Puebla,41,Female,Jan 21,1,1,194
336,Leon,53,Male,Jan 21,2,1,364
337,Leon,50,Male,Jan 21,1,1,155
338,Leon,34,Female,Jan 21,3,1,351
339,Leon,41,Female,Jan 21,2,1,137
340,Monterrey,37,Female,Jan 21,3,1,269
341,Monterrey,48,Male,Jan 21,3,1,67
342,Monterrey,33,Female,Jan 21,3,1,406
343,Leon,23,Female,Jan 21,3,1,666
344,Monterrey,48,Male,Jan 21,2,1,275
345,Leon,50,Male,Jan 21,1,1,281
346,Monterrey,32,Female,Jan 21,1,0,61
347,Leon,38,Male,Jan 21,1,1,52
348,Leon,53,Male,Jan 21,2,1,458
349,Puebla,40,Male,Jan 21,2,1,142
350,Leon,48,Male,Jan 21,5,1,829
351,Monterrey,38,Female,Jan 21,0,0,0
352,Leon,42,Female,Jan 21,4,1,680
353,Monterrey,39,Male,Jan 21,7,1,1336
354,Leon,41,Female,Jan 21,0,0,0
355,Puebla,39,Female,Jan 21,8,1,2110
356,Monterrey,35,Female,Jan 21,4,1,724
357,Monterrey,42,Male,Jan 21,5,1,276
358,Leon,34,Male,Jan 21,2,1,332
359,Monterrey,31,Female,Jan 21,2,1,317
360,Monterrey,34,Female,Jan 21,0,0,0
361,Leon,36,Male,Jan 21,0,0,0
362,Puebla,42,Male,Jan 21,3,1,52
363,Puebla,32,Male,Jan 21,5,1,1062
364,Monterrey,53,Male,Jan 21,8,1,145
365,Leon,53,Male,Jan 21,6,1,857
366,Monterrey,53,Female,Jan 21,3,1,106
367,Monterrey,53,Female,Jan 21,6,0,674
368,Leon,38,Female,Jan 21,2,1,335
369,Leon,36,Male,Jan 21,4,1,195
370,Monterrey,23,Female,Jan 21,2,0,149
371,Puebla,37,Male,Jan 21,7,1,1073
372,Monterrey,38,Female,Jan 21,5,1,1466
373,Monterrey,51,Male,Jan 21,3,1,214
374,Puebla,35,Female,Jan 21,5,1,753
375,Puebla,31,Female,Jan 21,3,1,274
376,Monterrey,24,Female,Jan 21,4,1,914
377,Monterrey,55,Female,Jan 21,6,1,1399
378,Puebla,37,Male,Jan 21,1,0,63
379,Monterrey,49,Male,Jan 21,8,1,822
380,Monterrey,28,Female,Jan 21,3,1,481
381,Puebla,41,Female,Jan 21,6,0,1305
382,Monterrey,55,Male,Jan 21,2,1,282
383,Monterrey,37,Male,Jan 21,3,0,641
384,Monterrey,39,Male,Jan 21,3,1,356
385,Monterrey,51,Female,Jan 21,7,1,589
386,Puebla,35,Female,Jan 21,8,1,2248
387,Puebla,54,Female,Jan 21,0,0,0
388,Puebla,58,Male,Jan 21,1,1,155
389,Monterrey,29,Female,Jan 21,6,1,1206
390,Monterrey,42,Female,Jan 21,6,0,1669
391,Puebla,41,Male,Jan 21,3,1,715
392,Monterrey,50,Male,Jan 21,5,1,95
393,Puebla,33,Female,Jan 21,0,0,0
394,Monterrey,29,Female,Jan 21,5,1,327
395,Monterrey,33,Female,Jan 21,4,1,763
396,Monterrey,50,Male,Jan 21,5,1,879
397,Puebla,31,Female,Jan 21,3,1,330
398,Puebla,54,Female,Jan 21,5,1,1451
399,Monterrey,50,Male,Jan 21,7,1,992
400,Monterrey,48,Male,Jan 21,1,1,119
401,Puebla,55,Male,Jan 21,1,1,189
402,Monterrey,35,Female,Jan 21,4,1,312
403,Puebla,40,Male,Jan 21,4,1,273
404,Puebla,24,Female,Jan 21,6,1,133
405,Puebla,35,Female,Jan 21,1,1,176
406,Monterrey,35,Female,Jan 21,1,1,151
407,Monterrey,48,Male,Jan 21,4,1,1167
408,Puebla,56,Male,Jan 21,7,1,156
409,Monterrey,42,Male,Jan 21,0,0,0
410,Monterrey,35,Female,Jan 21,7,1,457
411,Puebla,53,Female,Jan 21,5,1,1202
412,Puebla,58,Female,Jan 21,1,1,48
413,Puebla,26,Female,Jan 21,1,1,298
414,Puebla,42,Male,Jan 21,7,1,1591
415,Monterrey,31,Female,Jan 21,3,1,610
416,Puebla,46,Male,Jan 21,4,1,637
417,Monterrey,44,Male,Jan 21,1,1,28
418,Puebla,42,Female,Jan 21,0,0,0
419,Puebla,40,Male,Jan 21,4,1,573
420,Monterrey,50,Male,Jan 21,6,1,504
421,Puebla,25,Female,Jan 21,3,1,321
422,Monterrey,40,Female,Jan 21,6,1,1190
423,Monterrey,43,Male,Jan 21,3,1,870
424,Monterrey,39,Male,Jan 21,8,1,2285
425,Monterrey,29,Female,Jan 21,5,0,1049
426,Monterrey,35,Female,Jan 21,7,1,1446
427,Monterrey,52,Male,Jan 21,0,0,0
428,Puebla,26,Female,Jan 21,4,0,615
429,Puebla,37,Male,Jan 21,5,1,106
430,Monterrey,33,Female,Jan 21,4,1,145
431,Monterrey,32,Male,Jan 21,4,1,481
432,Puebla,35,Female,Jan 21,5,1,323
433,Monterrey,37,Female,Jan 21,7,1,663
434,Monterrey,35,Male,Jan 21,4,1,537
435,Monterrey,34,Male,Jan 21,3,0,268
436,Puebla,40,Male,Jan 21,6,1,830
437,Puebla,43,Male,Jan 21,8,1,1125
438,Puebla,30,Female,Jan 21,3,1,406
439,Puebla,34,Male,Jan 21,8,1,336
440,Monterrey,28,Female,Jan 21,3,1,850
441,Puebla,33,Female,Jan 21,8,1,271
442,Puebla,36,Female,Jan 21,7,1,1943
443,Puebla,36,Female,Jan 21,5,1,919
444,Monterrey,37,Male,Jan 21,2,1,402
445,Monterrey,55,Male,Jan 21,0,0,0
446,Puebla,30,Female,Jan 21,7,1,378
447,Puebla,46,Male,Jan 21,1,1,186
448,Monterrey,34,Male,Jan 21,7,1,1961
449,Puebla,32,Male,Jan 21,8,1,1240
450,Puebla,39,Female,Jan 21,6,1,1427
451,Monterrey,37,Female,Jan 21,2,1,178
452,Puebla,50,Male,Jan 21,2,1,234
453,Monterrey,28,Female,Jan 21,1,1,118
454,Monterrey,39,Female,Jan 21,2,1,458
455,Puebla,50,Female,Jan 21,1,1,169
456,Monterrey,47,Male,Jan 21,3,0,717
457,Puebla,50,Male,Jan 21,2,1,78
458,Puebla,25,Female,Jan 21,3,1,758
459,Monterrey,26,Female,Jan 21,2,1,400
460,Puebla,51,Male,Jan 21,3,1,873
461,Monterrey,27,Male,Jan 21,2,1,174
462,Puebla,31,Female,Jan 21,3,1,547
463,Monterrey,53,Male,Jan 21,1,1,255
464,Puebla,30,Female,Jan 21,2,1,112
465,Puebla,34,Female,Jan 21,3,1,114
466,Monterrey,42,Female,Jan 21,2,1,374
467,Puebla,28,Female,Jan 21,3,0,573
468,Puebla,39,Male,Jan 21,3,1,686
469,Puebla,29,Male,Jan 21,2,1,171
470,Puebla,47,Male,Jan 21,3,0,375
471,Monterrey,40,Female,Jan 21,3,1,268
472,Monterrey,57,Male,Jan 21,2,1,72
473,Monterrey,36,Female,Jan 21,3,1,491
474,Monterrey,50,Female,Jan 21,3,1,83
475,Puebla,28,Female,Jan 21,3,1,189
476,Puebla,25,Female,Jan 21,2,1,549
477,Monterrey,52,Female,Jan 21,2,1,283
478,Puebla,34,Female,Jan 21,3,1,649
479,Monterrey,41,Female,Jan 21,1,1,28
480,Puebla,49,Female,Jan 21,1,1,153
481,Puebla,34,Female,Jan 21,2,1,417
482,Puebla,33,Female,Jan 21,3,1,266
483,Monterrey,42,Female,Jan 21,3,1,397
484,Monterrey,38,Female,Jan 21,3,1,150
485,Monterrey,36,Male,Jan 21,1,1,79
486,Puebla,34,Male,Jan 21,2,1,194
487,Monterrey,36,Male,Jan 21,3,1,112
488,Puebla,52,Male,Jan 21,1,1,297
489,Monterrey,43,Male,Jan 21,2,0,529
490,Puebla,27,Female,Jan 21,1,1,28
491,Monterrey,48,Male,Jan 21,2,1,115
492,Monterrey,27,Female,Jan 21,2,1,229
493,Monterrey,44,Male,Jan 21,3,1,774
494,Puebla,49,Male,Jan 21,2,1,527
495,Monterrey,43,Male,Jan 21,3,1,55
496,Monterrey,40,Female,Jan 21,1,1,288
497,Monterrey,37,Male,Jan 21,2,1,512
498,Puebla,50,Male,Jan 21,3,1,406
499,Monterrey,39,Male,Jan 21,1,1,280
500,Puebla,42,Male,Jan 21,2,1,432
1,Guadalajara,33,Male,feb 21,1,1,271
2,Guadalajara,23,Female,feb 21,3,1,508
3,Monterrey,23,Female,feb 21,1,1,250
4,Leon,24,Female,feb 21,1,1,261
5,Puebla,46,Male,feb 21,3,0,592
6,Guadalajara,35,Female,feb 21,2,1,367
7,Guadalajara,36,Male,feb 21,1,1,187
8,Guadalajara,63,Female,feb 21,1,1,197
9,Puebla,53,Male,feb 21,2,1,47
10,Guadalajara,41,Male,feb 21,3,0,889
11,Leon,47,Male,feb 21,3,0,727
12,Puebla,63,Female,feb 21,3,1,55
13,Leon,43,Male,feb 21,3,1,831
14,Puebla,38,Male,feb 21,3,1,238
15,Guadalajara,43,Male,feb 21,3,1,82
16,Guadalajara,53,Male,feb 21,1,1,91
17,Monterrey,24,Female,feb 21,3,0,831
18,Guadalajara,43,Male,feb 21,2,1,251
19,Leon,47,Male,feb 21,1,1,231
20,Guadalajara,42,Male,feb 21,3,1,679
21,Monterrey,31,Female,feb 21,1,1,59
22,Guadalajara,38,Male,feb 21,2,1,302
23,Leon,35,Female,feb 21,2,1,103
24,Guadalajara,64,Female,feb 21,2,1,44
25,Leon,42,Male,feb 21,1,1,242
26,Puebla,28,Female,feb 21,1,0,82
27,Leon,35,Female,feb 21,1,1,279
28,Monterrey,61,Female,feb 21,3,1,112
29,Monterrey,39,Male,feb 21,2,1,405
30,Guadalajara,32,Female,feb 21,1,1,135
31,Guadalajara,40,Female,feb 21,1,1,240
32,Guadalajara,42,Female,feb 21,3,1,297
33,Guadalajara,49,Male,feb 21,3,1,701
34,Leon,29,Female,feb 21,2,1,324
35,Leon,38,Female,feb 21,1,1,216
36,Monterrey,31,Female,feb 21,3,1,455
37,Leon,62,Female,feb 21,3,1,82
38,Monterrey,47,Male,feb 21,2,1,219
39,Guadalajara,25,Male,feb 21,3,1,460
40,Guadalajara,40,Male,feb 21,3,0,270
41,Monterrey,27,Female,feb 21,2,1,75
42,Leon,46,Male,feb 21,3,1,849
43,Puebla,37,Female,feb 21,2,1,389
44,Monterrey,41,Male,feb 21,3,1,463
45,Monterrey,61,Female,feb 21,3,1,213
46,Puebla,40,Female,feb 21,3,1,490
47,Guadalajara,40,Male,feb 21,1,1,93
48,Guadalajara,62,Female,feb 21,3,1,538
49,Puebla,25,Female,feb 21,3,1,859
50,Monterrey,49,Male,feb 21,7,1,1007
51,Leon,25,Female,feb 21,5,1,850
52,Monterrey,28,Female,feb 21,7,1,165
53,Guadalajara,25,Female,feb 21,4,0,535
54,Guadalajara,33,Female,feb 21,4,1,606
55,Leon,32,Male,feb 21,7,1,1902
56,Puebla,55,Male,feb 21,6,1,1597
57,Guadalajara,36,Female,feb 21,6,1,1243
58,Leon,42,Male,feb 21,6,1,248
59,Monterrey,37,Male,feb 21,7,1,1275
60,Puebla,35,Male,feb 21,4,1,449
61,Monterrey,36,Female,feb 21,5,1,437
62,Leon,25,Female,feb 21,4,1,899
63,Guadalajara,41,Male,feb 21,6,1,945
64,Puebla,34,Female,feb 21,5,1,474
65,Leon,65,Female,feb 21,6,1,670
66,Leon,35,Male,feb 21,7,1,461
67,Guadalajara,65,Female,feb 21,5,1,908
68,Monterrey,34,Male,feb 21,6,1,1313
69,Monterrey,32,Male,feb 21,7,1,928
70,Leon,25,Female,feb 21,4,1,952
71,Leon,65,Female,feb 21,6,1,1179
72,Guadalajara,40,Male,feb 21,4,1,645
73,Puebla,28,Female,feb 21,5,1,930
74,Monterrey,29,Female,feb 21,7,0,218
75,Monterrey,39,Male,feb 21,6,1,469
76,Leon,39,Female,feb 21,5,1,840
77,Guadalajara,37,Female,feb 21,4,1,397
78,Monterrey,38,Male,feb 21,3,1,798
79,Leon,37,Male,feb 21,2,1,516
80,Puebla,39,Female,feb 21,4,1,179
81,Puebla,20,Male,feb 21,1,1,266
82,Monterrey,54,Male,feb 21,4,0,183
83,Puebla,41,Male,feb 21,2,1,160
84,Puebla,65,Female,feb 21,0,0,0
85,Puebla,36,Male,feb 21,3,1,316
86,Puebla,26,Female,feb 21,3,1,78
87,Puebla,48,Male,feb 21,0,0,0
88,Guadalajara,36,Female,feb 21,4,1,1067
89,Leon,64,Female,feb 21,4,1,969
90,Puebla,50,Male,feb 21,4,1,321
91,Leon,37,Female,feb 21,1,1,24
92,Monterrey,29,Female,feb 21,4,1,467
93,Puebla,25,Female,feb 21,3,1,257
94,Guadalajara,65,Female,feb 21,2,1,392
95,Monterrey,36,Female,feb 21,3,1,582
96,Leon,33,Male,feb 21,1,1,257
97,Monterrey,32,Male,feb 21,0,0,0
98,Leon,26,Female,feb 21,1,1,144
99,Leon,32,Male,feb 21,2,1,261
100,Guadalajara,23,Female,feb 21,3,0,796
101,Monterrey,23,Female,feb 21,1,1,196
102,Leon,53,Male,feb 21,2,1,124
103,Leon,39,Male,feb 21,1,1,79
104,Puebla,26,Female,feb 21,0,0,0
105,Monterrey,45,Male,feb 21,1,1,202
106,Guadalajara,38,Male,feb 21,0,0,0
107,Puebla,40,Male,feb 21,3,1,783
108,Puebla,54,Female,feb 21,0,0,0
109,Leon,50,Male,feb 21,4,1,1109
110,Leon,47,Male,feb 21,3,1,77
111,Guadalajara,46,Female,feb 21,0,0,0
112,Monterrey,41,Female,feb 21,1,1,119
113,Monterrey,33,Female,feb 21,0,0,0
114,Monterrey,37,Male,feb 21,0,0,0
115,Puebla,24,Female,feb 21,4,1,958
116,Guadalajara,37,Male,feb 21,0,0,0
117,Guadalajara,49,Male,feb 21,4,0,212
118,Guadalajara,41,Male,feb 21,4,1,206
119,Leon,20,Female,feb 21,1,1,39
120,Guadalajara,39,Female,feb 21,2,1,201
121,Monterrey,42,Female,feb 21,4,1,450
122,Leon,20,Female,feb 21,3,1,593
123,Monterrey,38,Male,feb 21,4,1,729
124,Leon,41,Female,feb 21,0,0,0
125,Puebla,40,Male,feb 21,4,1,973
126,Guadalajara,52,Male,feb 21,1,1,216
127,Monterrey,32,Male,feb 21,2,1,66
128,Leon,34,Male,feb 21,2,1,83
129,Monterrey,32,Male,feb 21,4,1,1140
130,Leon,38,Male,feb 21,3,1,202
131,Monterrey,38,Male,feb 21,4,1,497
132,Puebla,44,Male,feb 21,0,0,0
133,Leon,29,Male,feb 21,1,1,280
134,Guadalajara,49,Male,feb 21,1,1,274
135,Puebla,48,Male,feb 21,1,1,144
136,Puebla,48,Male,feb 21,4,1,1008
137,Guadalajara,33,Male,feb 21,0,0,0
138,Puebla,38,Male,feb 21,4,1,452
139,Monterrey,36,Male,feb 21,4,1,501
140,Puebla,37,Male,feb 21,0,0,0
141,Puebla,48,Male,feb 21,3,1,586
142,Guadalajara,36,Male,feb 21,3,1,663
143,Puebla,48,Male,feb 21,0,0,0
144,Guadalajara,34,Male,feb 21,1,1,73
145,Leon,32,Male,feb 21,4,1,842
146,Leon,39,Male,feb 21,4,1,653
147,Monterrey,51,Male,feb 21,3,1,60
148,Leon,52,Male,feb 21,3,1,287
149,Monterrey,32,Male,feb 21,3,1,801
150,Puebla,54,Male,feb 21,4,1,808
151,Monterrey,38,Male,feb 21,1,1,271
152,Puebla,38,Female,feb 21,0,0,0
153,Monterrey,31,Female,feb 21,1,1,181
154,Guadalajara,33,Female,feb 21,3,1,438
155,Puebla,21,Female,feb 21,1,1,197
156,Monterrey,31,Female,feb 21,2,1,517
157,Guadalajara,38,Female,feb 21,0,0,0
158,Leon,21,Female,feb 21,0,0,0
159,Monterrey,30,Female,feb 21,4,1,440
160,Puebla,40,Female,feb 21,4,1,892
161,Guadalajara,42,Female,feb 21,3,1,467
162,Puebla,31,Female,feb 21,1,1,238
163,Monterrey,36,Female,feb 21,0,0,0
164,Guadalajara,35,Male,feb 21,2,1,203
165,Guadalajara,39,Male,feb 21,0,0,0
166,Guadalajara,42,Male,feb 21,3,0,753
167,Leon,35,Female,feb 21,0,0,0
168,Puebla,27,Female,feb 21,4,1,532
169,Monterrey,27,Female,feb 21,4,1,1126
170,Leon,24,Female,feb 21,4,1,215
171,Monterrey,38,Male,feb 21,0,0,0
172,Monterrey,45,Male,feb 21,1,1,112
173,Leon,20,Female,feb 21,2,1,278
174,Puebla,40,Male,feb 21,3,1,780
175,Puebla,29,Female,feb 21,3,1,858
176,Guadalajara,29,Female,feb 21,2,1,557
177,Leon,39,Male,feb 21,1,1,85
178,Leon,37,Female,feb 21,3,1,411
179,Monterrey,49,Male,feb 21,0,0,0
180,Puebla,51,Male,feb 21,3,1,721
181,Leon,53,Male,feb 21,1,1,51
182,Leon,30,Female,feb 21,1,1,250
183,Leon,48,Male,feb 21,2,1,128
184,Monterrey,43,Male,feb 21,1,0,132
185,Guadalajara,35,Female,feb 21,4,1,1166
186,Guadalajara,25,Male,feb 21,0,0,0
187,Puebla,40,Female,feb 21,1,1,124
188,Puebla,53,Male,feb 21,3,1,861
189,Guadalajara,41,Female,feb 21,0,0,0
190,Monterrey,52,Male,feb 21,0,0,0
191,Guadalajara,44,Female,feb 21,2,1,367
192,Guadalajara,40,Male,feb 21,2,1,343
193,Leon,36,Female,feb 21,2,1,45
194,Leon,33,Male,feb 21,1,1,150
195,Puebla,47,Male,feb 21,2,1,105
196,Puebla,21,Female,feb 21,0,0,0
197,Leon,32,Male,feb 21,1,1,119
198,Puebla,26,Female,feb 21,1,1,155
199,Leon,34,Female,feb 21,4,1,236
200,Guadalajara,42,Female,feb 21,2,1,182
201,Leon,20,Female,feb 21,0,0,0
202,Guadalajara,41,Female,feb 21,4,1,345
203,Monterrey,48,Male,feb 21,3,1,808
204,Puebla,43,Male,feb 21,4,1,1064
205,Leon,39,Male,feb 21,3,1,597
206,Monterrey,50,Female,feb 21,0,0,0
207,Puebla,35,Male,feb 21,4,1,1012
208,Monterrey,26,Female,feb 21,1,1,198
209,Guadalajara,46,Male,feb 21,3,1,312
210,Puebla,23,Male,feb 21,4,0,732
211,Guadalajara,47,Male,feb 21,0,0,0
212,Puebla,20,Female,feb 21,3,1,798
213,Leon,33,Male,feb 21,1,1,155
214,Guadalajara,23,Female,feb 21,2,1,281
215,Puebla,26,Female,feb 21,4,1,557
216,Guadalajara,39,Female,feb 21,0,0,0
217,Puebla,37,Female,feb 21,3,1,276
218,Guadalajara,24,Female,feb 21,0,0,0
219,Guadalajara,33,Female,feb 21,3,1,274
220,Leon,34,Female,feb 21,1,1,249
221,Puebla,29,Male,feb 21,2,0,371
222,Monterrey,37,Male,feb 21,3,1,783
223,Monterrey,23,Female,feb 21,1,1,210
224,Leon,35,Male,feb 21,2,1,185
225,Monterrey,54,Male,feb 21,1,1,270
226,Monterrey,46,Male,feb 21,0,0,0
227,Leon,35,Male,feb 21,4,1,845
228,Leon,20,Female,feb 21,3,0,354
229,Monterrey,30,Male,feb 21,3,1,496
230,Puebla,52,Male,feb 21,0,0,0
231,Puebla,24,Female,feb 21,2,1,165
232,Leon,30,Female,feb 21,3,1,275
233,Leon,23,Female,feb 21,2,1,134
234,Monterrey,30,Female,feb 21,3,1,306
235,Monterrey,51,Male,feb 21,2,1,247
236,Guadalajara,43,Female,feb 21,5,1,492
237,Monterrey,42,Male,feb 21,2,1,222
238,Guadalajara,46,Male,feb 21,2,0,128
239,Monterrey,49,Male,feb 21,4,1,738
240,Leon,40,Female,feb 21,6,1,110
241,Monterrey,33,Female,feb 21,5,1,654
242,Guadalajara,36,Male,feb 21,3,1,492
243,Guadalajara,47,Female,feb 21,4,1,861
244,Monterrey,46,Male,feb 21,5,1,922
245,Guadalajara,33,Male,feb 21,5,1,1432
246,Puebla,41,Male,feb 21,3,1,597
247,Puebla,26,Male,feb 21,4,0,537
248,Guadalajara,32,Male,feb 21,6,1,738
249,Guadalajara,50,Male,feb 21,6,1,745
250,Puebla,54,Male,feb 21,3,0,260
251,Puebla,42,Male,feb 21,3,1,886
252,Leon,55,Male,feb 21,2,0,594
253,Monterrey,33,Male,feb 21,3,1,52
254,Monterrey,32,Male,feb 21,4,1,438
255,Puebla,51,Male,feb 21,4,1,702
256,Guadalajara,26,Female,feb 21,3,1,383
257,Leon,43,Male,feb 21,6,1,1354
258,Monterrey,33,Male,feb 21,6,1,315
259,Leon,43,Male,feb 21,3,1,439
260,Puebla,36,Male,feb 21,6,1,683
261,Puebla,46,Male,feb 21,3,1,542
262,Guadalajara,40,Female,feb 21,3,1,237
263,Guadalajara,26,Female,feb 21,3,1,606
264,Leon,39,Female,feb 21,2,0,579
265,Guadalajara,49,Male,feb 21,2,1,363
266,Leon,39,Female,feb 21,4,1,388
267,Monterrey,43,Male,feb 21,5,1,1000
268,Leon,25,Female,feb 21,2,1,438
269,Guadalajara,35,Female,feb 21,6,1,1800
270,Leon,34,Female,feb 21,6,1,1587
271,Monterrey,25,Female,feb 21,4,1,984
272,Leon,42,Male,feb 21,2,0,526
273,Leon,34,Female,feb 21,4,1,594
274,Guadalajara,33,Female,feb 21,2,1,116
275,Puebla,26,Male,feb 21,5,1,1309
276,Monterrey,48,Male,feb 21,6,1,1666
277,Puebla,34,Female,feb 21,2,1,266
278,Leon,20,Female,feb 21,4,1,317
279,Leon,41,Male,feb 21,3,1,368
280,Leon,42,Female,feb 21,3,1,362
281,Leon,33,Female,feb 21,5,1,76
282,Guadalajara,47,Male,feb 21,2,1,170
283,Guadalajara,29,Female,feb 21,4,1,604
284,Guadalajara,25,Female,feb 21,5,1,1364
285,Guadalajara,30,Male,feb 21,5,1,229
286,Puebla,43,Male,feb 21,2,1,318
287,Guadalajara,33,Male,feb 21,6,1,1357
288,Puebla,36,Male,feb 21,6,1,781
289,Guadalajara,27,Female,feb 21,3,1,53
290,Guadalajara,54,Male,feb 21,5,1,1483
291,Guadalajara,33,Male,feb 21,2,1,431
292,Puebla,22,Female,feb 21,5,1,1128
293,Monterrey,48,Male,feb 21,5,1,1135
294,Monterrey,46,Male,feb 21,2,1,236
295,Guadalajara,44,Male,feb 21,6,1,659
296,Leon,27,Male,feb 21,2,1,191
297,Leon,20,Female,feb 21,5,1,1483
298,Leon,35,Female,feb 21,4,1,650
299,Leon,25,Female,feb 21,3,1,281
300,Guadalajara,52,Male,feb 21,5,1,349
301,Guadalajara,50,Male,feb 21,3,0,274
302,Guadalajara,40,Male,feb 21,2,1,214
303,Puebla,33,Female,feb 21,5,1,984
304,Monterrey,44,Male,feb 21,2,1,324
305,Guadalajara,28,Female,feb 21,3,1,297
306,Leon,44,Male,feb 21,4,1,415
307,Puebla,20,Female,feb 21,2,1,253
308,Monterrey,38,Male,feb 21,5,1,1342
309,Puebla,20,Female,feb 21,6,1,441
310,Monterrey,33,Male,feb 21,5,1,1466
311,Leon,29,Male,feb 21,2,1,529
312,Puebla,39,Male,feb 21,3,1,333
313,Monterrey,48,Male,feb 21,6,1,1793
314,Puebla,20,Female,feb 21,5,1,936
315,Guadalajara,25,Male,feb 21,4,1,408
316,Leon,34,Male,feb 21,6,1,557
317,Monterrey,25,Female,feb 21,5,1,733
318,Guadalajara,53,Male,feb 21,2,1,211
319,Leon,29,Male,feb 21,3,1,262
320,Monterrey,36,Female,feb 21,2,1,352
321,Guadalajara,37,Female,feb 21,6,0,636
322,Leon,41,Female,feb 21,6,1,184
323,Puebla,34,Male,feb 21,3,1,106
324,Guadalajara,23,Female,feb 21,6,1,180
325,Guadalajara,39,Male,feb 21,4,1,499
326,Monterrey,38,Female,feb 21,3,1,72
327,Leon,53,Male,feb 21,5,1,1340
328,Leon,36,Male,feb 21,2,1,473
329,Leon,21,Female,feb 21,5,1,1414
330,Leon,22,Female,feb 21,3,1,877
331,Monterrey,45,Male,feb 21,2,1,416
332,Puebla,36,Male,feb 21,6,1,313
333,Leon,38,Female,feb 21,5,1,691
334,Puebla,22,Female,feb 21,5,1,553
335,Puebla,41,Female,feb 21,2,1,176
336,Leon,53,Male,feb 21,5,1,858
337,Leon,50,Male,feb 21,3,0,532
338,Leon,34,Female,feb 21,2,1,347
339,Leon,41,Female,feb 21,2,1,480
340,Monterrey,37,Female,feb 21,2,1,499
341,Monterrey,48,Male,feb 21,2,1,139
342,Monterrey,33,Female,feb 21,3,1,743
343,Leon,23,Female,feb 21,6,1,1451
344,Monterrey,48,Male,feb 21,6,1,1371
345,Leon,50,Male,feb 21,2,1,304
346,Monterrey,32,Female,feb 21,5,1,355
347,Leon,38,Male,feb 21,3,1,54
348,Leon,53,Male,feb 21,4,1,242
349,Puebla,40,Male,feb 21,3,1,592
350,Leon,48,Male,feb 21,4,1,1100
351,Monterrey,38,Female,feb 21,5,1,1367
352,Leon,42,Female,feb 21,5,1,526
353,Monterrey,39,Male,feb 21,0,0,0
354,Leon,41,Female,feb 21,0,0,0
355,Puebla,39,Female,feb 21,3,1,187
356,Monterrey,35,Female,feb 21,0,0,0
357,Monterrey,42,Male,feb 21,1,1,221
358,Leon,34,Male,feb 21,3,1,645
359,Monterrey,31,Female,feb 21,0,0,0
360,Monterrey,34,Female,feb 21,3,1,752
361,Leon,36,Male,feb 21,3,1,79
362,Puebla,42,Male,feb 21,3,1,441
363,Puebla,32,Male,feb 21,0,0,0
364,Monterrey,53,Male,feb 21,0,0,0
365,Leon,53,Male,feb 21,0,0,0
366,Monterrey,53,Female,feb 21,0,0,0
367,Monterrey,53,Female,feb 21,1,1,88
368,Leon,38,Female,feb 21,2,1,354
369,Leon,36,Male,feb 21,2,1,42
370,Monterrey,23,Female,feb 21,0,0,0
371,Puebla,37,Male,feb 21,0,0,0
372,Monterrey,38,Female,feb 21,0,0,0
373,Monterrey,51,Male,feb 21,2,1,163
374,Puebla,35,Female,feb 21,3,0,316
375,Puebla,31,Female,feb 21,2,1,131
376,Monterrey,24,Female,feb 21,2,1,545
377,Monterrey,55,Female,feb 21,0,0,0
378,Puebla,37,Male,feb 21,3,1,241
379,Monterrey,49,Male,feb 21,3,1,836
380,Monterrey,28,Female,feb 21,1,0,16
381,Puebla,41,Female,feb 21,0,0,0
382,Monterrey,55,Male,feb 21,2,0,464
383,Monterrey,37,Male,feb 21,2,1,444
384,Monterrey,39,Male,feb 21,1,1,43
385,Monterrey,51,Female,feb 21,2,1,392
386,Puebla,35,Female,feb 21,3,0,436
387,Puebla,54,Female,feb 21,2,1,437
388,Puebla,58,Male,feb 21,0,0,0
389,Monterrey,29,Female,feb 21,1,1,177
390,Monterrey,42,Female,feb 21,2,1,41
391,Puebla,41,Male,feb 21,0,0,0
392,Monterrey,50,Male,feb 21,3,1,467
393,Puebla,33,Female,feb 21,3,1,885
394,Monterrey,29,Female,feb 21,0,0,0
395,Monterrey,33,Female,feb 21,0,0,0
396,Monterrey,50,Male,feb 21,0,0,0
397,Puebla,31,Female,feb 21,1,1,138
398,Puebla,54,Female,feb 21,3,1,379
399,Monterrey,50,Male,feb 21,3,1,200
400,Monterrey,48,Male,feb 21,2,1,584
401,Puebla,55,Male,feb 21,0,0,0
402,Monterrey,35,Female,feb 21,1,1,259
403,Puebla,40,Male,feb 21,1,0,125
404,Puebla,24,Female,feb 21,3,1,559
405,Puebla,35,Female,feb 21,1,1,274
406,Monterrey,35,Female,feb 21,0,0,0
407,Monterrey,48,Male,feb 21,1,1,205
408,Puebla,56,Male,feb 21,0,0,0
409,Monterrey,42,Male,feb 21,0,0,0
410,Monterrey,35,Female,feb 21,2,1,546
411,Puebla,53,Female,feb 21,2,1,479
412,Puebla,58,Female,feb 21,2,1,267
413,Puebla,26,Female,feb 21,1,0,191
414,Puebla,42,Male,feb 21,0,0,0
415,Monterrey,31,Female,feb 21,0,0,0
416,Puebla,46,Male,feb 21,0,0,0
417,Monterrey,44,Male,feb 21,0,0,0
418,Puebla,42,Female,feb 21,3,1,308
419,Puebla,40,Male,feb 21,0,0,0
420,Monterrey,50,Male,feb 21,3,1,347
421,Puebla,25,Female,feb 21,1,1,174
422,Monterrey,40,Female,feb 21,0,0,0
423,Monterrey,43,Male,feb 21,0,0,0
424,Monterrey,39,Male,feb 21,0,0,0
425,Monterrey,29,Female,feb 21,3,1,299
426,Monterrey,35,Female,feb 21,2,1,491
427,Monterrey,52,Male,feb 21,3,1,760
428,Puebla,26,Female,feb 21,3,1,115
429,Puebla,37,Male,feb 21,0,0,0
430,Monterrey,33,Female,feb 21,3,1,174
431,Monterrey,32,Male,feb 21,2,1,338
432,Puebla,35,Female,feb 21,2,1,452
433,Monterrey,37,Female,feb 21,3,1,233
434,Monterrey,35,Male,feb 21,2,1,52
435,Monterrey,34,Male,feb 21,1,1,92
436,Puebla,40,Male,feb 21,2,1,366
437,Puebla,43,Male,feb 21,1,1,262
438,Puebla,30,Female,feb 21,0,0,0
439,Puebla,34,Male,feb 21,3,1,805
440,Monterrey,28,Female,feb 21,1,1,57
441,Puebla,33,Female,feb 21,2,1,274
442,Puebla,36,Female,feb 21,3,1,192
443,Puebla,36,Female,feb 21,0,0,0
444,Monterrey,37,Male,feb 21,0,0,0
445,Monterrey,55,Male,feb 21,0,0,0
446,Puebla,30,Female,feb 21,1,1,45
447,Puebla,46,Male,feb 21,1,1,130
448,Monterrey,34,Male,feb 21,3,1,533
449,Puebla,32,Male,feb 21,2,1,539
450,Puebla,39,Female,feb 21,1,0,108
451,Monterrey,37,Female,feb 21,0,0,0
452,Puebla,50,Male,feb 21,0,0,0
453,Monterrey,28,Female,feb 21,1,1,184
454,Monterrey,39,Female,feb 21,2,1,399
455,Puebla,50,Female,feb 21,2,1,400
456,Monterrey,47,Male,feb 21,0,0,0
457,Puebla,50,Male,feb 21,3,1,802
458,Puebla,25,Female,feb 21,1,1,229
459,Monterrey,26,Female,feb 21,2,1,128
460,Puebla,51,Male,feb 21,0,0,0
461,Monterrey,27,Male,feb 21,3,1,823
462,Puebla,31,Female,feb 21,1,1,182
463,Monterrey,53,Male,feb 21,2,1,41
464,Puebla,30,Female,feb 21,3,1,502
465,Puebla,34,Female,feb 21,1,1,45
466,Monterrey,42,Female,feb 21,1,1,139
467,Puebla,28,Female,feb 21,0,0,0
468,Puebla,39,Male,feb 21,1,1,19
469,Puebla,29,Male,feb 21,2,1,202
470,Puebla,47,Male,feb 21,1,1,301
471,Monterrey,40,Female,feb 21,3,1,68
472,Monterrey,57,Male,feb 21,0,0,0
473,Monterrey,36,Female,feb 21,1,1,47
474,Monterrey,50,Female,feb 21,2,1,351
475,Puebla,28,Female,feb 21,2,1,597
476,Puebla,25,Female,feb 21,0,0,0
477,Monterrey,52,Female,feb 21,0,0,0
478,Puebla,34,Female,feb 21,0,0,0
479,Monterrey,41,Female,feb 21,3,1,571
480,Puebla,49,Female,feb 21,3,1,341
481,Puebla,34,Female,feb 21,1,1,36
482,Puebla,33,Female,feb 21,1,1,159
483,Monterrey,42,Female,feb 21,0,0,0
484,Monterrey,38,Female,feb 21,3,1,521
485,Monterrey,36,Male,feb 21,1,1,223
486,Puebla,34,Male,feb 21,0,0,0
487,Monterrey,36,Male,feb 21,3,1,685
488,Puebla,52,Male,feb 21,3,1,859
489,Monterrey,43,Male,feb 21,3,1,186
490,Puebla,27,Female,feb 21,2,1,187
491,Monterrey,48,Male,feb 21,2,1,97
492,Monterrey,27,Female,feb 21,1,1,200
493,Monterrey,44,Male,feb 21,2,1,38
494,Puebla,49,Male,feb 21,0,0,0
495,Monterrey,43,Male,feb 21,3,1,736
496,Monterrey,40,Female,feb 21,0,0,0
497,Monterrey,37,Male,feb 21,2,1,308
498,Puebla,50,Male,feb 21,2,1,138
499,Monterrey,39,Male,feb 21,4,1,1020
500,Puebla,42,Male,feb 21,2,0,312
1,Guadalajara,33,Male,mar 21,3,1,682
2,Guadalajara,23,Female,mar 21,2,1,141
3,Monterrey,23,Female,mar 21,2,1,337
4,Leon,24,Female,mar 21,3,1,648
5,Puebla,46,Male,mar 21,2,1,475
6,Guadalajara,35,Female,mar 21,4,0,544
7,Guadalajara,36,Male,mar 21,2,1,172
8,Guadalajara,63,Female,mar 21,4,1,957
9,Puebla,53,Male,mar 21,3,1,892
10,Guadalajara,41,Male,mar 21,3,1,113
11,Leon,47,Male,mar 21,2,1,600
12,Puebla,63,Female,mar 21,4,1,1100
13,Leon,43,Male,mar 21,3,1,235
14,Puebla,38,Male,mar 21,4,1,1132
15,Guadalajara,43,Male,mar 21,3,1,306
16,Guadalajara,53,Male,mar 21,3,1,884
17,Monterrey,24,Female,mar 21,2,1,301
18,Guadalajara,43,Male,mar 21,3,1,108
19,Leon,47,Male,mar 21,2,1,188
20,Guadalajara,42,Male,mar 21,2,1,325
21,Monterrey,31,Female,mar 21,2,1,361
22,Guadalajara,38,Male,mar 21,3,1,848
23,Leon,35,Female,mar 21,2,1,392
24,Guadalajara,64,Female,mar 21,4,0,575
25,Leon,42,Male,mar 21,4,1,1128
26,Puebla,28,Female,mar 21,4,1,101
27,Leon,35,Female,mar 21,2,1,440
28,Monterrey,61,Female,mar 21,2,1,519
29,Monterrey,39,Male,mar 21,4,0,315
30,Guadalajara,32,Female,mar 21,2,1,363
31,Guadalajara,40,Female,mar 21,4,1,1065
32,Guadalajara,42,Female,mar 21,2,1,420
33,Guadalajara,49,Male,mar 21,4,1,981
34,Leon,29,Female,mar 21,2,1,515
35,Leon,38,Female,mar 21,3,1,614
36,Monterrey,31,Female,mar 21,4,1,1629
37,Leon,62,Female,mar 21,3,1,1047
38,Monterrey,47,Male,mar 21,4,1,993
39,Guadalajara,25,Male,mar 21,2,1,406
40,Guadalajara,40,Male,mar 21,3,0,831
41,Monterrey,27,Female,mar 21,4,1,904
42,Leon,46,Male,mar 21,2,1,597
43,Puebla,37,Female,mar 21,3,1,1026
44,Monterrey,41,Male,mar 21,6,1,2005
45,Monterrey,61,Female,mar 21,6,1,1796
46,Puebla,40,Female,mar 21,3,1,788
47,Guadalajara,40,Male,mar 21,4,1,1736
48,Guadalajara,62,Female,mar 21,7,1,2741
49,Puebla,25,Female,mar 21,6,1,2128
50,Monterrey,49,Male,mar 21,3,1,872
51,Leon,25,Female,mar 21,5,1,2024
52,Monterrey,28,Female,mar 21,3,1,769
53,Guadalajara,25,Female,mar 21,7,0,2897
54,Guadalajara,33,Female,mar 21,6,1,1841
55,Leon,32,Male,mar 21,5,1,1933
56,Puebla,55,Male,mar 21,6,1,2207
57,Guadalajara,36,Female,mar 21,3,1,908
58,Leon,42,Male,mar 21,4,1,1317
59,Monterrey,37,Male,mar 21,5,1,1552
60,Puebla,35,Male,mar 21,4,1,1725
61,Monterrey,36,Female,mar 21,6,1,2323
62,Leon,25,Female,mar 21,6,1,1747
63,Guadalajara,41,Male,mar 21,3,1,908
64,Puebla,34,Female,mar 21,3,1,1346
65,Leon,65,Female,mar 21,5,1,1906
66,Leon,35,Male,mar 21,4,1,1643
67,Guadalajara,65,Female,mar 21,4,1,1453
68,Monterrey,34,Male,mar 21,3,1,747
69,Monterrey,32,Male,mar 21,7,1,2168
70,Leon,25,Female,mar 21,4,1,1113
71,Leon,65,Female,mar 21,4,0,1391
72,Guadalajara,40,Male,mar 21,7,1,1700
73,Puebla,28,Female,mar 21,4,1,1707
74,Monterrey,29,Female,mar 21,7,1,1988
75,Monterrey,39,Male,mar 21,5,1,1270
76,Leon,39,Female,mar 21,3,1,866
77,Guadalajara,37,Female,mar 21,5,1,1607
78,Monterrey,38,Male,mar 21,7,1,2481
79,Leon,37,Male,mar 21,5,1,1154
80,Puebla,39,Female,mar 21,6,1,2174
81,Puebla,20,Male,mar 21,3,1,1007
82,Monterrey,54,Male,mar 21,4,1,938
83,Puebla,41,Male,mar 21,3,1,744
84,Puebla,65,Female,mar 21,3,1,813
85,Puebla,36,Male,mar 21,6,1,1270
86,Puebla,26,Female,mar 21,6,0,2531
87,Puebla,48,Male,mar 21,5,1,1116
88,Guadalajara,36,Female,mar 21,7,1,2058
89,Leon,64,Female,mar 21,6,1,2586
90,Puebla,50,Male,mar 21,5,1,1016
91,Leon,37,Female,mar 21,3,1,1291
92,Monterrey,29,Female,mar 21,6,1,1892
93,Puebla,25,Female,mar 21,3,1,608
94,Guadalajara,65,Female,mar 21,5,0,1359
95,Monterrey,36,Female,mar 21,3,1,1319
96,Leon,33,Male,mar 21,3,0,927
97,Monterrey,32,Male,mar 21,6,1,1364
98,Leon,26,Female,mar 21,6,1,1819
99,Leon,32,Male,mar 21,4,1,1574
100,Guadalajara,23,Female,mar 21,7,1,2413
101,Monterrey,23,Female,mar 21,5,1,1753
102,Leon,53,Male,mar 21,6,1,1572
103,Leon,39,Male,mar 21,7,1,2708
104,Puebla,26,Female,mar 21,6,1,2019
105,Monterrey,45,Male,mar 21,3,1,1049
106,Guadalajara,38,Male,mar 21,7,1,1470
107,Puebla,40,Male,mar 21,5,1,1077
108,Puebla,54,Female,mar 21,3,0,1039
109,Leon,50,Male,mar 21,4,1,1673
110,Leon,47,Male,mar 21,5,1,1628
111,Guadalajara,46,Female,mar 21,4,1,1103
112,Monterrey,41,Female,mar 21,6,1,1868
113,Monterrey,33,Female,mar 21,7,1,1778
114,Monterrey,37,Male,mar 21,5,1,1337
115,Puebla,24,Female,mar 21,7,1,2576
116,Guadalajara,37,Male,mar 21,5,1,1936
117,Guadalajara,49,Male,mar 21,7,1,2305
118,Guadalajara,41,Male,mar 21,4,1,1476
119,Leon,20,Female,mar 21,7,1,2764
120,Guadalajara,39,Female,mar 21,4,1,1314
121,Monterrey,42,Female,mar 21,4,1,1570
122,Leon,20,Female,mar 21,6,1,1369
123,Monterrey,38,Male,mar 21,5,1,1297
124,Leon,41,Female,mar 21,3,1,937
125,Puebla,40,Male,mar 21,5,1,1485
126,Guadalajara,52,Male,mar 21,4,1,1294
127,Monterrey,32,Male,mar 21,3,1,806
128,Leon,34,Male,mar 21,5,1,1976
129,Monterrey,32,Male,mar 21,5,1,1380
130,Leon,38,Male,mar 21,5,1,1076
131,Monterrey,38,Male,mar 21,5,1,1766
132,Puebla,44,Male,mar 21,4,1,802
133,Leon,29,Male,mar 21,6,0,1480
134,Guadalajara,49,Male,mar 21,4,1,1194
135,Puebla,48,Male,mar 21,5,1,1361
136,Puebla,48,Male,mar 21,7,1,3077
137,Guadalajara,33,Male,mar 21,5,1,1985
138,Puebla,38,Male,mar 21,3,1,687
139,Monterrey,36,Male,mar 21,5,1,1083
140,Puebla,37,Male,mar 21,3,1,535
141,Puebla,48,Male,mar 21,6,0,1356
142,Guadalajara,36,Male,mar 21,3,1,611
143,Puebla,48,Male,mar 21,6,1,1166
144,Guadalajara,34,Male,mar 21,3,1,352
145,Leon,32,Male,mar 21,3,1,377
146,Leon,39,Male,mar 21,4,1,834
147,Monterrey,51,Male,mar 21,5,1,931
148,Leon,52,Male,mar 21,4,1,251
149,Monterrey,32,Male,mar 21,7,1,606
150,Puebla,54,Male,mar 21,4,1,108
151,Monterrey,38,Male,mar 21,6,1,1528
152,Puebla,38,Female,mar 21,6,1,1028
153,Monterrey,31,Female,mar 21,7,1,699
154,Guadalajara,33,Female,mar 21,4,1,253
155,Puebla,21,Female,mar 21,0,0,0
156,Monterrey,31,Female,mar 21,0,0,0
157,Guadalajara,38,Female,mar 21,3,1,276
158,Leon,21,Female,mar 21,3,1,259
159,Monterrey,30,Female,mar 21,0,0,0
160,Puebla,40,Female,mar 21,3,1,885
161,Guadalajara,42,Female,mar 21,0,0,0
162,Puebla,31,Female,mar 21,2,1,362
163,Monterrey,36,Female,mar 21,2,1,113
164,Guadalajara,35,Male,mar 21,1,1,91
165,Guadalajara,39,Male,mar 21,0,0,0
166,Guadalajara,42,Male,mar 21,1,1,109
167,Leon,35,Female,mar 21,0,0,0
168,Puebla,27,Female,mar 21,2,1,209
169,Monterrey,27,Female,mar 21,3,1,525
170,Leon,24,Female,mar 21,3,1,361
171,Monterrey,38,Male,mar 21,2,1,342
172,Monterrey,45,Male,mar 21,2,1,515
173,Leon,20,Female,mar 21,3,1,240
174,Puebla,40,Male,mar 21,1,1,27
175,Puebla,29,Female,mar 21,0,0,0
176,Guadalajara,29,Female,mar 21,0,0,0
177,Leon,39,Male,mar 21,0,0,0
178,Leon,37,Female,mar 21,2,1,414
179,Monterrey,49,Male,mar 21,2,1,75
180,Puebla,51,Male,mar 21,3,1,248
181,Leon,53,Male,mar 21,2,1,368
182,Leon,30,Female,mar 21,3,1,375
183,Leon,48,Male,mar 21,2,1,203
184,Monterrey,43,Male,mar 21,2,1,191
185,Guadalajara,35,Female,mar 21,3,1,584
186,Guadalajara,25,Male,mar 21,3,1,198
187,Puebla,40,Female,mar 21,2,1,437
188,Puebla,53,Male,mar 21,2,1,327
189,Guadalajara,41,Female,mar 21,3,1,350
190,Monterrey,52,Male,mar 21,2,1,465
191,Guadalajara,44,Female,mar 21,3,1,763
192,Guadalajara,40,Male,mar 21,0,0,0
193,Leon,36,Female,mar 21,1,1,141
194,Leon,33,Male,mar 21,2,1,563
195,Puebla,47,Male,mar 21,0,0,0
196,Puebla,21,Female,mar 21,2,1,446
197,Leon,32,Male,mar 21,3,0,863
198,Puebla,26,Female,mar 21,3,1,198
199,Leon,34,Female,mar 21,1,1,282
200,Guadalajara,42,Female,mar 21,2,1,390
201,Leon,20,Female,mar 21,3,1,79
202,Guadalajara,41,Female,mar 21,4,1,104
203,Monterrey,48,Male,mar 21,1,0,263
204,Puebla,43,Male,mar 21,4,1,371
205,Leon,39,Male,mar 21,1,1,28
206,Monterrey,50,Female,mar 21,2,1,92
207,Puebla,35,Male,mar 21,2,1,95
208,Monterrey,26,Female,mar 21,2,1,147
209,Guadalajara,46,Male,mar 21,3,1,867
210,Puebla,23,Male,mar 21,4,1,415
211,Guadalajara,47,Male,mar 21,4,1,889
212,Puebla,20,Female,mar 21,1,1,283
213,Leon,33,Male,mar 21,4,1,103
214,Guadalajara,23,Female,mar 21,0,0,0
215,Puebla,26,Female,mar 21,1,1,132
216,Guadalajara,39,Female,mar 21,4,1,602
217,Puebla,37,Female,mar 21,4,1,1197
218,Guadalajara,24,Female,mar 21,3,1,274
219,Guadalajara,33,Female,mar 21,1,1,41
220,Leon,34,Female,mar 21,3,1,557
221,Puebla,29,Male,mar 21,2,1,558
222,Monterrey,37,Male,mar 21,2,1,591
223,Monterrey,23,Female,mar 21,2,1,312
224,Leon,35,Male,mar 21,3,1,173
225,Monterrey,54,Male,mar 21,3,1,488
226,Monterrey,46,Male,mar 21,4,1,1187
227,Leon,35,Male,mar 21,1,1,233
228,Leon,20,Female,mar 21,3,1,203
229,Monterrey,30,Male,mar 21,4,1,471
230,Puebla,52,Male,mar 21,4,1,595
231,Puebla,24,Female,mar 21,4,1,771
232,Leon,30,Female,mar 21,0,0,0
233,Leon,23,Female,mar 21,2,1,118
234,Monterrey,30,Female,mar 21,2,1,109
235,Monterrey,51,Male,mar 21,1,1,95
236,Guadalajara,43,Female,mar 21,1,1,139
237,Monterrey,42,Male,mar 21,4,0,490
238,Guadalajara,46,Male,mar 21,4,1,1035
239,Monterrey,49,Male,mar 21,1,1,80
240,Leon,40,Female,mar 21,3,1,689
241,Monterrey,33,Female,mar 21,2,1,482
242,Guadalajara,36,Male,mar 21,1,0,163
243,Guadalajara,47,Female,mar 21,4,1,286
244,Monterrey,46,Male,mar 21,2,1,185
245,Guadalajara,33,Male,mar 21,4,1,369
246,Puebla,41,Male,mar 21,0,0,0
247,Puebla,26,Male,mar 21,0,0,0
248,Guadalajara,32,Male,mar 21,1,1,122
249,Guadalajara,50,Male,mar 21,0,0,0
250,Puebla,54,Male,mar 21,0,0,0
251,Puebla,42,Male,mar 21,2,1,323
252,Leon,55,Male,mar 21,0,0,0
253,Monterrey,33,Male,mar 21,2,1,274
254,Monterrey,32,Male,mar 21,1,1,290
255,Puebla,51,Male,mar 21,1,1,47
256,Guadalajara,26,Female,mar 21,2,1,548
257,Leon,43,Male,mar 21,0,0,0
258,Monterrey,33,Male,mar 21,4,1,742
259,Leon,43,Male,mar 21,2,1,291
260,Puebla,36,Male,mar 21,1,1,93
261,Puebla,46,Male,mar 21,2,0,140
262,Guadalajara,40,Female,mar 21,4,1,804
263,Guadalajara,26,Female,mar 21,0,0,0
264,Leon,39,Female,mar 21,0,0,0
265,Guadalajara,49,Male,mar 21,2,1,449
266,Leon,39,Female,mar 21,1,1,43
267,Monterrey,43,Male,mar 21,4,1,752
268,Leon,25,Female,mar 21,2,1,63
269,Guadalajara,35,Female,mar 21,1,1,168
270,Leon,34,Female,mar 21,2,1,105
271,Monterrey,25,Female,mar 21,0,0,0
272,Leon,42,Male,mar 21,3,1,356
273,Leon,34,Female,mar 21,1,1,270
274,Guadalajara,33,Female,mar 21,2,1,59
275,Puebla,26,Male,mar 21,3,1,180
276,Monterrey,48,Male,mar 21,3,1,592
277,Puebla,34,Female,mar 21,3,0,657
278,Leon,20,Female,mar 21,1,1,271
279,Leon,41,Male,mar 21,2,1,432
280,Leon,42,Female,mar 21,3,1,335
281,Leon,33,Female,mar 21,2,1,468
282,Guadalajara,47,Male,mar 21,4,1,681
283,Guadalajara,29,Female,mar 21,4,1,730
284,Guadalajara,25,Female,mar 21,2,1,116
285,Guadalajara,30,Male,mar 21,3,1,477
286,Puebla,43,Male,mar 21,4,1,740
287,Guadalajara,33,Male,mar 21,4,1,77
288,Puebla,36,Male,mar 21,1,1,203
289,Guadalajara,27,Female,mar 21,1,1,25
290,Guadalajara,54,Male,mar 21,2,1,168
291,Guadalajara,33,Male,mar 21,2,1,202
292,Puebla,22,Female,mar 21,2,1,81
293,Monterrey,48,Male,mar 21,0,0,0
294,Monterrey,46,Male,mar 21,0,0,0
295,Guadalajara,44,Male,mar 21,3,1,607
296,Leon,27,Male,mar 21,2,1,557
297,Leon,20,Female,mar 21,2,1,317
298,Leon,35,Female,mar 21,3,1,568
299,Leon,25,Female,mar 21,2,1,167
300,Guadalajara,52,Male,mar 21,2,1,73
301,Guadalajara,50,Male,mar 21,1,1,26
302,Guadalajara,40,Male,mar 21,3,1,844
303,Puebla,33,Female,mar 21,2,1,472
304,Monterrey,44,Male,mar 21,3,1,515
305,Guadalajara,28,Female,mar 21,1,1,163
306,Leon,44,Male,mar 21,3,1,740
307,Puebla,20,Female,mar 21,2,1,448
308,Monterrey,38,Male,mar 21,3,1,168
309,Puebla,20,Female,mar 21,3,0,587
310,Monterrey,33,Male,mar 21,3,1,261
311,Leon,29,Male,mar 21,2,1,432
312,Puebla,39,Male,mar 21,3,1,316
313,Monterrey,48,Male,mar 21,1,1,137
314,Puebla,20,Female,mar 21,1,1,73
315,Guadalajara,25,Male,mar 21,3,1,672
316,Leon,34,Male,mar 21,3,1,604
317,Monterrey,25,Female,mar 21,1,1,49
318,Guadalajara,53,Male,mar 21,1,1,209
319,Leon,29,Male,mar 21,1,1,109
320,Monterrey,36,Female,mar 21,1,1,58
321,Guadalajara,37,Female,mar 21,2,1,359
322,Leon,41,Female,mar 21,2,1,127
323,Puebla,34,Male,mar 21,1,1,215
324,Guadalajara,23,Female,mar 21,1,0,47
325,Guadalajara,39,Male,mar 21,1,1,243
326,Monterrey,38,Female,mar 21,1,1,265
327,Leon,53,Male,mar 21,3,1,803
328,Leon,36,Male,mar 21,1,1,52
329,Leon,21,Female,mar 21,1,1,90
330,Leon,22,Female,mar 21,2,1,122
331,Monterrey,45,Male,mar 21,3,1,308
332,Puebla,36,Male,mar 21,1,1,298
333,Leon,38,Female,mar 21,3,0,235
334,Puebla,22,Female,mar 21,3,1,656
335,Puebla,41,Female,mar 21,1,1,33
336,Leon,53,Male,mar 21,2,1,401
337,Leon,50,Male,mar 21,3,1,753
338,Leon,34,Female,mar 21,2,0,248
339,Leon,41,Female,mar 21,3,1,469
340,Monterrey,37,Female,mar 21,3,1,603
341,Monterrey,48,Male,mar 21,2,1,501
342,Monterrey,33,Female,mar 21,2,0,103
343,Leon,23,Female,mar 21,3,1,303
344,Monterrey,48,Male,mar 21,1,1,131
345,Leon,50,Male,mar 21,2,1,119
346,Monterrey,32,Female,mar 21,1,1,148
347,Leon,38,Male,mar 21,2,1,160
348,Leon,53,Male,mar 21,3,1,413
349,Puebla,40,Male,mar 21,1,1,208
350,Leon,48,Male,mar 21,3,1,626
351,Monterrey,38,Female,mar 21,1,1,280
352,Leon,42,Female,mar 21,1,1,29
353,Monterrey,39,Male,mar 21,3,1,509
354,Leon,41,Female,mar 21,1,1,98
355,Puebla,39,Female,mar 21,1,0,102
356,Monterrey,35,Female,mar 21,2,1,363
357,Monterrey,42,Male,mar 21,2,1,545
358,Leon,34,Male,mar 21,3,1,348
359,Monterrey,31,Female,mar 21,2,1,214
360,Monterrey,34,Female,mar 21,2,1,240
361,Leon,36,Male,mar 21,2,1,32
362,Puebla,42,Male,mar 21,3,1,160
363,Puebla,32,Male,mar 21,2,1,520
364,Monterrey,53,Male,mar 21,2,1,217
365,Leon,53,Male,mar 21,3,1,342
366,Monterrey,53,Female,mar 21,2,1,324
367,Monterrey,53,Female,mar 21,3,1,382
368,Leon,38,Female,mar 21,1,1,25
369,Leon,36,Male,mar 21,3,1,761
370,Monterrey,23,Female,mar 21,1,1,25
371,Puebla,37,Male,mar 21,3,1,464
372,Monterrey,38,Female,mar 21,2,1,374
373,Monterrey,51,Male,mar 21,2,1,394
374,Puebla,35,Female,mar 21,2,1,311
375,Puebla,31,Female,mar 21,3,1,254
376,Monterrey,24,Female,mar 21,2,1,63
377,Monterrey,55,Female,mar 21,2,1,497
378,Puebla,37,Male,mar 21,2,1,62
379,Monterrey,49,Male,mar 21,1,1,182
380,Monterrey,28,Female,mar 21,3,1,331
381,Puebla,41,Female,mar 21,2,1,257
382,Monterrey,55,Male,mar 21,2,1,562
383,Monterrey,37,Male,mar 21,1,1,36
384,Monterrey,39,Male,mar 21,2,1,273
385,Monterrey,51,Female,mar 21,1,1,204
386,Puebla,35,Female,mar 21,2,1,289
387,Puebla,54,Female,mar 21,2,1,234
388,Puebla,58,Male,mar 21,1,1,135
389,Monterrey,29,Female,mar 21,1,1,31
390,Monterrey,42,Female,mar 21,3,1,93
391,Puebla,41,Male,mar 21,3,0,196
392,Monterrey,50,Male,mar 21,3,1,521
393,Puebla,33,Female,mar 21,2,1,295
394,Monterrey,29,Female,mar 21,2,1,306
395,Monterrey,33,Female,mar 21,2,1,529
396,Monterrey,50,Male,mar 21,1,1,109
397,Puebla,31,Female,mar 21,2,1,311
398,Puebla,54,Female,mar 21,2,1,562
399,Monterrey,50,Male,mar 21,3,1,259
400,Monterrey,48,Male,mar 21,3,1,254
401,Puebla,55,Male,mar 21,5,1,592
402,Monterrey,35,Female,mar 21,3,1,66
403,Puebla,40,Male,mar 21,7,1,1226
404,Puebla,24,Female,mar 21,2,1,159
405,Puebla,35,Female,mar 21,2,1,307
406,Monterrey,35,Female,mar 21,8,1,1015
407,Monterrey,48,Male,mar 21,8,1,1545
408,Puebla,56,Male,mar 21,0,0,0
409,Monterrey,42,Male,mar 21,0,0,0
410,Monterrey,35,Female,mar 21,3,0,831
411,Puebla,53,Female,mar 21,3,1,91
412,Puebla,58,Female,mar 21,6,1,1494
413,Puebla,26,Female,mar 21,0,0,0
414,Puebla,42,Male,mar 21,3,1,317
415,Monterrey,31,Female,mar 21,8,1,252
416,Puebla,46,Male,mar 21,7,1,276
417,Monterrey,44,Male,mar 21,3,1,543
418,Puebla,42,Female,mar 21,2,1,288
419,Puebla,40,Male,mar 21,2,1,458
420,Monterrey,50,Male,mar 21,7,1,575
421,Puebla,25,Female,mar 21,5,1,767
422,Monterrey,40,Female,mar 21,6,1,500
423,Monterrey,43,Male,mar 21,6,1,467
424,Monterrey,39,Male,mar 21,1,1,30
425,Monterrey,29,Female,mar 21,8,1,2036
426,Monterrey,35,Female,mar 21,4,1,92
427,Monterrey,52,Male,mar 21,3,1,64
428,Puebla,26,Female,mar 21,1,1,140
429,Puebla,37,Male,mar 21,8,1,291
430,Monterrey,33,Female,mar 21,2,1,456
431,Monterrey,32,Male,mar 21,1,1,225
432,Puebla,35,Female,mar 21,3,1,92
433,Monterrey,37,Female,mar 21,3,1,373
434,Monterrey,35,Male,mar 21,0,0,0
435,Monterrey,34,Male,mar 21,0,0,0
436,Puebla,40,Male,mar 21,3,1,898
437,Puebla,43,Male,mar 21,7,1,903
438,Puebla,30,Female,mar 21,1,1,176
439,Puebla,34,Male,mar 21,0,0,0
440,Monterrey,28,Female,mar 21,7,1,1809
441,Puebla,33,Female,mar 21,2,1,311
442,Puebla,36,Female,mar 21,4,1,725
443,Puebla,36,Female,mar 21,6,1,186
444,Monterrey,37,Male,mar 21,1,1,17
445,Monterrey,55,Male,mar 21,4,0,636
446,Puebla,30,Female,mar 21,7,1,1386
447,Puebla,46,Male,mar 21,5,1,1225
448,Monterrey,34,Male,mar 21,6,0,1145
449,Puebla,32,Male,mar 21,3,1,49
450,Puebla,39,Female,mar 21,4,1,1119
451,Monterrey,37,Female,mar 21,5,1,712
452,Puebla,50,Male,mar 21,8,1,2096
453,Monterrey,28,Female,mar 21,3,1,340
454,Monterrey,39,Female,mar 21,3,0,73
455,Puebla,50,Female,mar 21,6,1,636
456,Monterrey,47,Male,mar 21,1,1,114
457,Puebla,50,Male,mar 21,1,1,83
458,Puebla,25,Female,mar 21,1,1,82
459,Monterrey,26,Female,mar 21,3,1,614
460,Puebla,51,Male,mar 21,6,1,1639
461,Monterrey,27,Male,mar 21,6,1,1094
462,Puebla,31,Female,mar 21,6,1,650
463,Monterrey,53,Male,mar 21,2,1,160
464,Puebla,30,Female,mar 21,1,1,171
465,Puebla,34,Female,mar 21,8,0,1388
466,Monterrey,42,Female,mar 21,6,1,1093
467,Puebla,28,Female,mar 21,4,1,1027
468,Puebla,39,Male,mar 21,6,0,1191
469,Puebla,29,Male,mar 21,5,1,872
470,Puebla,47,Male,mar 21,4,1,420
471,Monterrey,40,Female,mar 21,0,0,0
472,Monterrey,57,Male,mar 21,6,1,887
473,Monterrey,36,Female,mar 21,7,1,1697
474,Monterrey,50,Female,mar 21,4,1,815
475,Puebla,28,Female,mar 21,1,1,281
476,Puebla,25,Female,mar 21,1,1,224
477,Monterrey,52,Female,mar 21,7,1,1411
478,Puebla,34,Female,mar 21,5,1,630
479,Monterrey,41,Female,mar 21,0,0,0
480,Puebla,49,Female,mar 21,1,1,41
481,Puebla,34,Female,mar 21,8,1,809
482,Puebla,33,Female,mar 21,6,1,760
483,Monterrey,42,Female,mar 21,3,1,432
484,Monterrey,38,Female,mar 21,1,1,71
485,Monterrey,36,Male,mar 21,6,1,661
486,Puebla,34,Male,mar 21,4,1,367
487,Monterrey,36,Male,mar 21,4,1,461
488,Puebla,52,Male,mar 21,8,1,967
489,Monterrey,43,Male,mar 21,6,1,408
490,Puebla,27,Female,mar 21,5,0,583
491,Monterrey,48,Male,mar 21,3,1,273
492,Monterrey,27,Female,mar 21,4,1,422
493,Monterrey,44,Male,mar 21,3,1,60
494,Puebla,49,Male,mar 21,0,0,0
495,Monterrey,43,Male,mar 21,5,1,562
496,Monterrey,40,Female,mar 21,6,0,1080
497,Monterrey,37,Male,mar 21,1,1,102
498,Puebla,50,Male,mar 21,4,1,874
499,Monterrey,39,Male,mar 21,2,0,244
500,Puebla,42,Male,mar 21,8,1,2189
1,Guadalajara,33,Male,Apr 21,2,1,421
2,Guadalajara,23,Female,Apr 21,3,1,770
3,Monterrey,23,Female,Apr 21,1,1,107
4,Leon,24,Female,Apr 21,3,1,619
5,Puebla,46,Male,Apr 21,3,1,623
6,Guadalajara,35,Female,Apr 21,3,0,784
7,Guadalajara,36,Male,Apr 21,2,1,132
8,Guadalajara,63,Female,Apr 21,3,1,768
9,Puebla,53,Male,Apr 21,3,1,513
10,Guadalajara,41,Male,Apr 21,2,1,133
11,Leon,47,Male,Apr 21,2,1,66
12,Puebla,63,Female,Apr 21,1,1,74
13,Leon,43,Male,Apr 21,2,1,75
14,Puebla,38,Male,Apr 21,3,1,357
15,Guadalajara,43,Male,Apr 21,1,1,281
16,Guadalajara,53,Male,Apr 21,1,1,97
17,Monterrey,24,Female,Apr 21,3,1,240
18,Guadalajara,43,Male,Apr 21,1,1,275
19,Leon,47,Male,Apr 21,3,1,160
20,Guadalajara,42,Male,Apr 21,1,1,112
21,Monterrey,31,Female,Apr 21,1,0,110
22,Guadalajara,38,Male,Apr 21,2,1,534
23,Leon,35,Female,Apr 21,1,1,45
24,Guadalajara,64,Female,Apr 21,3,1,519
25,Leon,42,Male,Apr 21,2,1,47
26,Puebla,28,Female,Apr 21,3,1,377
27,Leon,35,Female,Apr 21,1,1,266
28,Monterrey,61,Female,Apr 21,1,1,21
29,Monterrey,39,Male,Apr 21,1,1,193
30,Guadalajara,32,Female,Apr 21,2,1,69
31,Guadalajara,40,Female,Apr 21,2,1,298
32,Guadalajara,42,Female,Apr 21,3,1,600
33,Guadalajara,49,Male,Apr 21,3,0,355
34,Leon,29,Female,Apr 21,3,1,249
35,Leon,38,Female,Apr 21,2,1,331
36,Monterrey,31,Female,Apr 21,1,1,160
37,Leon,62,Female,Apr 21,2,1,465
38,Monterrey,47,Male,Apr 21,1,1,146
39,Guadalajara,25,Male,Apr 21,3,1,645
40,Guadalajara,40,Male,Apr 21,1,1,284
41,Monterrey,27,Female,Apr 21,3,0,352
42,Leon,46,Male,Apr 21,1,1,172
43,Puebla,37,Female,Apr 21,3,1,168
44,Monterrey,41,Male,Apr 21,1,1,128
45,Monterrey,61,Female,Apr 21,1,1,234
46,Puebla,40,Female,Apr 21,1,1,148
47,Guadalajara,40,Male,Apr 21,1,1,253
48,Guadalajara,62,Female,Apr 21,1,0,266
49,Puebla,25,Female,Apr 21,2,1,36
50,Monterrey,49,Male,Apr 21,2,1,584
51,Leon,25,Female,Apr 21,1,1,264
52,Monterrey,28,Female,Apr 21,2,1,522
53,Guadalajara,25,Female,Apr 21,1,1,54
54,Guadalajara,33,Female,Apr 21,1,1,228
55,Leon,32,Male,Apr 21,1,1,45
56,Puebla,55,Male,Apr 21,3,1,473
57,Guadalajara,36,Female,Apr 21,1,1,273
58,Leon,42,Male,Apr 21,3,1,674
59,Monterrey,37,Male,Apr 21,3,1,763
60,Puebla,35,Male,Apr 21,3,1,184
61,Monterrey,36,Female,Apr 21,1,1,295
62,Leon,25,Female,Apr 21,2,1,148
63,Guadalajara,41,Male,Apr 21,1,1,31
64,Puebla,34,Female,Apr 21,2,1,224
65,Leon,65,Female,Apr 21,2,1,313
66,Leon,35,Male,Apr 21,3,1,530
67,Guadalajara,65,Female,Apr 21,2,1,393
68,Monterrey,34,Male,Apr 21,2,1,365
69,Monterrey,32,Male,Apr 21,3,1,760
70,Leon,25,Female,Apr 21,1,1,156
71,Leon,65,Female,Apr 21,2,1,44
72,Guadalajara,40,Male,Apr 21,2,1,102
73,Puebla,28,Female,Apr 21,1,1,256
74,Monterrey,29,Female,Apr 21,3,1,400
75,Monterrey,39,Male,Apr 21,3,1,69
76,Leon,39,Female,Apr 21,2,1,461
77,Guadalajara,37,Female,Apr 21,1,1,263
78,Monterrey,38,Male,Apr 21,3,1,550
79,Leon,37,Male,Apr 21,2,1,421
80,Puebla,39,Female,Apr 21,2,1,536
81,Puebla,20,Male,Apr 21,1,1,54
82,Monterrey,54,Male,Apr 21,2,1,557
83,Puebla,41,Male,Apr 21,1,1,29
84,Puebla,65,Female,Apr 21,3,0,280
85,Puebla,36,Male,Apr 21,2,1,396
86,Puebla,26,Female,Apr 21,2,1,194
87,Puebla,48,Male,Apr 21,3,1,316
88,Guadalajara,36,Female,Apr 21,3,1,523
89,Leon,64,Female,Apr 21,1,1,223
90,Puebla,50,Male,Apr 21,2,1,271
91,Leon,37,Female,Apr 21,3,0,92
92,Monterrey,29,Female,Apr 21,1,1,272
93,Puebla,25,Female,Apr 21,2,1,598
94,Guadalajara,65,Female,Apr 21,1,1,97
95,Monterrey,36,Female,Apr 21,1,0,77
96,Leon,33,Male,Apr 21,1,1,127
97,Monterrey,32,Male,Apr 21,3,1,721
98,Leon,26,Female,Apr 21,2,1,541
99,Leon,32,Male,Apr 21,1,0,48
100,Guadalajara,23,Female,Apr 21,7,1,1117
101,Monterrey,23,Female,Apr 21,5,1,729
102,Leon,53,Male,Apr 21,5,1,636
103,Leon,39,Male,Apr 21,7,1,558
104,Puebla,26,Female,Apr 21,6,1,1779
105,Monterrey,45,Male,Apr 21,4,1,703
106,Guadalajara,38,Male,Apr 21,4,1,910
107,Puebla,40,Male,Apr 21,7,1,1411
108,Puebla,54,Female,Apr 21,7,1,2084
109,Leon,50,Male,Apr 21,7,1,1485
110,Leon,47,Male,Apr 21,5,1,515
111,Guadalajara,46,Female,Apr 21,5,1,667
112,Monterrey,41,Female,Apr 21,6,1,186
113,Monterrey,33,Female,Apr 21,7,1,483
114,Monterrey,37,Male,Apr 21,6,1,551
115,Puebla,24,Female,Apr 21,5,1,1435
116,Guadalajara,37,Male,Apr 21,7,1,628
117,Guadalajara,49,Male,Apr 21,6,1,873
118,Guadalajara,41,Male,Apr 21,4,1,123
119,Leon,20,Female,Apr 21,5,1,408
120,Guadalajara,39,Female,Apr 21,7,1,989
121,Monterrey,42,Female,Apr 21,7,1,2043
122,Leon,20,Female,Apr 21,6,1,1069
123,Monterrey,38,Male,Apr 21,4,1,112
124,Leon,41,Female,Apr 21,5,1,874
125,Puebla,40,Male,Apr 21,5,1,793
126,Guadalajara,52,Male,Apr 21,4,1,1139
127,Monterrey,32,Male,Apr 21,6,1,657
128,Leon,34,Male,Apr 21,2,1,493
129,Monterrey,32,Male,Apr 21,4,0,218
130,Leon,38,Male,Apr 21,2,1,424
131,Monterrey,38,Male,Apr 21,0,0,0
132,Puebla,44,Male,Apr 21,2,1,457
133,Leon,29,Male,Apr 21,1,1,101
134,Guadalajara,49,Male,Apr 21,3,1,520
135,Puebla,48,Male,Apr 21,3,1,114
136,Puebla,48,Male,Apr 21,2,1,60
137,Guadalajara,33,Male,Apr 21,1,1,167
138,Puebla,38,Male,Apr 21,2,1,577
139,Monterrey,36,Male,Apr 21,4,1,982
140,Puebla,37,Male,Apr 21,0,0,0
141,Puebla,48,Male,Apr 21,3,1,662
142,Guadalajara,36,Male,Apr 21,2,1,286
143,Puebla,48,Male,Apr 21,0,0,0
144,Guadalajara,34,Male,Apr 21,0,0,0
145,Leon,32,Male,Apr 21,4,1,110
146,Leon,39,Male,Apr 21,3,1,790
147,Monterrey,51,Male,Apr 21,2,1,259
148,Leon,52,Male,Apr 21,1,1,118
149,Monterrey,32,Male,Apr 21,3,1,124
150,Puebla,54,Male,Apr 21,4,1,413
151,Monterrey,38,Male,Apr 21,3,1,413
152,Puebla,38,Female,Apr 21,2,1,573
153,Monterrey,31,Female,Apr 21,1,1,115
154,Guadalajara,33,Female,Apr 21,2,1,173
155,Puebla,21,Female,Apr 21,3,1,898
156,Monterrey,31,Female,Apr 21,3,1,770
157,Guadalajara,38,Female,Apr 21,3,1,484
158,Leon,21,Female,Apr 21,4,1,247
159,Monterrey,30,Female,Apr 21,2,1,105
160,Puebla,40,Female,Apr 21,1,1,223
161,Guadalajara,42,Female,Apr 21,1,1,102
162,Puebla,31,Female,Apr 21,4,1,950
163,Monterrey,36,Female,Apr 21,2,1,544
164,Guadalajara,35,Male,Apr 21,4,1,357
165,Guadalajara,39,Male,Apr 21,0,0,0
166,Guadalajara,42,Male,Apr 21,2,1,548
167,Leon,35,Female,Apr 21,2,1,66
168,Puebla,27,Female,Apr 21,3,1,479
169,Monterrey,27,Female,Apr 21,0,0,0
170,Leon,24,Female,Apr 21,3,1,196
171,Monterrey,38,Male,Apr 21,1,1,44
172,Monterrey,45,Male,Apr 21,0,0,0
173,Leon,20,Female,Apr 21,2,1,536
174,Puebla,40,Male,Apr 21,4,1,448
175,Puebla,29,Female,Apr 21,3,1,297
176,Guadalajara,29,Female,Apr 21,2,1,64
177,Leon,39,Male,Apr 21,4,1,193
178,Leon,37,Female,Apr 21,4,1,195
179,Monterrey,49,Male,Apr 21,2,1,463
180,Puebla,51,Male,Apr 21,2,1,390
181,Leon,53,Male,Apr 21,1,1,163
182,Leon,30,Female,Apr 21,1,1,266
183,Leon,48,Male,Apr 21,0,0,0
184,Monterrey,43,Male,Apr 21,4,1,426
185,Guadalajara,35,Female,Apr 21,1,1,192
186,Guadalajara,25,Male,Apr 21,0,0,0
187,Puebla,40,Female,Apr 21,4,1,324
188,Puebla,53,Male,Apr 21,0,0,0
189,Guadalajara,41,Female,Apr 21,4,1,365
190,Monterrey,52,Male,Apr 21,3,1,207
191,Guadalajara,44,Female,Apr 21,4,1,188
192,Guadalajara,40,Male,Apr 21,0,0,0
193,Leon,36,Female,Apr 21,0,0,0
194,Leon,33,Male,Apr 21,1,0,157
195,Puebla,47,Male,Apr 21,3,1,618
196,Puebla,21,Female,Apr 21,1,0,268
197,Leon,32,Male,Apr 21,4,1,1071
198,Puebla,26,Female,Apr 21,1,1,65
199,Leon,34,Female,Apr 21,0,0,0
200,Guadalajara,42,Female,Apr 21,1,0,17
201,Leon,20,Female,Apr 21,3,1,300
202,Guadalajara,41,Female,Apr 21,3,1,327
203,Monterrey,48,Male,Apr 21,3,1,283
204,Puebla,43,Male,Apr 21,2,1,288
205,Leon,39,Male,Apr 21,2,1,497
206,Monterrey,50,Female,Apr 21,2,1,41
207,Puebla,35,Male,Apr 21,4,1,907
208,Monterrey,26,Female,Apr 21,1,1,199
209,Guadalajara,46,Male,Apr 21,0,0,0
210,Puebla,23,Male,Apr 21,0,0,0
211,Guadalajara,47,Male,Apr 21,2,1,422
212,Puebla,20,Female,Apr 21,1,1,15
213,Leon,33,Male,Apr 21,3,1,610
214,Guadalajara,23,Female,Apr 21,1,0,92
215,Puebla,26,Female,Apr 21,2,0,567
216,Guadalajara,39,Female,Apr 21,0,0,0
217,Puebla,37,Female,Apr 21,0,0,0
218,Guadalajara,24,Female,Apr 21,4,1,117
219,Guadalajara,33,Female,Apr 21,2,1,487
220,Leon,34,Female,Apr 21,4,1,390
221,Puebla,29,Male,Apr 21,1,1,58
222,Monterrey,37,Male,Apr 21,0,0,0
223,Monterrey,23,Female,Apr 21,3,1,556
224,Leon,35,Male,Apr 21,1,1,275
225,Monterrey,54,Male,Apr 21,3,1,816
226,Monterrey,46,Male,Apr 21,2,1,48
227,Leon,35,Male,Apr 21,2,1,104
228,Leon,20,Female,Apr 21,4,1,716
229,Monterrey,30,Male,Apr 21,4,0,960
230,Puebla,52,Male,Apr 21,3,1,135
231,Puebla,24,Female,Apr 21,2,1,422
232,Leon,30,Female,Apr 21,3,0,730
233,Leon,23,Female,Apr 21,0,0,0
234,Monterrey,30,Female,Apr 21,2,1,252
235,Monterrey,51,Male,Apr 21,4,1,898
236,Guadalajara,43,Female,Apr 21,0,0,0
237,Monterrey,42,Male,Apr 21,1,1,187
238,Guadalajara,46,Male,Apr 21,4,1,176
239,Monterrey,49,Male,Apr 21,0,0,0
240,Leon,40,Female,Apr 21,2,1,496
241,Monterrey,33,Female,Apr 21,1,1,130
242,Guadalajara,36,Male,Apr 21,2,1,444
243,Guadalajara,47,Female,Apr 21,3,0,403
244,Monterrey,46,Male,Apr 21,1,1,193
245,Guadalajara,33,Male,Apr 21,0,0,0
246,Puebla,41,Male,Apr 21,2,1,527
247,Puebla,26,Male,Apr 21,2,1,553
248,Guadalajara,32,Male,Apr 21,1,1,196
249,Guadalajara,50,Male,Apr 21,1,1,134
250,Puebla,54,Male,Apr 21,3,1,190
251,Puebla,42,Male,Apr 21,2,1,460
252,Leon,55,Male,Apr 21,0,0,0
253,Monterrey,33,Male,Apr 21,3,1,137
254,Monterrey,32,Male,Apr 21,3,0,516
255,Puebla,51,Male,Apr 21,2,1,314
256,Guadalajara,26,Female,Apr 21,0,0,0
257,Leon,43,Male,Apr 21,0,0,0
258,Monterrey,33,Male,Apr 21,1,1,262
259,Leon,43,Male,Apr 21,4,1,305
260,Puebla,36,Male,Apr 21,1,1,57
261,Puebla,46,Male,Apr 21,0,0,0
262,Guadalajara,40,Female,Apr 21,3,1,627
263,Guadalajara,26,Female,Apr 21,3,1,572
264,Leon,39,Female,Apr 21,1,1,65
265,Guadalajara,49,Male,Apr 21,3,1,296
266,Leon,39,Female,Apr 21,2,1,541
267,Monterrey,43,Male,Apr 21,4,1,922
268,Leon,25,Female,Apr 21,4,1,754
269,Guadalajara,35,Female,Apr 21,3,0,350
270,Leon,34,Female,Apr 21,3,0,655
271,Monterrey,25,Female,Apr 21,4,1,440
272,Leon,42,Male,Apr 21,4,1,1022
273,Leon,34,Female,Apr 21,3,1,589
274,Guadalajara,33,Female,Apr 21,2,1,399
275,Puebla,26,Male,Apr 21,4,1,781
276,Monterrey,48,Male,Apr 21,2,1,207
277,Puebla,34,Female,Apr 21,1,1,35
278,Leon,20,Female,Apr 21,1,1,269
279,Leon,41,Male,Apr 21,3,1,305
280,Leon,42,Female,Apr 21,3,1,521
281,Leon,33,Female,Apr 21,1,1,271
282,Guadalajara,47,Male,Apr 21,5,1,807
283,Guadalajara,29,Female,Apr 21,6,1,124
284,Guadalajara,25,Female,Apr 21,6,1,1691
285,Guadalajara,30,Male,Apr 21,3,1,466
286,Puebla,43,Male,Apr 21,6,1,1223
287,Guadalajara,33,Male,Apr 21,6,1,747
288,Puebla,36,Male,Apr 21,6,1,369
289,Guadalajara,27,Female,Apr 21,4,1,1180
290,Guadalajara,54,Male,Apr 21,2,1,320
291,Guadalajara,33,Male,Apr 21,3,1,442
292,Puebla,22,Female,Apr 21,6,1,805
293,Monterrey,48,Male,Apr 21,3,1,298
294,Monterrey,46,Male,Apr 21,6,1,594
295,Guadalajara,44,Male,Apr 21,3,1,302
296,Leon,27,Male,Apr 21,4,1,1192
297,Leon,20,Female,Apr 21,2,0,431
298,Leon,35,Female,Apr 21,4,1,288
299,Leon,25,Female,Apr 21,6,1,1521
300,Guadalajara,52,Male,Apr 21,4,1,886
301,Guadalajara,50,Male,Apr 21,2,1,557
302,Guadalajara,40,Male,Apr 21,4,1,131
303,Puebla,33,Female,Apr 21,2,1,186
304,Monterrey,44,Male,Apr 21,5,1,260
305,Guadalajara,28,Female,Apr 21,2,1,265
306,Leon,44,Male,Apr 21,5,1,833
307,Puebla,20,Female,Apr 21,3,1,681
308,Monterrey,38,Male,Apr 21,2,1,239
309,Puebla,20,Female,Apr 21,3,1,889
310,Monterrey,33,Male,Apr 21,2,1,564
311,Leon,29,Male,Apr 21,6,1,791
312,Puebla,39,Male,Apr 21,3,0,309
313,Monterrey,48,Male,Apr 21,5,1,358
314,Puebla,20,Female,Apr 21,4,0,1168
315,Guadalajara,25,Male,Apr 21,6,1,1026
316,Leon,34,Male,Apr 21,4,1,910
317,Monterrey,25,Female,Apr 21,6,1,294
318,Guadalajara,53,Male,Apr 21,6,1,937
319,Leon,29,Male,Apr 21,4,1,368
320,Monterrey,36,Female,Apr 21,4,1,1054
321,Guadalajara,37,Female,Apr 21,5,1,1214
322,Leon,41,Female,Apr 21,6,1,584
323,Puebla,34,Male,Apr 21,2,1,204
324,Guadalajara,23,Female,Apr 21,5,1,988
325,Guadalajara,39,Male,Apr 21,4,1,1065
326,Monterrey,38,Female,Apr 21,4,1,474
327,Leon,53,Male,Apr 21,3,1,657
328,Leon,36,Male,Apr 21,5,1,1271
329,Leon,21,Female,Apr 21,2,1,422
330,Leon,22,Female,Apr 21,6,1,482
331,Monterrey,45,Male,Apr 21,3,1,246
332,Puebla,36,Male,Apr 21,6,1,1045
333,Leon,38,Female,Apr 21,6,1,104
334,Puebla,22,Female,Apr 21,2,1,490
335,Puebla,41,Female,Apr 21,6,1,1190
336,Leon,53,Male,Apr 21,5,1,1276
337,Leon,50,Male,Apr 21,5,1,282
338,Leon,34,Female,Apr 21,3,0,557
339,Leon,41,Female,Apr 21,2,1,450
340,Monterrey,37,Female,Apr 21,3,1,571
341,Monterrey,48,Male,Apr 21,3,0,610
342,Monterrey,33,Female,Apr 21,5,1,775
343,Leon,23,Female,Apr 21,3,1,201
344,Monterrey,48,Male,Apr 21,6,1,975
345,Leon,50,Male,Apr 21,6,1,449
346,Monterrey,32,Female,Apr 21,6,0,456
347,Leon,38,Male,Apr 21,5,1,713
348,Leon,53,Male,Apr 21,6,0,95
349,Puebla,40,Male,Apr 21,6,1,261
350,Leon,48,Male,Apr 21,5,1,717
351,Monterrey,38,Female,Apr 21,5,1,1100
352,Leon,42,Female,Apr 21,5,1,211
353,Monterrey,39,Male,Apr 21,4,1,495
354,Leon,41,Female,Apr 21,6,1,208
355,Puebla,39,Female,Apr 21,4,1,107
356,Monterrey,35,Female,Apr 21,4,0,417
357,Monterrey,42,Male,Apr 21,6,1,999
358,Leon,34,Male,Apr 21,3,0,519
359,Monterrey,31,Female,Apr 21,2,1,574
360,Monterrey,34,Female,Apr 21,6,1,311
361,Leon,36,Male,Apr 21,5,1,505
362,Puebla,42,Male,Apr 21,6,1,651
363,Puebla,32,Male,Apr 21,4,1,104
364,Monterrey,53,Male,Apr 21,2,1,240
365,Leon,53,Male,Apr 21,2,1,515
366,Monterrey,53,Female,Apr 21,4,1,1189
367,Monterrey,53,Female,Apr 21,3,1,230
368,Leon,38,Female,Apr 21,6,0,359
369,Leon,36,Male,Apr 21,3,1,782
370,Monterrey,23,Female,Apr 21,6,1,1114
371,Puebla,37,Male,Apr 21,2,1,371
372,Monterrey,38,Female,Apr 21,5,1,1113
373,Monterrey,51,Male,Apr 21,2,1,155
374,Puebla,35,Female,Apr 21,2,1,79
375,Puebla,31,Female,Apr 21,4,1,738
376,Monterrey,24,Female,Apr 21,2,1,395
377,Monterrey,55,Female,Apr 21,5,1,638
378,Puebla,37,Male,Apr 21,6,0,1616
379,Monterrey,49,Male,Apr 21,3,1,576
380,Monterrey,28,Female,Apr 21,3,1,305
381,Puebla,41,Female,Apr 21,3,1,179
382,Monterrey,55,Male,Apr 21,3,0,749
383,Monterrey,37,Male,Apr 21,6,1,130
384,Monterrey,39,Male,Apr 21,6,1,105
385,Monterrey,51,Female,Apr 21,5,1,973
386,Puebla,35,Female,Apr 21,2,1,554
387,Puebla,54,Female,Apr 21,5,1,911
388,Puebla,58,Male,Apr 21,4,1,1178
389,Monterrey,29,Female,Apr 21,3,1,576
390,Monterrey,42,Female,Apr 21,5,1,677
391,Puebla,41,Male,Apr 21,3,1,67
392,Monterrey,50,Male,Apr 21,5,1,1066
393,Puebla,33,Female,Apr 21,6,1,389
394,Monterrey,29,Female,Apr 21,3,0,209
395,Monterrey,33,Female,Apr 21,6,1,245
396,Monterrey,50,Male,Apr 21,6,1,944
397,Puebla,31,Female,Apr 21,5,1,529
398,Puebla,54,Female,Apr 21,4,0,1008
399,Monterrey,50,Male,Apr 21,2,1,193
400,Monterrey,48,Male,Apr 21,3,1,485
401,Puebla,55,Male,Apr 21,2,0,276
402,Monterrey,35,Female,Apr 21,5,1,642
403,Puebla,40,Male,Apr 21,1,1,242
404,Puebla,24,Female,Apr 21,0,0,0
405,Puebla,35,Female,Apr 21,1,0,265
406,Monterrey,35,Female,Apr 21,0,0,0
407,Monterrey,48,Male,Apr 21,1,1,145
408,Puebla,56,Male,Apr 21,1,1,56
409,Monterrey,42,Male,Apr 21,2,0,497
410,Monterrey,35,Female,Apr 21,3,1,567
411,Puebla,53,Female,Apr 21,1,1,128
412,Puebla,58,Female,Apr 21,0,0,0
413,Puebla,26,Female,Apr 21,2,1,42
414,Puebla,42,Male,Apr 21,2,1,158
415,Monterrey,31,Female,Apr 21,0,0,0
416,Puebla,46,Male,Apr 21,2,1,136
417,Monterrey,44,Male,Apr 21,0,0,0
418,Puebla,42,Female,Apr 21,2,1,31
419,Puebla,40,Male,Apr 21,0,0,0
420,Monterrey,50,Male,Apr 21,3,1,184
421,Puebla,25,Female,Apr 21,3,1,570
422,Monterrey,40,Female,Apr 21,1,1,273
423,Monterrey,43,Male,Apr 21,1,1,295
424,Monterrey,39,Male,Apr 21,0,0,0
425,Monterrey,29,Female,Apr 21,0,0,0
426,Monterrey,35,Female,Apr 21,2,1,485
427,Monterrey,52,Male,Apr 21,1,1,297
428,Puebla,26,Female,Apr 21,0,0,0
429,Puebla,37,Male,Apr 21,2,0,44
430,Monterrey,33,Female,Apr 21,3,1,829
431,Monterrey,32,Male,Apr 21,2,1,50
432,Puebla,35,Female,Apr 21,2,1,307
433,Monterrey,37,Female,Apr 21,3,1,209
434,Monterrey,35,Male,Apr 21,2,1,261
435,Monterrey,34,Male,Apr 21,3,1,62
436,Puebla,40,Male,Apr 21,1,1,28
437,Puebla,43,Male,Apr 21,3,1,691
438,Puebla,30,Female,Apr 21,2,1,139
439,Puebla,34,Male,Apr 21,2,1,521
440,Monterrey,28,Female,Apr 21,0,0,0
441,Puebla,33,Female,Apr 21,1,1,60
442,Puebla,36,Female,Apr 21,3,1,795
443,Puebla,36,Female,Apr 21,0,0,0
444,Monterrey,37,Male,Apr 21,1,0,116
445,Monterrey,55,Male,Apr 21,1,1,124
446,Puebla,30,Female,Apr 21,2,1,224
447,Puebla,46,Male,Apr 21,0,0,0
448,Monterrey,34,Male,Apr 21,1,1,17
449,Puebla,32,Male,Apr 21,3,1,656
450,Puebla,39,Female,Apr 21,0,0,0
451,Monterrey,37,Female,Apr 21,3,1,76
452,Puebla,50,Male,Apr 21,1,1,288
453,Monterrey,28,Female,Apr 21,0,0,0
454,Monterrey,39,Female,Apr 21,3,1,612
455,Puebla,50,Female,Apr 21,3,1,798
456,Monterrey,47,Male,Apr 21,0,0,0
457,Puebla,50,Male,Apr 21,0,0,0
458,Puebla,25,Female,Apr 21,1,1,48
459,Monterrey,26,Female,Apr 21,2,1,392
460,Puebla,51,Male,Apr 21,0,0,0
461,Monterrey,27,Male,Apr 21,3,1,300
462,Puebla,31,Female,Apr 21,1,1,130
463,Monterrey,53,Male,Apr 21,1,1,264
464,Puebla,30,Female,Apr 21,1,1,180
465,Puebla,34,Female,Apr 21,2,1,519
466,Monterrey,42,Female,Apr 21,0,0,0
467,Puebla,28,Female,Apr 21,3,1,165
468,Puebla,39,Male,Apr 21,1,1,158
469,Puebla,29,Male,Apr 21,3,1,73
470,Puebla,47,Male,Apr 21,0,0,0
471,Monterrey,40,Female,Apr 21,0,0,0
472,Monterrey,57,Male,Apr 21,1,1,228
473,Monterrey,36,Female,Apr 21,0,0,0
474,Monterrey,50,Female,Apr 21,0,0,0
475,Puebla,28,Female,Apr 21,1,1,288
476,Puebla,25,Female,Apr 21,2,1,338
477,Monterrey,52,Female,Apr 21,1,1,122
478,Puebla,34,Female,Apr 21,2,1,396
479,Monterrey,41,Female,Apr 21,1,0,245
480,Puebla,49,Female,Apr 21,3,1,792
481,Puebla,34,Female,Apr 21,0,0,0
482,Puebla,33,Female,Apr 21,0,0,0
483,Monterrey,42,Female,Apr 21,1,1,229
484,Monterrey,38,Female,Apr 21,1,1,173
485,Monterrey,36,Male,Apr 21,0,0,0
486,Puebla,34,Male,Apr 21,2,1,258
487,Monterrey,36,Male,Apr 21,1,1,266
488,Puebla,52,Male,Apr 21,3,1,305
489,Monterrey,43,Male,Apr 21,2,1,184
490,Puebla,27,Female,Apr 21,2,1,294
491,Monterrey,48,Male,Apr 21,2,1,250
492,Monterrey,27,Female,Apr 21,1,0,233
493,Monterrey,44,Male,Apr 21,0,0,0
494,Puebla,49,Male,Apr 21,3,1,667
495,Monterrey,43,Male,Apr 21,1,1,170
496,Monterrey,40,Female,Apr 21,2,1,176
497,Monterrey,37,Male,Apr 21,3,1,567
498,Puebla,50,Male,Apr 21,2,0,415
499,Monterrey,39,Male,Apr 21,3,1,701
500,Puebla,42,Male,Apr 21,1,1,184